stock_code,firm_name,industry,year,theta,Size,Lev,Growth,Age,First,Indep,Capital,SOE,ROA,TobinQ,TFP_LP,list_year
601259,新联能份,C39,2015,0.9469871055951864,21.048246712262465,0.79462923838408,-0.031404963519512274,2.70805020110221,0.17820962035849297,0.3027653662628675,2.7139766894391095,0,4.502274790430382,1.9998931373116946,6.293222722301496,2001
601259,新联能份,C39,2016,1.3515842798942346,21.063391952707434,0.32759515314538507,-0.3420452368455539,2.772588722239781,0.47961682856111176,0.417185027288849,1.4321424289100957,0,11.190563255415821,1.869102721810333,6.429991172994995,2001
601259,新联能份,C39,2017,1.4242687857788294,21.306978529820153,0.5577634508648105,0.2542058784936266,2.833213344056216,0.43569310752519985,0.4364820685322787,2.3254488394299884,0,8.68186110587914,2.401741230788487,6.58184220763583,2001
601259,新联能份,C39,2018,1.5772243814357263,21.433547167292073,0.5670139959774434,0.1639120382590407,2.8903717578961645,0.1872791211405448,0.3102338712084225,1.8632434653573064,0,9.092021059178546,4.868514215609561,6.557147366428256,2001
601259,新联能份,C39,2019,1.9271034640089426,21.327150812060097,0.4500317266470413,0.3400355916438651,2.9444389791664403,0.3954783943943153,0.4182145560463486,0.846699054697035,0,13.965582617626959,2.5799769136181494,6.622559211296356,2001
601259,新联能份,C39,2020,2.120521461881934,21.385012346566498,0.46853907654956184,0.21349550483368224,2.995732273553991,0.09696861754865382,0.3692708522372418,2.9890517621048507,0,11.773858528534237,3.9833873964926054,6.860080622212389,2001
601259,新联能份,C39,2021,2.0314158476136033,21.45931666285828,0.45078119283624946,-0.5493768971130557,3.044522437723423,0.21877813208446253,0.4405341493867454,2.604668979638001,0,12.208008095683105,3.20290047763206,6.485108088986562,2001
601259,新联能份,C39,2022,1.745783786381409,21.43201074522707,0.16223022179995314,-0.12083361508115922,3.091042453358316,0.3127322127933022,0.447164830631793,3.0704888750082002,0,9.904082822151208,3.964197020230235,6.650894069458727,2001
601259,新联能份,C39,2023,2.0172935630389963,21.570949595116392,0.4202296394079723,0.15361288433320378,3.1354942159291497,0.23030965382566587,0.39279037417083673,2.1895161604959505,0,13.27155812848598,4.018873406223031,6.851105541004103,2001
600917,远联电份,C38,2015,1.2821276237620673,22.615526824591168,0.6064509989698428,0.0017884947834354292,1.6094379124341003,0.21480407005208974,0.3871827358358842,1.1670778331360308,0,4.09038190058374,2.1802920531103056,6.714495985932918,2011
600917,远联电份,C38,2016,1.5072551668944063,22.852705054571736,0.33943393417269113,0.27470158179849935,1.791759469228055,0.14413981519563507,0.3608747956520747,1.5468839435754613,0,8.803814678256167,1.4577082004470219,6.708618112170304,2011
600917,远联电份,C38,2017,1.2586490041031622,22.81555017102071,0.37940714996138,0.15258173074672018,1.9459101490553132,0.16457762571880227,0.40063999939443984,1.5845456098879191,0,7.49616291710994,3.5913616362806255,6.492895296563345,2011
600917,远联电份,C38,2018,1.6417635911189414,22.96367553729878,0.3868064889638294,-0.08055944451022916,2.0794415416798357,0.09797477532459986,0.268519063264988,0.8359631768870068,0,8.906423154029243,4.867277689702301,6.6984264815660275,2011
600917,远联电份,C38,2019,1.909230585871935,23.04158162252149,0.3845231980695976,0.0578639288677117,2.1972245773362196,0.5039118309743368,0.34614663484804664,2.3708055756154605,0,9.193313394824866,3.3257776047048266,6.98121451702813,2011
600917,远联电份,C38,2020,1.6403024046029977,22.942247299069702,0.2671830251231421,-0.2753268033537729,2.302585092994046,0.35395118715119395,0.3454377083383322,1.4545410443939086,0,6.900337814962297,3.3948618155793917,6.757144242272723,2011
600917,远联电份,C38,2021,1.782366479131852,23.14340875161529,0.27178666515064775,0.2591014771922237,2.3978952727983707,0.36481394497505204,0.331374927462535,2.6587217826661296,0,8.51253040954057,3.716471284241326,6.518004254865248,2011
600917,远联电份,C38,2022,1.608921782010928,23.175884181834576,0.49720621710943363,0.5216304886674351,2.4849066497880004,0.38874197436543523,0.3915404176663999,2.2268616703848165,0,4.713801050638766,2.814320702873585,6.496156925753541,2011
600917,远联电份,C38,2023,1.8576944363594092,23.27084387109388,0.1548899910429617,-0.22172302119332538,2.5649493574615367,0.3125455789025437,0.3715007908495689,0.5,0,5.7951708331148915,4.427654684132021,6.736198094383487,2011
601599,信联技份,C27,2015,1.0885199507876977,22.554338121313368,0.4040158640497746,-0.1883879826231443,2.3978952727983707,0.3492732010538355,0.34990727459084386,1.3639220953269389,0,7.15825591327974,1.868825409886851,6.620841136743701,2005
601599,信联技份,C27,2016,1.031439816956635,22.49373806936866,0.596071536921264,0.1850099389048848,2.4849066497880004,0.49326019343828525,0.26176804790324665,3.2192428371977515,0,4.998420013305586,2.4580325919381427,6.513042370906907,2005
601599,信联技份,C27,2017,0.9619706020877911,22.435019623709323,0.3091821430028844,-0.006589663316943474,2.5649493574615367,0.19837515804457256,0.38388419437191246,1.532852387550085,0,6.765188268059216,2.9414120027094612,6.92191203416448,2005
601599,信联技份,C27,2018,0.6949900941740439,22.659921891029096,0.278808422286781,-0.005303470305342412,2.6390573296152584,0.2878406481079684,0.36234779418613583,2.836502833101602,0,5.708859522380856,1.4977770407071813,6.642949554749266,2005
601599,信联技份,C27,2019,1.2007760443004885,22.82241678468663,0.45735187234728675,-0.44223162408714645,2.70805020110221,0.24681060003792432,0.41990974996679165,1.9493618607023997,0,7.6484461096826495,2.3837447474618556,6.628810685696022,2005
601599,信联技份,C27,2020,1.5044219676714776,22.6943865645604,0.21600752698234818,0.3878732390342884,2.772588722239781,0.43008425590091076,0.38753236426096443,0.7905997921530854,0,9.739949937685887,2.1657186554423555,6.700733125987653,2005
601599,信联技份,C27,2021,1.314302831242009,23.024085390384553,0.4455427348774139,0.19207460218753158,2.833213344056216,0.27304123433265803,0.36658639226941664,1.3525413763620575,0,5.571958347538864,2.074423725247068,6.65067461863301,2005
601599,信联技份,C27,2022,1.1088019150468567,22.79640929722589,0.26947172572971967,-0.3494107442455675,2.8903717578961645,0.4195499426580778,0.35357636615629223,1.6815630402102757,0,7.166429665011491,2.009673185941694,6.652854963380605,2005
601599,信联技份,C27,2023,1.0897852438323734,22.841126117933342,0.3835854427271611,-0.24550634235724078,2.9444389791664403,0.4332487021313826,0.38590741002371726,1.3237216662572828,0,7.814284055820762,2.181988010037152,6.48342838530684,2005
601512,中联械份,C27,2015,1.2335494127358262,18.21841347136528,0.4632588448908816,0.13853167041757047,2.9444389791664403,0.2403300041170299,0.3922765349516096,2.670753797907748,1,8.459203476258702,4.535025913702258,6.309603072912856,1997
601512,中联械份,C27,2016,0.9868525423681425,18.371177578509435,0.6028752321129643,0.23674571246315193,2.995732273553991,0.3274825638034066,0.3394990957023447,1.7486279772749038,1,7.344434320392137,3.6818669088211653,6.683355379842445,1997
601512,中联械份,C27,2017,1.2844878433152873,18.357432036946662,0.27110823061449363,0.3461600114753841,3.044522437723423,0.49626378321682274,0.31293554414469027,1.8128944987086029,1,11.263382045588017,6.834966977720791,6.702329670669577,1997
601512,中联械份,C27,2018,1.6739134153981725,18.463265218722167,0.5678513984462622,0.0030047905086743425,3.091042453358316,0.46227692188436154,0.3144513103197551,1.1617503122383601,1,8.726952476509368,5.490412104566996,6.5758725763161525,1997
601512,中联械份,C27,2019,1.9060863762221365,18.39659984519621,0.3429666276835762,0.1694564236358546,3.1354942159291497,0.4752614309321477,0.3976537773464405,2.7656423041288236,1,10.177267358460117,6.2474099667893555,6.583940659482339,1997
601512,中联械份,C27,2020,2.032135063480132,18.533326061185257,0.31298167137207655,0.2811920167844183,3.1780538303479458,0.18493922270089827,0.25,2.1880984432876813,1,10.34475364419162,4.411320199791449,6.7219269968793975,1997
601512,中联械份,C27,2021,1.5529373728810558,18.654387511048334,0.43251315403435,0.1391807942258753,3.2188758248682006,0.39299020205025875,0.44314648886930735,3.3093968498508755,1,6.912142836648581,3.433256534932487,6.625629754606416,1997
601512,中联械份,C27,2022,1.5759963380818718,18.604839549170116,0.6378173483177487,0.08024250251993996,3.258096538021482,0.3141888946268391,0.3915749820170521,1.6906690473060768,1,6.5191816587623075,4.833931277539263,6.630928528091085,1997
601512,中联械份,C27,2023,1.4511993545725475,18.664075728198526,0.311704399039053,0.1956139154310088,3.295836866004329,0.29658743730229686,0.38170413331881714,2.9292081836670114,1,11.333262385475475,4.417869943574277,6.6652481717972405,1997
600598,中联能份,C27,2015,1.4434870514490907,23.385307594685656,0.4998787489907183,0.23510052650228302,2.1972245773362196,0.2810903281177548,0.3408337445324226,2.7973579899697834,1,1.7258517709521213,3.408602030679638,6.812327759108125,2007
600598,中联能份,C27,2016,1.263056226340884,23.27347395570303,0.6843908731839029,0.007774799760724555,2.302585092994046,0.32667265053683625,0.42250513777174065,1.692025904082177,1,4.760709695788494,2.755133095854293,6.469433308962556,2007
600598,中联能份,C27,2017,1.2815140971900678,23.44351576839047,0.4217950041618777,-0.09855835427851234,2.3978952727983707,0.49821983554203847,0.42869109356542384,2.4062560358216825,1,3.182145435303797,2.819610603231391,6.928922584224607,2007
600598,中联能份,C27,2018,1.20399992872847,23.499247612520588,0.1314098063712275,0.0036261311538293393,2.4849066497880004,0.3852284921824131,0.42298939433001725,2.188895525976659,1,10.134507241545638,3.4656744879200128,6.765300625932415,2007
600598,中联能份,C27,2019,1.3644503696669643,23.525370298397952,0.5158320055695359,0.2349325026532204,2.5649493574615367,0.5002856037181574,0.37453461285000217,2.535265206448895,1,8.049762891750916,3.388318170295857,6.873535349753954,2007
600598,中联能份,C27,2020,1.4500870735214841,23.599872635048584,0.36888723190858125,0.29366800174791574,2.6390573296152584,0.22266347914401588,0.40777374071110417,1.8182717186641653,1,6.186800771567621,3.7770761390548584,6.475629451864999,2007
600598,中联能份,C27,2021,2.0143354312375163,23.746538556952054,0.29088374840794184,-0.5136378044168869,2.70805020110221,0.21567805318712988,0.3980174821616106,2.9180720173041133,1,5.973220771904785,3.0505083529485026,6.651551753697607,2007
600598,中联能份,C27,2022,2.508049869045834,23.85028122731059,0.42888617632489484,0.08408946393882895,2.772588722239781,0.36199490648718735,0.40085164122609473,1.3072804787878474,1,8.252485944701537,3.336212772341291,6.855806219422425,2007
600598,中联能份,C27,2023,2.2402255697445748,23.884923290313,0.3687267349643314,0.1379884648330896,2.833213344056216,0.24349908182949728,0.394784028257937,1.0375289658462683,1,6.772383887360159,2.901762873269916,6.815441994256656,2007
600369,信联械份,C36,2015,1.6320163700387977,23.907863922765618,0.13648293020390795,-0.009854590722373144,1.0986122886681098,0.05,0.3592404805806734,1.9765894132847373,0,6.562439396302692,1.9312646548490373,6.740407417126086,2013
600369,信联械份,C36,2016,1.9014049993568385,24.097063303695197,0.48463821160376136,0.2330974014649524,1.3862943611198906,0.5079260606043751,0.3612497852549079,2.055756372019174,0,5.924584481661538,2.9989090905293714,6.9499764838351075,2013
600369,信联械份,C36,2017,1.7175570704672405,24.309407432397244,0.3651799141182226,0.2875196361588078,1.6094379124341003,0.32023477559882735,0.3334422540634184,2.474811763339544,0,4.008535851355851,1.9820067534256305,6.646423719648623,2013
600369,信联械份,C36,2018,1.7008453268314583,24.34837049155418,0.3504663465108383,0.017978814593577804,1.791759469228055,0.08919382739337028,0.3417940555773621,2.5479205840034247,0,5.510553601385625,0.9930767817752713,6.56288904307737,2013
600369,信联械份,C36,2019,1.6716135640048975,24.277570788314534,0.30380792692607034,-0.09062723639945662,1.9459101490553132,0.4350714568779226,0.29260098574096843,1.8158642502238498,0,3.181937845800737,2.16236666751252,6.8028535434368,2013
600369,信联械份,C36,2020,1.364344601612527,24.31249273501264,0.5587474432345706,0.10594731284569124,2.0794415416798357,0.5060286931396925,0.3970543925359637,1.3484766011183502,0,4.18330237900355,1.6836404159340257,6.626398151900952,2013
600369,信联械份,C36,2021,1.4019023347274315,24.490649752695507,0.5185421356538539,0.4781366242228693,2.1972245773362196,0.42696230165729143,0.41560316907557093,2.4178701634751145,0,2.0955127679237884,2.6736578464079552,6.769996006157401,2013
600369,信联械份,C36,2022,1.7416752581193307,24.438005710281363,0.6552202457677478,0.3934211398704712,2.302585092994046,0.473700196954548,0.29795033764618095,2.2979753865050436,0,3.2081185772482708,2.236885400003916,6.844569487254039,2013
600369,信联械份,C36,2023,1.880650728352666,24.52614731669368,0.23784081719935263,0.6409181165319948,2.3978952727983707,0.13782673528565068,0.287182410908221,1.7665778678122608,0,7.094153709160183,3.893485978125244,6.9241278550345005,2013
300504,联联子份,C38,2015,1.262319290190694,21.33591071948473,0.4389977721312919,0.15096829412264823,2.1972245773362196,0.1708344958118745,0.3480575408536909,2.4962377295813556,0,5.495375734038918,3.5149449444313534,6.705900984097235,2007
300504,联联子份,C38,2016,1.0643870541119693,21.584128642817458,0.5256615148933342,0.37812241355155085,2.302585092994046,0.23982553726223915,0.3435998433523955,2.133609708432702,0,8.575426479901276,4.847854410096863,6.579285948896497,2007
300504,联联子份,C38,2017,0.6548528566186025,21.55068978389701,0.520759665385964,0.021604959794154464,2.3978952727983707,0.28865729440106863,0.3864750722919242,1.977231178234494,0,10.314897534675717,2.352770046952241,6.6061745173640904,2007
300504,联联子份,C38,2018,1.086227648378065,21.637309875785967,0.5670234932688714,0.36396025708793955,2.4849066497880004,0.11665808107431644,0.3915857295806654,1.685192693412,0,6.053916582985106,2.973184546187422,6.7764508514645705,2007
300504,联联子份,C38,2019,0.900731843439699,21.7446127982291,0.425923385922786,0.017323458386043322,2.5649493574615367,0.3255497671246911,0.4075138868667797,1.726097823958191,0,10.816544195550678,2.801498811358285,6.905832011265762,2007
300504,联联子份,C38,2020,1.010762022225266,21.6250507628754,0.42877103803808314,-0.13954683169139936,2.6390573296152584,0.3265474984783247,0.40855297003355323,2.0867526416427955,0,8.728954683084467,4.324537110965769,6.560914039165622,2007
300504,联联子份,C38,2021,0.7624463625360898,21.863265908489335,0.4398312925074499,0.39919565450453,2.70805020110221,0.18873252078274164,0.4222252329729166,1.4025648253067848,0,10.504163452856243,2.6044535100822053,6.388193951755607,2007
300504,联联子份,C38,2022,0.9830386963375289,21.882576513232976,0.5760956232187211,-0.15592702125967348,2.772588722239781,0.06891184783359133,0.3234132543888695,0.9947123150182199,0,4.8103464048308595,2.1116000751815145,6.433047242015798,2007
300504,联联子份,C38,2023,0.9581229807498276,21.999965187945673,0.05,0.13049288153407543,2.833213344056216,0.18863653641591854,0.36229081073114894,3.7317472697678564,0,9.599373811554623,3.2539277321455082,6.449028555770814,2007
000405,智联备份,C34,2015,1.0950104147065203,22.065486480755233,0.7662066603376583,0.45089565399919074,0.6931471805599453,0.49169683655125707,0.39849150538987843,1.9374178826088526,1,4.084436639250717,2.5012251395935605,6.4665312253465155,2014
000405,智联备份,C34,2016,1.0936187241347524,22.133509089898237,0.36613934764618145,0.15054407449019663,1.0986122886681098,0.29798680120422893,0.43175579789808655,2.7421005833774563,1,4.014384667746322,2.0474478160061276,6.493697372252321,2014
000405,智联备份,C34,2017,1.3700230304600018,22.275172917533062,0.6925455817345789,0.27710265024029956,1.3862943611198906,0.653546378090754,0.30255695092622814,2.0020768373571336,1,2.1238954544346957,1.274806634648202,6.344139116457351,2014
000405,智联备份,C34,2018,1.6484710691109066,22.384341156495683,0.40524731839964423,0.3815782837195708,1.6094379124341003,0.3939026830750118,0.33758877149470773,1.3911373043517392,1,9.408854126350295,5.704866381420644,6.600431003726099,2014
000405,智联备份,C34,2019,1.6681007399142034,22.202278423042973,0.3004989424354845,0.3152433475332307,1.791759469228055,0.44577221490863894,0.3611462542283013,1.7789935456413541,1,12.257148353319804,2.8578130035482783,6.670256841334022,2014
000405,智联备份,C34,2020,1.0474814496118952,22.30178890698754,0.3396475366215805,-0.2706011675397404,1.9459101490553132,0.3452417979909899,0.3950769200137852,1.236030771455149,1,6.069956675954467,2.125970680028056,6.798423597395743,2014
000405,智联备份,C34,2021,1.1184587813663756,22.410152341445343,0.23447277533886782,0.13317867387371274,2.0794415416798357,0.39808589426883323,0.30906592944120387,0.5145245203482962,1,9.748187925409695,2.1093614774363894,6.5969718726008235,2014
000405,智联备份,C34,2022,1.2103274377273037,22.3599314553226,0.444813580257531,0.3902141250977602,2.1972245773362196,0.5415888958605308,0.3109471560809226,0.5,1,8.315258877813331,1.2222258883066748,6.721140228902299,2014
000405,智联备份,C34,2023,1.513175062966349,22.523935976208147,0.3582791249575309,0.28756913099484127,2.302585092994046,0.4978070584957401,0.3978116367352175,2.2902501130223705,1,7.88820239651921,4.312811366924577,6.555802942309551,2014
300117,信联料份,C39,2015,0.6746618505041662,20.811847029554507,0.33761380872135766,0.2000514559274968,3.044522437723423,0.2695671474712681,0.33533380092969367,2.3945823182302597,0,8.54228746154041,3.0520070389998337,6.515630184321439,1995
300117,信联料份,C39,2016,0.7586727109039993,21.07559432460731,0.10073397032315701,-0.23907609142036504,3.091042453358316,0.20765813479484735,0.4058942417690788,2.239530564087775,0,8.691882009107445,1.1975594360732293,6.538806835569399,1995
300117,信联料份,C39,2017,1.170302309427798,21.305253767820165,0.3762376855094093,0.23296690661246286,3.1354942159291497,0.2863190840342465,0.3856402319279337,2.712328020876351,0,9.967702678637353,3.016758859616336,6.252655874146719,1995
300117,信联料份,C39,2018,1.5317061835006929,21.136264459239285,0.7812463873887207,0.37157850285571703,3.1780538303479458,0.2409769009530235,0.34026426131441007,0.5,0,3.4339931748303165,2.7080723497714407,6.611059496562153,1995
300117,信联料份,C39,2019,1.4000725638185445,21.296463472083225,0.2857896533320755,0.17731521033774417,3.2188758248682006,0.392206095422709,0.2702821347697231,2.152879877672569,0,8.88025327062836,5.780512692851289,6.834947802289351,1995
300117,信联料份,C39,2020,1.73322042347282,21.257791827672975,0.35508506125281386,0.07602105952668045,3.258096538021482,0.32505722565103856,0.3628670204129669,2.7683979897890723,0,4.63225133471764,3.3526015855717186,6.727952967905244,1995
300117,信联料份,C39,2021,1.479165090231069,21.31099016552838,0.07392752842506733,0.6000041058340067,3.295836866004329,0.227470348607393,0.34785627264684904,1.8659981062811013,0,13.023200389085865,3.268926522368714,6.638600437822914,1995
300117,信联料份,C39,2022,1.5786488940403007,21.581760249630427,0.4964061619500078,-0.2416970616059812,3.332204510175204,0.36305926026246776,0.3864544677031107,1.4682438344148916,0,3.8945750056629764,1.387635107741336,6.93244110394254,1995
300117,信联料份,C39,2023,1.6279145580333378,21.5514098071851,0.42875541055286537,-0.09872894875830707,3.367295829986474,0.08789136776407563,0.43351479008507415,1.1308251128804814,0,9.22292455267388,4.068487572614337,6.8371215327158925,1995
002970,科联子份,C35,2015,0.9918282800419687,21.699889073270004,0.33619138157309336,-0.07348414933898675,1.9459101490553132,0.20775276258680292,0.3788621056479615,3.5264404779094374,1,8.435078133981722,2.459665850928011,6.559253132746732,2009
002970,科联子份,C35,2016,1.3555962331499825,21.602562888277397,0.31466886565845587,0.024745251117603704,2.0794415416798357,0.09577466576870347,0.38366227200867226,1.9371009408273139,1,9.322872978021952,3.425796398447012,6.593783881335188,2009
002970,科联子份,C35,2017,1.5442906890530914,21.827993696529575,0.7783068963238592,0.21293332575130292,2.1972245773362196,0.2512977321243258,0.3446154240692039,0.5928415601724759,1,5.306660822519002,2.2910688673692747,6.55180418079139,2009
002970,科联子份,C35,2018,1.4983945831945893,22.040388251262023,0.5664906299454585,0.2046837041478181,2.302585092994046,0.19969198959431372,0.38565137579833075,1.3672092621883323,1,4.336227149523767,2.7395952079252557,6.523994174648344,2009
002970,科联子份,C35,2019,1.5810739126536681,21.852823829249473,0.20004981959228935,0.11120076848591319,2.3978952727983707,0.3645202804763961,0.39319150198697816,1.521726725993046,1,9.756160668907539,2.046275933985079,6.687765361722769,2009
002970,科联子份,C35,2020,1.6808248142295505,21.88814123247168,0.27585025028013316,-0.5570981055007945,2.4849066497880004,0.41106432295290274,0.37401138312972304,2.0901874713584485,1,6.492192530690262,2.8994986910603138,6.977461863194637,2009
002970,科联子份,C35,2021,1.8022708429190692,22.052518618406943,0.6105173270525347,0.37771875910934727,2.5649493574615367,0.45533571164479447,0.3565318352724636,2.1800739746441202,1,9.075776400840033,4.72954734514077,6.941752653101281,2009
002970,科联子份,C35,2022,2.3795931800181744,22.107752796906215,0.4028882862144959,0.14130006720477267,2.6390573296152584,0.33269223886499366,0.3479678845356287,1.062564530955326,1,10.660697749370849,3.3632697091797557,6.526119124162692,2009
002970,科联子份,C35,2023,2.2084532432632176,22.165234240389093,0.5575199571849397,-0.08645264956263982,2.70805020110221,0.38672460536610126,0.36582857112634504,2.303227163766326,1,5.636431324927978,5.429562337144624,6.679179751738258,2009
000797,通联械份,C39,2015,1.3968132948011072,23.11496521496018,0.38800172290822454,0.31192506283403076,1.0986122886681098,0.4446002146188632,0.43146812293846754,2.2511781199494503,0,9.17931806046704,4.515550716267674,6.6303266898698805,2013
000797,通联械份,C39,2016,1.126919125770598,23.21591494573486,0.25178589999751766,0.21614504051563516,1.3862943611198906,0.25613368266107456,0.4393055625426596,1.115499723739127,0,5.404151943687765,1.3724352037925684,6.506221635909976,2013
000797,通联械份,C39,2017,1.3629227294412958,23.47783816956369,0.16788536472222093,0.2701834833175517,1.6094379124341003,0.3265381076472438,0.4633095751801929,1.022391332214117,0,9.987492256868064,4.083477674218569,6.68797572145061,2013
000797,通联械份,C39,2018,1.3575162242368508,23.415587726961128,0.3970675075942527,-0.1914548068021563,1.791759469228055,0.17860912252267241,0.33702313532268885,1.8382436911826256,0,6.081253401853215,2.6252232771778776,6.906803628462818,2013
000797,通联械份,C39,2019,1.0137924820869275,23.59590485969279,0.39664606381912393,-0.2543138256830929,1.9459101490553132,0.12615236763985055,0.37197475088896054,1.1841238265807972,0,4.822589249744965,3.999828864975653,6.583331582165427,2013
000797,通联械份,C39,2020,0.9667917003622933,23.737091947678213,0.6155290552392011,-0.30081951135588936,2.0794415416798357,0.1530433278792168,0.3510039641361577,2.868509086623753,0,4.517546261466545,1.267221176583973,6.7228045793072635,2013
000797,通联械份,C39,2021,0.8558920800241732,23.76903310641331,0.5510253512426986,-0.09314570815961626,2.1972245773362196,0.15762099842708874,0.33339377323582065,2.8368423771519797,0,3.7288901432885524,2.6602349111699395,6.631297949596189,2013
000797,通联械份,C39,2022,0.7665696409955853,23.81787455114733,0.09250254273727689,0.21674181409455473,2.302585092994046,0.1619735446223388,0.33820327657350435,2.593639128597599,0,8.592120440517693,3.058099903116803,6.440309969498861,2013
000797,通联械份,C39,2023,1.0296195848071676,23.820822305995293,0.6542603618242557,-0.11546821188047207,2.3978952727983707,0.20507987455435783,0.4412649171513663,0.715345145116631,0,4.557331159005856,2.410239698638752,6.80306065108078,2013
002871,科联科份,C26,2015,0.7703860021199509,21.927090338675598,0.4517852672413422,-0.06365477759284546,2.70805020110221,0.42398981871625635,0.41385224466523524,2.2957400326363357,0,5.239251959721445,2.0824509940355767,6.490194755872051,2001
002871,科联科份,C26,2016,0.9195233471348787,22.01148336295198,0.3786298045229198,-0.24421446756708035,2.772588722239781,0.23754644202659506,0.33633152300292196,1.3216591884549747,0,6.489307459888567,2.5287609214278177,6.522165728790354,2001
002871,科联科份,C26,2017,0.9346430254244382,21.974203790922758,0.33892849500508765,0.04285304876708396,2.833213344056216,0.33590785962918274,0.410485313548299,1.765953432042568,0,6.597069471362818,3.056589804635093,6.594493455157373,2001
002871,科联科份,C26,2018,0.5843619453370863,22.06945146189702,0.45732440688029546,0.22775753394296117,2.8903717578961645,0.40799773845081405,0.37845615306307745,2.273323508187518,0,7.1900953305062405,2.247429867693025,6.787152268056765,2001
002871,科联科份,C26,2019,0.8897114369016121,22.257854112947896,0.2878567950911629,0.26031565008746366,2.9444389791664403,0.2005765478043711,0.36641760526270156,0.9628623880324808,0,3.2013232390318733,4.437571429260233,6.434146446067785,2001
002871,科联科份,C26,2020,1.2717874034850727,22.325402344453114,0.44040934127623915,0.07489083986804371,2.995732273553991,0.35616460437258807,0.4156321665439925,2.583943178416461,0,7.95192339164715,1.9510348092061278,6.383513485161539,2001
002871,科联科份,C26,2021,1.4682453530674446,22.334940639984865,0.6524769949595317,0.10554029977725779,3.044522437723423,0.28973337495931617,0.3257498767095295,1.6916350567597187,0,6.142072235889275,3.546583916117804,6.768762273035586,2001
002871,科联科份,C26,2022,1.263505070666835,22.42849048681183,0.32193602351739237,-0.1632525557133496,3.091042453358316,0.2695068276555933,0.4056687114836833,2.4981907253976754,0,10.18457794036005,3.4098477624215304,6.5665344040000795,2001
002871,科联科份,C26,2023,1.0281828901786445,22.46993842140579,0.5113730591702307,-0.00083818814731762,3.1354942159291497,0.08078113732340508,0.3226828289056233,1.9684717431517955,0,6.146900712170667,2.2552092419760146,6.445760842048231,2001
600731,智联电份,C35,2015,1.1136506279108835,23.9616100789442,0.558228415025103,0.11909053115775176,2.6390573296152584,0.4817222198082943,0.4540114109608013,2.4755380449281783,1,6.827179606265179,2.6509731514292008,6.65379254305308,2002
600731,智联电份,C35,2016,1.3504587882654198,24.0836062499368,0.1859813412760796,0.2056707695423417,2.70805020110221,0.5732888139437001,0.34198438512712703,2.450621011017888,1,8.247041868141242,1.6552710456731425,6.446722703412776,2002
600731,智联电份,C35,2017,1.5713697480975783,24.043120949237647,0.582417193431953,0.10551032003173283,2.772588722239781,0.5420077543109864,0.29563793028026575,2.0186361355158247,1,0.5212290139569364,2.758275912592834,6.716493645697557,2002
600731,智联电份,C35,2018,1.360376935985331,24.177185157028255,0.2256502123316271,-0.23288005140324444,2.833213344056216,0.4656994617081047,0.40088048929203984,3.5129420422774444,1,5.07077877171299,1.6238688108280925,6.803348166013853,2002
600731,智联电份,C35,2019,1.0915001228594738,24.246450887688063,0.5216538235214077,0.3527440745875634,2.8903717578961645,0.23406366801720624,0.4091603901410199,0.8752557862297048,1,4.523761099547037,1.8996226207172908,6.785677594931843,2002
600731,智联电份,C35,2020,1.0767856850066733,24.194397152886815,0.32330897852311125,-0.042079025778942764,2.9444389791664403,0.15684337431600587,0.3180275159015414,2.4419345584132337,1,7.081602478948663,0.4,6.945468924674423,2002
600731,智联电份,C35,2021,1.0557723618390948,24.27593991897635,0.45354007681278197,-0.04558796138114186,2.995732273553991,0.27352532765222837,0.3624637519600137,0.8661527001458134,1,3.419477354562342,0.4,7.01290395821803,2002
600731,智联电份,C35,2022,1.4828471994566053,24.386222606315094,0.35226313103557466,-0.01602305776255106,3.044522437723423,0.2534204656786099,0.3632416537939727,1.9767190248145892,1,3.9440262325446227,2.134726222859877,6.682809921093623,2002
600731,智联电份,C35,2023,1.2551680769788147,24.57631963899047,0.5777470784606339,-0.07087880863184373,3.091042453358316,0.2651466736025773,0.3148095585546519,2.5869443898690054,1,2.305696702401814,3.513196845853881,6.55972101990881,2002
002299,科联技份,C40,2015,1.022743222985528,22.1292922168746,0.4284564301650731,-0.16086945578150738,1.6094379124341003,0.15061220954316565,0.34745329398877467,1.4544192707106287,0,3.7599720145842355,3.1703109557391516,6.795538706428284,2011
002299,科联技份,C40,2016,1.4573554872016694,22.27360862096064,0.360785673441592,0.10618031001988554,1.791759469228055,0.42651762277219607,0.28208392983000113,2.036328014973101,0,4.8043553058509145,2.9038155484477937,6.653737540507861,2011
002299,科联技份,C40,2017,1.1386432363433807,22.217438875577994,0.4193589101026963,-0.29452960645231085,1.9459101490553132,0.42959614357695425,0.3434589478660292,3.1524382401452837,0,5.056409781109429,3.2305792899143886,6.755475605644508,2011
002299,科联技份,C40,2018,1.1468871812823753,22.182251891094786,0.39032857801768217,0.1388704517745945,2.0794415416798357,0.3787053075352979,0.3612814465620197,1.2525126194649028,0,9.184169236018484,3.0742208706960583,6.645900342367377,2011
002299,科联技份,C40,2019,1.5044281875206258,22.334963992307404,0.38653023322656055,-0.3621470856066049,2.1972245773362196,0.5019652465501037,0.37141945949444205,2.427634418376107,0,6.888850988793271,1.1714382759875672,6.497316721178157,2011
002299,科联技份,C40,2020,1.2972837612252566,22.35357097746441,0.49426385172930426,-0.3195320700746328,2.302585092994046,0.42046603635181273,0.4322879107241254,1.1409576778310306,0,6.177928786418112,3.6170518859920557,6.852159375725491,2011
002299,科联技份,C40,2021,1.1602021592931742,22.473355734562897,0.6407067305887794,0.018618385415016467,2.3978952727983707,0.3667694060034183,0.34591806034289313,1.575108888827176,0,4.941427708884043,3.819018229080122,6.548170014421391,2011
002299,科联技份,C40,2022,1.1626217677232862,22.578286087451573,0.3304801600167078,0.10492914402001446,2.4849066497880004,0.3809556613679339,0.4706594844361035,0.843267457978631,0,10.193980917329997,2.7249209083938046,6.6325558509199745,2011
002299,科联技份,C40,2023,1.0461313428012313,22.60712882097691,0.1340568814835547,0.3123432278303554,2.5649493574615367,0.3435532397061254,0.4095901385438547,3.24337492412849,0,8.257950199612944,4.528867441549134,6.687582846536018,2011
600201,智联备份,C29,2015,0.8477729530896175,22.763001570537135,0.49019104864901336,0.2586826059474116,1.9459101490553132,0.08543424915721243,0.3954081080778416,1.4465900764986361,1,4.821063241523822,1.9707093612700168,6.688423049449196,2009
600201,智联备份,C29,2016,1.227935977220627,22.799921892115552,0.3382824393474812,-0.12980409341564275,2.0794415416798357,0.2506613933832128,0.355324677218248,3.4173916750088518,1,4.215182385844294,2.0936288515729933,6.3371871887366344,2009
600201,智联备份,C29,2017,1.527776047724809,22.754896882306834,0.28807080354663694,0.11403702173806254,2.1972245773362196,0.3877243824930994,0.25361377958638753,0.9948019603943202,1,6.922863170443594,2.6891207974073525,6.778113582950619,2009
600201,智联备份,C29,2018,1.663999196163128,23.024448841355078,0.39752084279417954,0.04420640636494767,2.302585092994046,0.11807246292968138,0.3945193800323207,1.9114802361929912,1,6.0468062306196675,3.8446402373160207,6.770822191174223,2009
600201,智联备份,C29,2019,1.6974181477094366,22.959415816969802,0.2524032345016434,0.3650359341145035,2.3978952727983707,0.3487035408478749,0.3956393219084508,2.125043829740592,1,6.785147442179176,2.7755103407585127,6.742653452243984,2009
600201,智联备份,C29,2020,1.866669728917024,23.129763373015606,0.23976097739171812,0.028057088869290373,2.4849066497880004,0.21254410791468575,0.38037263825237894,2.0120769230232662,1,9.059582217611869,3.066320622774776,6.367255283433263,2009
600201,智联备份,C29,2021,1.995503796773551,23.1806092153619,0.26772339922229116,-0.04923163914483109,2.5649493574615367,0.41598217026081374,0.4841304731568364,1.217535375919713,1,13.189131705651146,4.064197191954488,6.752357474983585,2009
600201,智联备份,C29,2022,1.7756301202817983,23.140009504455566,0.5697871136806065,-0.15534517905255074,2.6390573296152584,0.1867470794684382,0.416184408770536,2.35327733728755,1,3.53208979295804,2.1211370535417826,6.821658017199119,2009
600201,智联备份,C29,2023,1.8261378276474987,23.14839258728194,0.27664157348285323,0.13677457040387633,2.70805020110221,0.2221954854995956,0.28844891777205206,2.6099276167680827,1,5.025553450132375,3.372780543754712,6.521608810319617,2009
603936,信联技份,C38,2015,1.1307524164573144,20.442368548463133,0.4025698871225377,0.1815191556219612,2.833213344056216,0.21911501083350676,0.4131831444020688,0.5648088919212275,0,8.651896352827176,4.914458960759556,6.708472047986887,1999
603936,信联技份,C38,2016,1.4732203032016966,20.61412904817956,0.27500381332116763,-0.04088040755046146,2.8903717578961645,0.3283136525122137,0.30184021594729216,2.6496861897677637,0,9.793630304757974,2.9987105655560535,6.370430230559064,1999
603936,信联技份,C38,2017,1.2750670930621533,20.80555218897335,0.33965588570700733,0.27629247227885917,2.9444389791664403,0.12724641454974328,0.32170066167241546,1.738089717765002,0,8.367919485194337,3.735500789539504,6.641827494644982,1999
603936,信联技份,C38,2018,0.9859192942634716,20.734246638110044,0.40736960842847253,0.05669190305460085,2.995732273553991,0.22964390048193287,0.32870440282222274,0.681355329972759,0,11.140379541541346,3.0826182864907135,6.824512373059052,1999
603936,信联技份,C38,2019,1.320089741890741,20.855839391659163,0.36799350970446143,0.24462459067499864,3.044522437723423,0.17241807422051034,0.32641858014272196,2.058868463764448,0,9.004515792496646,3.288758036753618,6.745929432894545,1999
603936,信联技份,C38,2020,1.4587995929865596,20.768799981826678,0.5349706520275851,-0.12028020824227635,3.091042453358316,0.2623614859072797,0.4335167965303939,1.2645111100369486,0,9.142484843844688,4.951845274183519,6.627093753436049,1999
603936,信联技份,C38,2021,1.5808175181367194,20.91550009881031,0.5287001458449054,-0.05475760084066573,3.1354942159291497,0.37343864378406755,0.521861425503968,0.8332568647319949,0,12.003590100151508,5.3767239783418,6.510824506816707,1999
603936,信联技份,C38,2022,1.5254626801958902,21.048117229326937,0.5156128364474374,0.30241347756007764,3.1780538303479458,0.21588376681361615,0.41137935499827616,1.4714222366865803,0,8.847276043279606,4.8054637662508926,6.815542885093594,1999
603936,信联技份,C38,2023,1.454408527100003,20.99967697439025,0.4542780589885315,0.5095386733414957,3.2188758248682006,0.3539665945421254,0.3472273734765394,1.1342330946158468,0,13.380627753379112,6.530800470250794,6.719601809493916,1999
002693,中联科份,C27,2015,1.8624947214665577,21.69289791923921,0.4914521207741267,-0.08724257934118515,2.3978952727983707,0.38473758266944963,0.2679742191907659,3.608091137117255,0,1.0032349922797632,4.246577389727245,6.777855627433017,2005
002693,中联科份,C27,2016,1.8839589701122477,21.823102473766674,0.38479998384349706,0.20722905949329606,2.4849066497880004,0.4132501876475157,0.41527908653203877,1.9732038234537284,0,9.971819490853532,4.188073835599254,6.6482196717874835,2005
002693,中联科份,C27,2017,1.8044400904184845,21.969533817801324,0.3624022861357401,-0.47965213834876297,2.5649493574615367,0.09304061728894447,0.3757493170076167,1.1607057781535723,0,4.83450981381808,2.4136343424171454,6.8799580864866465,2005
002693,中联科份,C27,2018,1.610086209988506,22.11707284586537,0.38670107912771534,0.06782356008446262,2.6390573296152584,0.20992591867448784,0.3260750423560557,1.699443280640965,0,7.679252958444595,2.8502153984011054,6.706903201457824,2005
002693,中联科份,C27,2019,1.7136239798542323,22.19742758988023,0.17285722756221783,-0.1970212451192283,2.70805020110221,0.136284793720771,0.35641466338001604,1.8711032095286018,0,8.268512528204585,3.8101764462932284,6.939002741752063,2005
002693,中联科份,C27,2020,1.5181777209628158,22.209818930103378,0.43172050643527043,0.04328694839618143,2.772588722239781,0.30074042994189387,0.3108371409082724,2.6269234376732804,0,4.651463932765323,1.8349819945175943,6.582972398184018,2005
002693,中联科份,C27,2021,1.8845416346353732,22.152835224976364,0.48562042505042347,0.0764955826149091,2.833213344056216,0.23966646647821607,0.2976341436605392,1.9230657959770494,0,9.049018428651777,4.524285578434904,6.801986140280151,2005
002693,中联科份,C27,2022,1.5618995418094466,22.114537385841707,0.29458290277413446,0.08328984502302972,2.8903717578961645,0.3382757359607967,0.2888641326496236,4.326304138333304,0,8.09587028909566,2.5469653239372327,6.552203110178704,2005
002693,中联科份,C27,2023,1.628349430244732,22.236365840753123,0.6711627642740252,0.2847353827619362,2.9444389791664403,0.3418117182389197,0.3861228132611286,2.1586537967575303,0,5.791482852376776,1.9415718291320108,6.575039089620861,2005
601889,新联机份,C35,2015,1.6363019775416703,21.377610476504593,0.4311598074658562,0.27693916813053887,2.995732273553991,0.13627277983955266,0.3844887397553487,1.8110355183719271,0,7.458552562724299,3.445623808877811,6.595907923139349,1996
601889,新联机份,C35,2016,2.0498128873133137,21.286748200567295,0.5441299787903583,0.09711017886880817,3.044522437723423,0.31803180375377654,0.39971674004876573,1.8630018528766399,0,7.811737202023108,3.5865115333595003,6.67047528300736,1996
601889,新联机份,C35,2017,1.6900767899874054,21.50745067944249,0.33998847960306194,0.3393277227228013,3.091042453358316,0.24554113261521363,0.31915095162557267,1.8351694696610976,0,5.808601303297678,4.333899950681921,6.551770690125164,1996
601889,新联机份,C35,2018,1.5795689746890291,21.759072265309054,0.3480862018386364,-0.311387953087809,3.1354942159291497,0.27393284444827753,0.33971373538636684,1.8322306828315202,0,8.810256701798744,2.861595763129075,6.48922947118324,1996
601889,新联机份,C35,2019,1.7664770021702587,21.768797282561,0.2734984842409956,0.29876498559676967,3.1780538303479458,0.22515131654981646,0.32470522414079644,1.751693152201495,0,8.509131931676155,6.183176371201176,6.576532019630175,1996
601889,新联机份,C35,2020,2.013158778299283,21.653903624328862,0.17493348247359114,0.09040457208755683,3.2188758248682006,0.40827834668593865,0.4483296933794222,2.731864507187316,0,11.065981566691807,3.7780464922622503,6.814186819945578,1996
601889,新联机份,C35,2021,2.2132801961034905,21.828711983765725,0.41308399096443293,0.08023265081586312,3.258096538021482,0.3591018153816091,0.41858008839392613,1.2752692229859464,0,10.500230363328683,4.5257864797148395,6.597352460347246,1996
601889,新联机份,C35,2022,2.263363380068411,21.77318685437675,0.6130097027983389,0.41010556340856674,3.295836866004329,0.1922597897240314,0.38117499418299866,2.5386608459949147,0,10.105368482436955,4.127923178693346,6.788591330983181,1996
601889,新联机份,C35,2023,2.5661310818701857,21.86995551103035,0.1504381713887784,0.5511254154735744,3.332204510175204,0.4505964984617447,0.3442105925436398,1.716595369525383,0,16.91264537490545,4.369368429908704,6.472309999667511,1996
000931,科联械份,C40,2015,1.5210716758138307,22.65540719177964,0.41734765293461384,0.36874809358963656,2.995732273553991,0.35569163199445175,0.423872359289768,0.7562684049458419,1,5.001320367786658,5.173375793010185,6.596508724899547,1996
000931,科联械份,C40,2016,1.5956912688812979,22.764506100899567,0.40834988694785124,-0.21138802616337896,3.044522437723423,0.2925254633008834,0.370364961309095,2.1748964564875393,1,4.18793267907281,2.4333135689381273,6.969564658941229,1996
000931,科联械份,C40,2017,1.5694654632688567,22.795396341417373,0.3671781183161898,-0.5800266785700728,3.091042453358316,0.2764636718019834,0.39101393721428274,2.7338403756857654,1,-0.6701485811671334,1.839244306051368,6.605890710083903,1996
000931,科联械份,C40,2018,1.3494156508369515,22.654486608254548,0.6119829282364911,-0.03481963071935065,3.1354942159291497,0.27189882388934167,0.44671849939006325,1.937563089571923,1,-0.6112654694986185,1.3221705487463395,6.744418876304349,1996
000931,科联械份,C40,2019,1.7972316095551508,22.815219471179347,0.4760760085529941,-0.23636820576443507,3.1780538303479458,0.31221458884394193,0.34717061373296076,1.205263365503171,1,-0.6993177837642208,3.6058182703311545,6.701118812847596,1996
000931,科联械份,C40,2020,1.7035222052404397,22.743231555503908,0.3169259932891692,0.05727119710885127,3.2188758248682006,0.2049619212644755,0.35670450077260707,2.707866664396377,1,0.22168874501107844,2.5741668268055418,6.882455784783819,1996
000931,科联械份,C40,2021,1.814490036305767,22.836839087625897,0.4917110998180022,0.20761362507989964,3.258096538021482,0.08489119799720987,0.25,2.9288456971236894,1,-0.8272062831698398,2.8775577050768124,6.821816080041713,1996
000931,科联械份,C40,2022,2.151548065232511,22.968394272780465,0.055720688819759064,0.36135834636705855,3.295836866004329,0.5697146349050162,0.39970309953306266,2.179340210805685,1,3.064501899518931,4.2220972031567365,6.706765637183774,1996
000931,科联械份,C40,2023,1.7038601825718638,23.222942515970573,0.4148195441479995,-0.10737994477727592,3.332204510175204,0.32437561193532627,0.3460802928317944,2.5711619980213447,1,-1.137520320309043,1.3882168890036282,6.702338485115894,1996
600213,信联装份,C26,2015,1.2222589664000487,22.569220128115003,0.5711233221235704,0.060656105731259534,0.6931471805599453,0.26839594399217437,0.33623038977654995,0.9619828466523155,1,5.811216173877561,2.677144217833761,6.718489549276602,2014
600213,信联装份,C26,2016,1.027151827592662,22.752792489531952,0.3994235645889294,0.049113130480885114,1.0986122886681098,0.441036894518993,0.3815184893831257,1.481757507810222,1,9.123252869724356,1.9178747328398251,6.271510179016244,2014
600213,信联装份,C26,2017,1.0079663615486945,22.74820262227397,0.45857846014526243,-0.12920847929113832,1.3862943611198906,0.5417873726989666,0.3651116831457716,1.308938405185033,1,6.799823545969057,2.729027695628896,6.66846871271289,2014
600213,信联装份,C26,2018,0.5889284274008163,22.79533721693188,0.5596251990829115,0.00909064529270964,1.6094379124341003,0.1206291704901356,0.3282526099151809,1.9969349307939646,1,7.766847881839222,2.402062340302061,6.843565484105728,2014
600213,信联装份,C26,2019,0.9846737240243323,22.867343065169376,0.3866183570379442,0.436551630411232,1.791759469228055,0.5579112600226039,0.33567207273144556,2.866756113674558,1,6.538807124307741,3.383880465216955,6.5028350476472045,2014
600213,信联装份,C26,2020,0.6691747300130026,23.026646089399318,0.3317333536039646,0.4606851987280377,1.9459101490553132,0.32812249649077907,0.3798847309588824,2.2230724449463786,1,7.583290777674816,3.243227976736604,6.651723373354505,2014
600213,信联装份,C26,2021,1.1632544358710657,23.042993275716462,0.7392422657066623,0.015744270003229706,2.0794415416798357,0.24720906866639966,0.4459743169762539,2.0399951897636193,1,4.896895616150858,1.5887940241736211,6.636782381415743,2014
600213,信联装份,C26,2022,1.3938870508686645,23.124093843606616,0.4457135550995489,0.3644759201110259,2.1972245773362196,0.18127093079999468,0.45267528049932093,2.295660928566137,1,8.789173114903642,2.198755239239321,6.581532881059902,2014
600213,信联装份,C26,2023,1.5076758357019329,23.10898716666129,0.3050826715772185,0.03107655890788738,2.302585092994046,0.11268445364195823,0.39981194311569396,2.6620921161128996,1,9.336878097849267,2.124690732645936,6.4995314286626895,2014
603934,智联电份,C29,2015,1.1320525202123528,21.21388998161395,0.4152208574473887,0.3075203518223104,2.6390573296152584,0.36647032617478814,0.38124699176346194,2.1260479089758695,0,9.550394551269695,4.0943734700412735,6.4955623039746,2002
603934,智联电份,C29,2016,1.0224910224282875,21.302198351312796,0.2783406699085681,0.08787288049923764,2.70805020110221,0.36328083851307813,0.3210560971412695,1.8603650715282365,0,9.56316466866946,2.4142353553330045,6.804775778698294,2002
603934,智联电份,C29,2017,0.8574792930870122,21.378063890480252,0.2912625683952854,0.13053458103312016,2.772588722239781,0.4998133948643907,0.4085774941004713,1.8175171304647335,0,11.02497968313823,2.5388038061195344,6.6662486909764285,2002
603934,智联电份,C29,2018,1.1854484580576363,21.46619133323978,0.47309047693146683,-0.05329145904449516,2.833213344056216,0.4112111068392082,0.2837280239466808,1.9798508756066697,0,8.269720854080989,2.0807537702196623,6.4729114653729685,2002
603934,智联电份,C29,2019,0.8530402929472118,21.740225749181874,0.49955402168025,-0.036414418286400824,2.8903717578961645,0.2889427395689256,0.34376886914191396,0.8829750575677635,0,9.656052445298869,2.4613150137189512,6.664705767025096,2002
603934,智联电份,C29,2020,0.9744060239352276,21.71576750856478,0.3862802059601907,-0.06682126560356481,2.9444389791664403,0.2297598672307573,0.3618167190196799,3.3723896061639573,0,7.446358746001897,2.176116804978705,6.778447727754533,2002
603934,智联电份,C29,2021,0.9441150699444574,21.712734000458145,0.6428253802619427,0.02578066761950435,2.995732273553991,0.31932403458849906,0.39049095869224026,1.223314013699769,0,6.691793070001833,4.621616681116553,6.376394526866939,2002
603934,智联电份,C29,2022,1.1901981251676597,21.676407071665754,0.5164684649014069,0.13022961652852277,3.044522437723423,0.2105308060104072,0.4127350613513543,1.5515525666758663,0,6.517270287903665,2.652530289645505,6.733836674664435,2002
603934,智联电份,C29,2023,1.4655569979788332,21.794749215814928,0.30261637388073614,-0.18015634971531125,3.091042453358316,0.3776394725086336,0.3829563707204833,2.794402379575556,0,11.420731999991984,2.555484104690421,6.423793164020331,2002
601211,新联机份,C35,2015,1.3767530040234799,22.296564268177505,0.37737471030528325,0.30522666112087726,2.833213344056216,0.35430390524515476,0.4287570606059181,1.0030617394374994,1,8.08670743705636,0.9654390705132974,6.675377972471207,1999
601211,新联机份,C35,2016,1.6553450499160467,22.471608239928287,0.6546920768085719,0.4010688629343572,2.8903717578961645,0.40869442744763,0.39145078314788984,0.7480371268202748,1,6.230694602337146,5.13374188203973,6.536571895507645,1999
601211,新联机份,C35,2017,1.5223290819508501,22.34385940955422,0.35450557580052433,0.29483339109185275,2.9444389791664403,0.4229224450152981,0.4422063463500308,1.1092528885008088,1,8.22258761727018,2.7859284245437834,6.608900222812677,1999
601211,新联机份,C35,2018,1.3846405473363514,22.410649407914846,0.42438687635266775,-0.05371256550609872,2.995732273553991,0.18696961192939718,0.4341041088053688,2.4021228733722637,1,8.240281531752046,1.89381359142559,6.752163426519424,1999
601211,新联机份,C35,2019,1.3591251790296177,22.366430327423615,0.1741959357002317,-0.45025399709021874,3.044522437723423,0.33563543930513356,0.33571839152322147,2.237428760336697,1,7.3866287581169825,0.5257078890237232,6.533894856328509,1999
601211,新联机份,C35,2020,1.4768748324781416,22.51879768560549,0.5198026699118078,-0.07978540846615904,3.091042453358316,0.33525470426249715,0.4022421935412923,1.7481558708747857,1,6.17692612546052,3.7421636838341628,6.433091074666742,1999
601211,新联机份,C35,2021,1.581191915237901,22.51001532521314,0.20462561861273593,0.2970262335605792,3.1354942159291497,0.32942124381796917,0.25,2.9100191264092397,1,6.469777864791805,4.3135762604376,6.24733954083074,1999
601211,新联机份,C35,2022,1.7408671898950188,22.634152536406763,0.296941760824429,0.33090093349614325,3.1780538303479458,0.47473104929665727,0.3241086592606889,1.2582638157164872,1,7.377872463883656,5.325860756181657,6.545689739713916,1999
601211,新联机份,C35,2023,2.157377683688002,22.66208513833353,0.6370852439745409,0.14745862037396454,3.2188758248682006,0.22661192402315256,0.37872190887839075,2.0844810394221662,1,7.882553548884267,5.026736262279497,6.785517472548313,1999
300531,智联技份,C27,2015,1.1238732652047154,23.092016167426802,0.6648336480482707,0.05552093741436401,1.791759469228055,0.19783229023532314,0.33190169873407577,1.4081022713848363,1,6.264092600906669,1.5399750267231593,6.553900769425136,2010
300531,智联技份,C27,2016,1.2703998108089305,23.180854908660724,0.5086364505843562,-0.267871355730519,1.9459101490553132,0.3633507030774491,0.48778655941037563,2.0036803701473986,1,5.527536207019653,1.9402106408647732,6.784532949748042,2010
300531,智联技份,C27,2017,1.8082871513169798,23.27398769964207,0.4751999230777495,0.07924139879822362,2.0794415416798357,0.21567063801395803,0.40435325256287247,1.3633140578855474,1,2.932769867427347,4.034161280242657,6.670385226309898,2010
300531,智联技份,C27,2018,1.5332477399054918,23.410751226406067,0.42632114754160527,0.14061451605893094,2.1972245773362196,0.39852415887591064,0.38665806267445463,2.191805463740619,1,4.7828617339128705,2.9515883990854954,6.753789527033332,2010
300531,智联技份,C27,2019,1.597752015465672,23.34721236406552,0.3887035488005707,0.4263543456776385,2.302585092994046,0.22025045889385514,0.38669596967740705,1.7248873280913015,1,6.35180536431994,2.8262863006239076,6.6238435287785675,2010
300531,智联技份,C27,2020,1.2826099835900653,23.553738427724927,0.15772054343170733,0.6001918008936846,2.3978952727983707,0.18996500615173553,0.358279899556387,1.8635562533513277,1,10.692395197274365,3.1641362978786685,6.706945630680555,2010
300531,智联技份,C27,2021,1.3680311468907413,23.6230188314877,0.5233476901517983,-0.022110503449386164,2.4849066497880004,0.18395270263446853,0.31685348193876445,1.7857303620511003,1,2.7133549300356825,1.547992570438273,6.783404820241208,2010
300531,智联技份,C27,2022,1.2553031188988013,23.557459028646434,0.48400056516692475,-0.00823668346542589,2.5649493574615367,0.2867339431738752,0.3325197642955423,2.2385347528187407,1,0.7890247480429116,1.2448074317441509,6.621331343773927,2010
300531,智联技份,C27,2023,1.3825507146357956,23.561997828786602,0.6823057882287014,0.1598917726501892,2.6390573296152584,0.21878520999923246,0.3236343360690669,1.7252026571153205,1,3.473852894966218,1.9562591420523652,6.616793842635336,2010
300830,远联子份,C26,2015,0.9571591394314571,21.09701029943588,0.4766828198981214,-0.07154237499168892,2.995732273553991,0.21901815953888115,0.38539769994759815,3.3502387476594717,0,5.9422586260543895,1.7106377959207193,6.571559165859171,1996
300830,远联子份,C26,2016,0.6987302930666862,21.162477609278778,0.5178777268450657,0.15195286632172864,3.044522437723423,0.28516878459252654,0.4380411935975037,2.0951036847663485,0,1.2412863760663022,2.0558045524230093,6.4226515203117,1996
300830,远联子份,C26,2017,0.7999757547462796,21.407090453016043,0.49221849035264037,0.4136657297761156,3.091042453358316,0.28300650603183397,0.31189466726247567,0.5,0,4.349709611986194,2.177768591110245,6.371535962233523,1996
300830,远联子份,C26,2018,1.0536287720061555,21.18834254709915,0.3005175373804274,0.21468901671704124,3.1354942159291497,0.40559415022233214,0.3849128597862864,1.7385965785524862,0,4.794833199183181,3.8791610662117706,6.285119791542482,1996
300830,远联子份,C26,2019,0.9939129226776283,21.25016939902829,0.2867448162395021,-0.19104484709987873,3.1780538303479458,0.17391469374625207,0.42155781829378824,2.6042962598594803,0,2.2977949744061372,2.0323453070125677,6.433869147465468,1996
300830,远联子份,C26,2020,1.2699963584417675,21.287323917691907,0.30045272531717165,-0.44066036059894076,3.2188758248682006,0.2570726564173394,0.3832782375501334,1.7484924160614812,0,2.8946090977025696,2.0713872661675223,6.613912623726938,1996
300830,远联子份,C26,2021,1.2711316128795755,21.424936379193408,0.5132390292765382,-0.010096001522441243,3.258096538021482,0.5829512668984805,0.3537408980182672,1.679306610261403,0,6.394431156044473,2.3581583828920136,6.623305662402858,1996
300830,远联子份,C26,2022,1.5317993101019014,21.50914505594615,0.4145977179710331,0.5343140545603821,3.295836866004329,0.16644324725135898,0.363406693418309,1.3373194165110716,0,6.501213232905144,5.087986858016706,6.813694374890658,1996
300830,远联子份,C26,2023,1.3717503153797233,21.564615105238875,0.46103027042250705,-0.06522664846385323,3.332204510175204,0.12170514941774913,0.36401083839380166,1.0382384136088938,0,5.025585685123135,1.643151365296635,6.530654829420712,1996
002699,中联机份,C35,2015,1.1761865212965912,22.522830761063148,0.49702922789223797,-0.08109317052797449,1.3862943611198906,0.35736024419287116,0.387284630817009,2.6303638648445986,0,5.982739605487075,2.3770602425803817,6.636567100719271,2012
002699,中联机份,C35,2016,1.2503370989419538,22.61577872089887,0.6677819283234463,0.08550684034009214,1.6094379124341003,0.29873679252100604,0.3363520539486986,2.6692896836141915,0,7.513152872966235,2.6459297015635164,6.569047635892883,2012
002699,中联机份,C35,2017,1.4143226162930218,22.64465525796796,0.4165102550356109,0.06691477953825409,1.791759469228055,0.4597604606081501,0.36012053981729464,1.1631616569989487,0,10.558590587283595,3.652334019689944,6.576467367654983,2012
002699,中联机份,C35,2018,1.3302372009366428,22.925147857347866,0.31881056196448104,-0.22699437166997868,1.9459101490553132,0.2899939025541753,0.30590472225737203,0.5,0,11.043700648443206,3.081539088025219,6.6878361295031645,2012
002699,中联机份,C35,2019,1.4292766218577841,22.911180151767752,0.2536037959946747,0.08804828270521489,2.0794415416798357,0.2844026739252553,0.36147976447293645,3.3813362583066824,0,11.082091452657414,3.4712770197906906,6.635982401808768,2012
002699,中联机份,C35,2020,1.4375435078929335,22.84509419462061,0.49496859155246636,0.2868948208774396,2.1972245773362196,0.3114005208781419,0.4036135232106267,2.8332252289418323,0,8.282377098690604,4.350466917701057,6.502375249905014,2012
002699,中联机份,C35,2021,0.9667008239197273,22.936840267428796,0.5293508412533406,0.10269677814171599,2.302585092994046,0.28800590018295974,0.4165203566117061,1.7927659137706975,0,3.4186565484529576,4.171414624017462,6.690392711771301,2012
002699,中联机份,C35,2022,1.0514018561385083,23.05204163886376,0.45141985066345014,0.09759347853750566,2.3978952727983707,0.3743035400051715,0.30653479583528603,1.4354766661861966,0,7.781916597741044,2.2310965619898826,6.516458130002432,2012
002699,中联机份,C35,2023,1.3325790420198083,23.19341111617361,0.6993421189544293,-0.06907102845128091,2.4849066497880004,0.30098562358039205,0.3513236776383887,1.6086065726072016,0,8.220421966063494,1.1189297771357531,6.671556296582051,2012
300264,新联材份,C35,2015,0.8870161259318334,21.525800366891662,0.3821837442104039,-0.13564320560414528,1.3862943611198906,0.4336548498692051,0.3486843779387846,0.9867549356736188,0,2.421999382851727,3.6767000580476954,6.636398806785441,2012
300264,新联材份,C35,2016,1.1200344767454333,21.614159258038626,0.591275290002432,0.17054261489681422,1.6094379124341003,0.212412191698413,0.3326187718742628,2.7605934340036913,0,3.28082688771578,3.3699768161671084,6.569615949403232,2012
300264,新联材份,C35,2017,0.9432067401238382,21.651978831886275,0.2179362347391957,-0.3434058539756001,1.791759469228055,0.42081760382624245,0.2708205987138312,2.2490530421474517,0,4.932715783291922,3.974406808622258,6.5732283407169705,2012
300264,新联材份,C35,2018,1.403517111310177,21.724681533464693,0.2550526203356845,-0.1504864771879419,1.9459101490553132,0.3980721727620447,0.34159024180196473,1.6408537819203552,0,9.118872014781871,3.9454474358165936,6.761392757766797,2012
300264,新联材份,C35,2019,1.464522888510121,21.73175711199743,0.4731172700546033,0.18546585963539675,2.0794415416798357,0.3440550874851356,0.3681066163856245,2.964551985149115,0,5.902943330443073,2.8125634137526188,6.966134058303828,2012
300264,新联材份,C35,2020,1.3120400387899145,21.915571655449128,0.3621513665247974,-0.03453077863752013,2.1972245773362196,0.4614677359138746,0.3179168743167184,1.9059267108241715,0,5.6104531603284205,0.9761550805261048,6.68475055933634,2012
300264,新联材份,C35,2021,1.4019719578831416,21.786161368031724,0.24301548105172466,0.056665320017000385,2.302585092994046,0.20780057789475426,0.4019924874126502,1.4925033379073538,0,7.643527967001261,4.208747103694986,6.698466666835234,2012
300264,新联材份,C35,2022,1.4046229481762724,21.88129173271679,0.615190856798443,0.3324868294175376,2.3978952727983707,0.47746483420596386,0.3954360398778137,0.8097407587275989,0,5.601532041132009,3.3813616576479273,6.632172669247028,2012
300264,新联材份,C35,2023,1.4808598364677834,22.137411556012108,0.21761878196556825,0.2980544700340426,2.4849066497880004,0.315528067279531,0.4039128706534917,0.5930389115575674,0,11.477180244027432,3.801012206977926,6.884505816848788,2012
603507,创联机份,C29,2015,0.6412553581545434,22.459764106789773,0.5084132682391602,0.3566261099945045,1.3862943611198906,0.22119970967764818,0.38512478361975483,2.071217028656909,0,5.3499811687133505,2.440507018771222,6.5436455964492,2012
603507,创联机份,C29,2016,0.1686982585462517,22.532608350042405,0.44610963551713817,0.09387416197121284,1.6094379124341003,0.3114992360127893,0.43803229809734334,1.7458999936825577,0,4.43704518797305,0.4,6.664808633872139,2012
603507,创联机份,C29,2017,0.4374333405812765,22.7390315017552,0.2733598889718126,0.44417583665917537,1.791759469228055,0.4849606557823408,0.39644882116850483,1.5817187521327865,0,8.392332448058568,1.0884700804891563,6.533616871726768,2012
603507,创联机份,C29,2018,0.8395278951208911,22.773693977755283,0.2888089745831462,0.3472348095913764,1.9459101490553132,0.33699958847396977,0.36557333990813684,3.7948103227966907,0,4.732673823069589,3.0778154574136463,6.449138604212628,2012
603507,创联机份,C29,2019,1.0191332822980097,22.71621055087809,0.3217074429058324,0.3003011213973883,2.0794415416798357,0.23445808124976594,0.4183250573904667,1.0781594750915051,0,8.021726916791698,4.45395116387764,6.7815408583757355,2012
603507,创联机份,C29,2020,0.7870871280404319,22.875296002144065,0.40697399207357227,0.3110175144803046,2.1972245773362196,0.5212695027855427,0.3813660757759555,3.196185780369571,0,6.540597033697808,2.272620305335738,6.503804596699235,2012
603507,创联机份,C29,2021,1.0954326871591284,22.92105410287199,0.07336449513646232,-0.05033476610674723,2.302585092994046,0.248363801739783,0.3934317278259214,1.9918326320958106,0,9.752642928619688,1.3293758358067465,6.684213933877107,2012
603507,创联机份,C29,2022,0.9059316821630506,22.87562629663015,0.6815138098392782,-0.1832127921631604,2.3978952727983707,0.0943660071483963,0.2775415507637594,1.7446488338950161,0,1.1258671033297947,2.2627098381673427,6.884346318735886,2012
603507,创联机份,C29,2023,1.1472108709541677,23.054896129964572,0.6418604162714133,-0.3300245875502481,2.4849066497880004,0.2966938064617777,0.3532123224866977,1.0506449882757307,0,2.8485670424692824,5.382895814026247,6.58740013382885,2012
300272,华联能份,C40,2015,0.9467367511169491,23.55782836616546,0.7104375827082701,0.16362965535841822,2.6390573296152584,0.21130716683779743,0.44976549312845554,1.953243625811849,0,3.665125394105441,2.815442748275891,6.7058507650606165,2002
300272,华联能份,C40,2016,0.9827135895254149,23.58136874543662,0.43160070969898073,-0.22336047775171972,2.70805020110221,0.5505675342122309,0.46981505613299046,2.956483450489104,0,3.1932500772479333,0.8767572605635969,6.746187951582227,2002
300272,华联能份,C40,2017,0.9332257744610057,23.62302851369965,0.2805612124443179,0.021425969551879843,2.772588722239781,0.4410325752375062,0.4113252527379218,1.9674133202150066,0,4.050690759933085,2.7739112359172284,6.66409075695148,2002
300272,华联能份,C40,2018,1.3355868001210947,23.80997075399303,0.48019313315218,0.11814568673877167,2.833213344056216,0.22162236776970445,0.3129415940027269,2.2453802514867283,0,3.264446540633293,3.9855042887187278,6.733755714679937,2002
300272,华联能份,C40,2019,1.2848040456392487,23.811774095749072,0.5605680379715816,-0.17662293772083865,2.8903717578961645,0.37978819356755156,0.30490697840012526,1.718042357987645,0,3.246855232792906,1.378660910367322,6.463114663850717,2002
300272,华联能份,C40,2020,0.9773648318421444,23.96765113036038,0.4913634090507253,0.2902921140778667,2.9444389791664403,0.31154465044250235,0.4008545531957372,1.6850153356499824,0,7.89942101880301,0.4,6.50266908186498,2002
300272,华联能份,C40,2021,1.555813590100191,24.13088525380437,0.37585613134831625,0.02194291374960921,2.995732273553991,0.4996084217165335,0.34922693553557543,2.3803274393857308,0,4.299866302537801,2.5316319223595394,6.712717390388546,2002
300272,华联能份,C40,2022,1.2182117574852278,24.009693761043934,0.48015067665723005,0.06972551285741449,3.044522437723423,0.1645117606693807,0.4206945489170699,2.474002334391388,0,1.3179379761932115,3.533801241013918,6.642050965992233,2002
300272,华联能份,C40,2023,1.3791553716682035,24.160435231004925,0.3551347540691449,0.21183668668286237,3.091042453358316,0.4110990719676384,0.3359293504548098,1.169218011715237,0,5.266139178913352,1.1514362517338563,6.459639785459723,2002
002450,中联能份,C40,2015,1.3656414873096543,22.955980072157978,0.19710909060666748,0.2503554973389046,0.0,0.21500674794497812,0.3816614885641366,2.698538403725191,1,13.653897370781449,4.459678006510361,6.5576886753862045,2015
002450,中联能份,C40,2016,1.8488152134295202,22.976262479880333,0.567977651022856,0.5109306599891457,0.6931471805599453,0.5233082459320058,0.3653241110928747,2.1851166327280453,1,11.134722956861609,3.898879890556318,7.04712867565265,2015
002450,中联能份,C40,2017,2.040533830326747,23.026488244071807,0.647929215791163,0.1898634893611732,1.0986122886681098,0.26696566658232307,0.3656455177131423,1.3317376353184427,1,6.442543304099255,4.164620827067205,6.7552519908528925,2015
002450,中联能份,C40,2018,2.253877013624465,23.12969950047547,0.2249147308075938,-0.033412632121615146,1.3862943611198906,0.2846068374018144,0.33052008118606757,1.9383694095943538,1,14.310047771445516,4.250328876945693,6.773094775093813,2015
002450,中联能份,C40,2019,2.3969292043780026,23.046459016903565,0.3238366853132005,0.04732990674500322,1.6094379124341003,0.19823883940485426,0.25,1.7349681729862332,1,12.216836789308093,4.3935374339048705,6.392856638651085,2015
002450,中联能份,C40,2020,2.2506316337375125,23.287967898572038,0.19316932385204197,0.25654397086796266,1.791759469228055,0.20919936684092735,0.3899832365893749,2.243347721971603,1,12.523107776377135,4.207254238469591,6.716227633443452,2015
002450,中联能份,C40,2021,1.8728246196680436,23.442236779859957,0.16756058273761498,0.14711782488587144,1.9459101490553132,0.29479812275421174,0.47380472639925303,2.9491440410666057,1,12.13531328674515,3.4260107682951078,6.466528714553301,2015
002450,中联能份,C40,2022,1.9116813513109798,23.323874165651354,0.24180913764369366,-0.2987912776009023,2.0794415416798357,0.2512029046318821,0.4185467084804392,1.8565450424985321,1,11.186834800127242,1.9189865906382393,6.722282732234041,2015
002450,中联能份,C40,2023,2.2359934107709387,23.440808672975624,0.4871546040153547,-0.28920577175800033,2.1972245773362196,0.41625765661267927,0.2988941858973521,1.4028910155004748,1,8.11268905508612,3.167092322635109,6.689875999458021,2015
300217,创联科份,C29,2015,1.007355553808264,21.52928935518613,0.6438373239774654,0.2099898283300372,2.3978952727983707,0.5183915885065524,0.41159155868492076,2.776012365702491,0,-2.229970207192266,2.946881141175134,6.3562041996147896,2005
300217,创联科份,C29,2016,1.15374236192552,21.37910416883434,0.5698749661298224,-0.036703786284475265,2.4849066497880004,0.28669197365086324,0.4961367636808197,1.7994688656174294,0,0.8233071620820048,4.239570686979451,6.814631851049403,2005
300217,创联科份,C29,2017,0.9820726614059402,21.55823790797025,0.33079400095723926,0.3245018025703251,2.5649493574615367,0.17152966675549802,0.4254910934274204,2.342819141914943,0,3.6348014905016726,3.203199412594505,6.723664135548387,2005
300217,创联科份,C29,2018,1.255659164754547,21.58695730361886,0.6313878293826714,0.05887007545366846,2.6390573296152584,0.5352991314140343,0.37986251097879825,3.120426520369808,0,0.06494533952953341,3.518639207989275,6.519202444607192,2005
300217,创联科份,C29,2019,1.2445815624133334,21.620688826337364,0.28945065087827215,0.0024276536823152894,2.70805020110221,0.5606039454281226,0.4626948821140769,2.2764021769390688,0,5.174722950770411,3.7527543981820672,6.596108338697907,2005
300217,创联科份,C29,2020,1.141381530898124,21.771586364428234,0.5880928272067273,0.6110912297000791,2.772588722239781,0.35831144344321786,0.3643729971273415,2.4239061363138816,0,4.091310208550693,5.540876021059019,6.5032317926306815,2005
300217,创联科份,C29,2021,1.4429785684782506,21.876277710162146,0.5356419724823936,0.20507401225885055,2.833213344056216,0.321555199664904,0.3981792037914969,1.812215388493224,0,-0.9251098528949884,3.6341882490788957,6.791289726848305,2005
300217,创联科份,C29,2022,1.5538021888262545,21.781933914046498,0.05,-0.031322558043705095,2.8903717578961645,0.3701527553907464,0.4060357354807293,1.7998031510419397,0,5.0763320563162635,4.703972919461929,6.791518676568641,2005
300217,创联科份,C29,2023,1.7110946217023564,21.835581037608954,0.30226006587214505,0.026607288445146794,2.9444389791664403,0.270777564358774,0.3263674609600795,3.8370505780874717,0,0.43507572071632244,2.3718785224156447,6.522013356417677,2005
002118,创联子份,C27,2015,1.6807089719716861,22.844598717601325,0.6937971614794315,-0.16418959470595537,1.9459101490553132,0.2610184150413267,0.388341672336102,0.6419590001931079,1,2.9599317723325758,1.9841680223845999,7.007793680577372,2009
002118,创联子份,C27,2016,1.2138508867010467,23.187491915057397,0.5369130114030157,0.30998672102446834,2.0794415416798357,0.3712197768059036,0.4610696114827824,1.9001183342043297,1,4.814548245182318,2.4047759801994477,6.63744948274775,2009
002118,创联子份,C27,2017,1.8417116317771043,23.0693627519178,0.18570757393986637,-0.5390240362108214,2.1972245773362196,0.385176132586841,0.30048600410410287,2.016753106367719,1,3.2286310013835378,2.0044402318422456,6.633135613863477,2009
002118,创联子份,C27,2018,1.8195593334321492,23.02897632698642,0.3648113680422223,0.3856532409295196,2.302585092994046,0.21766254414585054,0.31285838628916646,2.840089800961869,1,7.492470125121168,3.0597033178307207,6.908063550807626,2009
002118,创联子份,C27,2019,1.8354329112309198,23.27529350519525,0.5943427476685106,0.018564922892482433,2.3978952727983707,0.17181776151862171,0.3730775306136915,0.5,1,7.890484787782971,4.033274150710811,6.505644913074153,2009
002118,创联子份,C27,2020,1.80198263644326,23.24038795424123,0.4942172609445101,0.2204220222146149,2.4849066497880004,0.3852223737986014,0.3883145109056232,1.5910088515070067,1,7.393186810718706,5.112053118949044,6.737955253658355,2009
002118,创联子份,C27,2021,2.1013493021896297,23.422093772861807,0.4116249284376394,0.42391729777141207,2.5649493574615367,0.31442937696868956,0.3866019425553372,1.5465127429528858,1,4.4218041386051805,3.9699691666356403,6.573613380818873,2009
002118,创联子份,C27,2022,2.1686838237341024,23.3422643156495,0.5981671612654367,-0.35142892676035453,2.6390573296152584,0.3697652903836257,0.3946934624815687,1.1933123607886609,1,4.304676200995509,3.1690460325422776,6.73322890266488,2009
002118,创联子份,C27,2023,1.9404350572128262,23.340431502071628,0.376574534903477,0.3798929958943009,2.70805020110221,0.26830088811191255,0.4051076776985144,1.6678407493481948,1,7.76617797623641,4.169290307119402,6.688312393824618,2009
603276,联联材份,C40,2015,1.4879563175928254,20.39375486080359,0.18018507235941877,0.05410939648041585,1.0986122886681098,0.4626338479485383,0.2787722554152736,1.5303580154129348,1,12.536328882382858,5.228304798795167,6.970510943472233,2013
603276,联联材份,C40,2016,1.6731388934292748,20.329274002507024,0.7001243965886356,-0.008881617127395835,1.3862943611198906,0.46889669562014835,0.35692581255008843,1.786678401599644,1,9.368325864498745,4.4433140090423215,6.595769692927235,2013
603276,联联材份,C40,2017,1.8760476954835155,20.366764501363434,0.2502506059244065,0.25346672737649784,1.6094379124341003,0.22806022218661648,0.3916161773511748,1.5532891306937946,1,14.826902007450188,4.924044566717711,6.681538041136872,2013
603276,联联材份,C40,2018,1.7864038643033873,20.46144240485593,0.4673707826302214,-0.048949351732180554,1.791759469228055,0.3374293721863121,0.3411890245168791,1.2755974888997224,1,12.51239551067431,3.593855527236361,6.379663573964302,2013
603276,联联材份,C40,2019,2.0388750043832253,20.668560201428924,0.4449249549801017,-0.11886357413943756,1.9459101490553132,0.29326601984049483,0.3440662462388805,2.3992240176024526,1,9.610346742151815,4.38426732253508,6.500081694346465,2013
603276,联联材份,C40,2020,2.1742769682556853,20.573716921497518,0.3280438743754743,0.2353255072076972,2.0794415416798357,0.10792509110499571,0.39875642371162007,1.8599362286328212,1,11.537935315659428,3.8778626109728274,6.488942705910045,2013
603276,联联材份,C40,2021,2.3572299667752907,20.61243371834571,0.43363985904075786,-0.15547583683556115,2.1972245773362196,0.4786444964555787,0.3606057828927235,2.8730810269489213,1,16.575082670220954,5.581094648481303,6.44250448078041,2013
603276,联联材份,C40,2022,2.2831633167243686,20.770076782675854,0.4545877252423019,0.3882121823464961,2.302585092994046,0.35610209947241783,0.35905394423912673,2.7097591264078207,1,17.851717143996716,1.9884912923956644,6.860188782768599,2013
603276,联联材份,C40,2023,2.4446160130321943,20.895425512654324,0.6219696552283518,-0.07659682217515174,2.3978952727983707,0.296183373707379,0.3899982578428009,0.7326047092903707,1,11.13610748609888,5.132028284543104,6.897978081782331,2013
000200,中联料份,C29,2015,0.9524259859639252,21.613740890530373,0.6512236660813953,-0.061043988970000934,2.833213344056216,0.32207193550171825,0.45176338476128236,2.146187853898237,0,0.581209598217942,1.071530212264883,6.362814890944006,1999
000200,中联料份,C29,2016,0.887844765255625,21.521382918095572,0.43692839796565935,0.14437327062886396,2.8903717578961645,0.3263466295502334,0.3433215599132687,1.8890403365139041,0,1.987839622202006,5.239593753709778,6.6945130021489625,1999
000200,中联料份,C29,2017,0.5292811728597603,21.77228514813013,0.5876779340444183,-0.2684613700476344,2.9444389791664403,0.3698598768009201,0.3357637244498035,1.3237990496029104,0,0.6498958167609087,3.5519568980206913,6.595213102034727,1999
000200,中联料份,C29,2018,1.0618295694618956,21.65176862254052,0.5543050761573196,0.0771769364441596,2.995732273553991,0.25377564309034767,0.3667446830971866,1.937709797178202,0,-1.05459553221186,4.364832900920655,6.718264949891374,1999
000200,中联料份,C29,2019,0.9717945386314643,21.869853286630047,0.4124009431530351,0.2495869829984626,3.044522437723423,0.22655015938068718,0.3738764059141931,1.509132025214858,0,4.233864613521088,2.25649288906375,6.834436788282222,1999
000200,中联料份,C29,2020,0.934884530940942,21.7957331959907,0.4871909798499934,0.042483863600364394,3.091042453358316,0.2484882991084466,0.3322007202748887,2.685923921738281,0,1.6467038713262365,3.3390384741116534,6.8060407336870865,1999
000200,中联料份,C29,2021,1.1282356493942918,21.866015200601662,0.408901428595725,-0.32874151113709105,3.1354942159291497,0.3626253086861853,0.37845284167208937,1.0764152577592638,0,3.9057340621844823,3.3564049767266035,6.62235235140447,1999
000200,中联料份,C29,2022,0.9824546114804243,22.08673219753006,0.05,-0.15317905601007234,3.1780538303479458,0.4080841715826045,0.3675263373741659,1.2777158208788655,0,2.5609820654568356,2.9977544548599213,6.3876337499954285,1999
000200,中联料份,C29,2023,1.0687261828655665,22.05547702838909,0.6007739352589415,-0.08926614090482082,3.2188758248682006,0.1715051737435085,0.4256225545189295,1.5332439349289162,0,1.6745365562676358,1.6405116747733384,6.4355371602747,1999
000266,信联机份,C36,2015,1.2643264227475992,23.50440134880194,0.5104112707858066,0.19590685151040604,2.995732273553991,0.5912639372960624,0.3564916729680617,1.1433846454036887,0,-4.6595944083648835,2.9170549694717813,6.414028710595226,1996
000266,信联机份,C36,2016,1.3345379653899705,23.66150926758496,0.31472815138897176,0.20527342678104293,3.044522437723423,0.4970108981628344,0.31737319864083713,2.7867634583655634,0,-0.04224424501216191,3.398569617573789,6.401602772487977,1996
000266,信联机份,C36,2017,1.5224036521730335,23.566509928313284,0.6405878402172613,0.017769083837768394,3.091042453358316,0.05,0.379961403481172,1.4549062326402429,0,-3.8242523926575687,4.330379512915606,6.6766330741465465,1996
000266,信联机份,C36,2018,1.5255410612025686,23.605405960481548,0.3407216063161891,0.2672151711513913,3.1354942159291497,0.22168179687503436,0.3193270698692268,1.0288084244526123,0,-1.570446889643274,3.7429396575694165,6.620269805929719,1996
000266,信联机份,C36,2019,1.539979016382886,23.683494888627685,0.613659300972587,0.18483057095850403,3.1780538303479458,0.44510745448605243,0.3580260296880391,2.1629940020389435,0,-0.5270069544978221,4.5603636955393245,6.701531227964075,1996
000266,信联机份,C36,2020,1.4383125795670941,23.78497706437342,0.2431109756685796,0.16793182124965791,3.2188758248682006,0.4267650153602308,0.3617322398355419,2.4122750958627046,0,2.0042736146222353,4.362113372549399,6.666194242317456,1996
000266,信联机份,C36,2021,1.2566032966085596,23.98669393923577,0.5729556993210357,0.08883971113582495,3.258096538021482,0.2627018044816706,0.42248296163603494,1.5218400827439527,0,-0.7219003961943585,3.907568781112662,6.720301216735977,1996
000266,信联机份,C36,2022,0.992396977465787,23.95931795511884,0.13814506136664362,0.07084755486681181,3.295836866004329,0.17519292807166978,0.36948084012761123,3.1754910483164664,0,-3.0111162020183038,4.629634546111006,6.666048703584673,1996
000266,信联机份,C36,2023,1.3671285439150216,24.117267456011252,0.4636385408535217,-0.19315912466240565,3.332204510175204,0.3159597942849898,0.41163486420710976,1.7670653521933906,0,-3.038447474784795,0.8743441558996603,6.797857234828254,1996
601684,科联械份,C34,2015,1.6288736837958493,22.014014677829188,0.5840667099147001,0.612084338889857,2.9444389791664403,0.38095878013315443,0.48676551903750104,1.4530706890725404,0,7.263122969042532,4.215345970172652,6.692829990806822,1997
601684,科联械份,C34,2016,1.536528848161911,21.93309923935877,0.42536155162382205,0.4489747113542968,2.995732273553991,0.3566985373453299,0.39952039655124316,1.0220805589761621,0,5.788797250834453,3.7466407184996857,6.682059159186868,1997
601684,科联械份,C34,2017,1.5996564397418984,21.928592980942316,0.3381049312189516,0.08322104757757859,3.044522437723423,0.05,0.36680106599884826,2.1127926490309434,0,4.633829433154216,2.728458753304098,6.83380736290305,1997
601684,科联械份,C34,2018,1.5075279864451312,21.95034966486921,0.05,-0.14584646735557252,3.091042453358316,0.1422465259820731,0.44038240879754814,1.558791191921467,0,6.689949785171444,1.4673000743284756,6.637578294649486,1997
601684,科联械份,C34,2019,1.2957247011896724,22.08964886456979,0.05,-0.057540683156552044,3.1354942159291497,0.20887635914006236,0.4157940290365132,1.300455232975317,0,5.08512958445841,2.880076506926214,6.626595672532555,1997
601684,科联械份,C34,2020,1.28049393103775,22.083942803453315,0.48696209767847665,0.15724619110719615,3.1780538303479458,0.29375044990153215,0.34762977849204924,2.6293806594210563,0,4.328901675375033,1.7762602627471893,6.490551172281081,1997
601684,科联械份,C34,2021,1.474781240411496,22.165977112133376,0.290942143289734,-0.16425060046677128,3.2188758248682006,0.44155047062290304,0.3795345773723808,2.188833678140949,0,5.660338935891845,3.6170219729985043,6.513750916952994,1997
601684,科联械份,C34,2022,1.5230037162999686,22.146448678485076,0.5717180552700606,-0.4629456065844767,3.258096538021482,0.48551131757339144,0.35973860165039473,2.101838394389629,0,-0.07874968068878295,1.3935167074488395,6.418822754207223,1997
601684,科联械份,C34,2023,1.9754836048058644,22.301613608746056,0.5032657460686059,0.08102384010294185,3.295836866004329,0.2097578417762032,0.3592584337323258,3.318528728377366,0,4.682295326838417,4.420602855336738,7.033024440330647,1997
002451,远联子份,C40,2015,1.0378093951737146,21.02083022552897,0.5659718634323505,0.5308080951680552,0.0,0.293648038052278,0.36129516059120925,3.7261612573090654,0,4.486474056890103,4.965423919842263,6.667999652589978,2015
002451,远联子份,C40,2016,0.9698051118922261,21.007776607351843,0.4463700190133184,0.25310013485693705,0.6931471805599453,0.3161943054736148,0.39905374683598066,2.15150335761947,0,5.885444906993519,1.5515430076833487,6.657579689305129,2015
002451,远联子份,C40,2017,0.9154689543289278,20.98981114848996,0.3626779257275557,0.0972987814360852,1.0986122886681098,0.6143952165879204,0.4619809738156486,2.6947746101693477,0,10.165242440546082,3.311579135534934,6.574733785520599,2015
002451,远联子份,C40,2018,0.8119267538286099,21.25672846326294,0.4445723851609568,0.1677963315173946,1.3862943611198906,0.4225676812680287,0.3186007760458194,1.7242449825605615,0,8.496847480989647,3.215977755142448,6.946170073306391,2015
002451,远联子份,C40,2019,0.948306508018651,21.4001141443494,0.6551120685621048,0.19937291001243918,1.6094379124341003,0.13319105257781091,0.3388790252654016,2.5785093915003934,0,1.5629517496941354,3.3552038455381017,6.481773002447858,2015
002451,远联子份,C40,2020,1.2185638480609573,21.462097497850287,0.5345358038869614,0.07766645543609084,1.791759469228055,0.20776666619548778,0.3515284274973297,1.3090238334530833,0,7.176981015416555,1.9461426424481507,6.4689538596872795,2015
002451,远联子份,C40,2021,1.479165881400935,21.324986401981054,0.2551065000208921,0.09699180185874354,1.9459101490553132,0.5892590045975028,0.3436560580640581,2.4798914066890294,0,12.289976041887906,4.7530271330132,6.14640635621239,2015
002451,远联子份,C40,2022,2.0111835540753877,21.361024154832744,0.40575285577820897,0.1423110670757043,2.0794415416798357,0.39180568746997047,0.39913351286867094,1.8379545651366822,0,7.481100248301598,3.396531148731575,6.733179446945806,2015
002451,远联子份,C40,2023,2.090266350988495,21.440939844143788,0.36417203783469304,-0.023790424009131006,2.1972245773362196,0.44488072171285065,0.3741130050959973,2.034394732520586,0,10.014739714241475,4.900991564209807,6.558376177158909,2015
600122,新联机份,C26,2015,1.0008897404646053,21.320117708877202,0.2164544725585017,-0.06635382877953205,2.70805020110221,0.3882644526292728,0.2936279537815073,2.173990080054535,1,10.73349717719462,2.335296832169551,6.719031902129862,2001
600122,新联机份,C26,2016,1.1534562903391292,21.514183975358822,0.4104383352322283,0.20958009034816383,2.772588722239781,0.21136612467365892,0.41000427977724785,1.5638704699215773,1,11.26243770063565,3.070084760591458,6.742352094618854,2001
600122,新联机份,C26,2017,0.9375822696260543,21.411534803538007,0.2881027448250516,0.03024273713933577,2.833213344056216,0.13942945305918886,0.42702871700352774,0.50376220758297,1,11.400116691467273,3.0874432841933888,6.682533998241286,2001
600122,新联机份,C26,2018,1.1176279494930395,21.52378833207153,0.13992459148352498,0.04699047184816747,2.8903717578961645,0.4335712466434887,0.3645702563909715,1.576113823159336,1,11.92766915592376,3.480244863020196,6.872397535552989,2001
600122,新联机份,C26,2019,1.2312935056330372,21.578422600421323,0.5477604749447527,0.24222038099246368,2.9444389791664403,0.1930008259564818,0.32485122106896985,1.242194107782016,1,9.80159647005446,3.839642557483711,6.582846324091459,2001
600122,新联机份,C26,2020,1.3144657613599318,21.51372931218377,0.6392546173472936,-0.12744692639455463,2.995732273553991,0.38857106968056776,0.3714549710029474,0.7571643951509386,1,7.649323445045778,3.517937681244799,6.570246844485115,2001
600122,新联机份,C26,2021,1.3710735887212653,21.67019120812903,0.6334096932632055,-0.3041980316775329,3.044522437723423,0.2666238681892993,0.42740085028802655,2.6002812777800925,1,10.115905618125232,2.576308599045247,6.4452094123229,2001
600122,新联机份,C26,2022,1.2995902621965107,21.908161207353533,0.4010766206268575,0.15804611130861687,3.091042453358316,0.3399679882393912,0.31675370323673663,1.6069533838276322,1,10.70754552813287,4.293140803463805,6.675141273883843,2001
600122,新联机份,C26,2023,1.307652033304574,21.798071599995428,0.5824114621183953,-0.3139798587637952,3.1354942159291497,0.5110484360215334,0.3463034872499089,1.2086322052596947,1,11.235232841785463,1.9298364395101133,6.581695786466142,2001
600803,新联备份,C34,2015,1.2122248826872744,22.280180003946615,0.3496925971962834,0.07786699831143647,1.0986122886681098,0.3971838739807001,0.3930716127339433,2.08736150678136,0,6.646865796386607,3.121337267123284,6.693019111247292,2013
600803,新联备份,C34,2016,1.0635569805181344,22.26988459053777,0.3995723852774704,-0.017319361184938802,1.3862943611198906,0.09804727935502094,0.42020693896713424,1.8240145139856987,0,6.0826366011814,3.1822186697494557,6.464357308814474,2013
600803,新联备份,C34,2017,1.5791174111619148,22.510467281298595,0.14213435763471904,-0.33423629295268464,1.6094379124341003,0.47089486706138334,0.460455435207251,0.6182617476150878,0,9.495006989305956,4.740346854763381,6.674500095313476,2013
600803,新联备份,C34,2018,1.3635563539410989,22.370075929836116,0.6283389914272807,-0.02656022712869015,1.791759469228055,0.36773643877055967,0.25,1.9184206219247328,0,2.0186169273359864,4.242163565354787,6.615030813422962,2013
600803,新联备份,C34,2019,1.5687614789883535,22.41428040145032,0.20579772133661012,0.2204322723620954,1.9459101490553132,0.20802894818274864,0.31777338198646365,2.3898009919540955,0,4.607273512586589,4.091687850010809,6.645325826911157,2013
600803,新联备份,C34,2020,1.8367105828115853,22.606050894273945,0.08845963047817212,-0.6467931045444155,2.0794415416798357,0.13486803896104568,0.408988863859161,1.857165839748144,0,3.7988929175888844,4.805521411825076,6.834165868723358,2013
600803,新联备份,C34,2021,1.9764760155282337,22.582694259570186,0.5225795522053742,0.37409779844404545,2.1972245773362196,0.19074264242827693,0.3728604860436354,2.750493585967233,0,4.041370009826044,5.110295274956046,6.632967227380886,2013
600803,新联备份,C34,2022,1.9835356637783195,22.609047959113482,0.38136537411880994,0.0006382200786315372,2.302585092994046,0.5140155351132998,0.4944693504672188,1.8774124803029,0,6.954355569074658,2.8374262587829007,6.8574539425321,2013
600803,新联备份,C34,2023,2.2010297167812634,22.696786914812016,0.31164012360298304,0.2701468461819635,2.3978952727983707,0.05,0.36244418151258867,2.2108884173003807,0,3.6680120629909205,3.453591424715426,6.651150811403787,2013
603130,联联智份,C13,2015,1.7020053185551025,21.937542039826244,0.30916898565002465,0.520035271217691,1.791759469228055,0.275960815822232,0.43448578660816,2.311010050687776,1,7.344494264204812,3.1030612973060765,6.8854314534543,2010
603130,联联智份,C13,2016,1.890114149913369,21.766297979838374,0.6583138072027117,0.11813355292002256,1.9459101490553132,0.44954998477069946,0.3522937533719129,1.3693884347581315,1,3.1556039367645927,4.003412394870547,6.9769513571118,2010
603130,联联智份,C13,2017,1.6934544997058074,21.86567353960116,0.46559624958408474,0.0753672092896461,2.0794415416798357,0.3983859380071033,0.3792112906295754,2.6738863849526107,1,4.467214802864949,4.374996614118432,6.516196488957615,2010
603130,联联智份,C13,2018,1.4681829580651995,21.873519600523505,0.1703083668597342,-0.1348309383722032,2.1972245773362196,0.16209547344150704,0.41475755983001233,2.6075486654363926,1,8.894076818459599,3.549398593727995,6.680674227469931,2010
603130,联联智份,C13,2019,1.8549456334174756,21.986341622288375,0.6603352635725621,0.01724162602701168,2.302585092994046,0.3185279251316346,0.40143776483107446,2.1373897600815646,1,3.4441352204390636,3.4048467415576535,6.43391029443438,2010
603130,联联智份,C13,2020,1.8649697582535105,22.058463356401514,0.4802358277809685,0.5102253517673754,2.3978952727983707,0.39264096756921646,0.27726372513432085,1.8404412604129097,1,4.0331819840013825,3.88059431932604,6.623740630385086,2010
603130,联联智份,C13,2021,1.9758366427204386,22.2416569839866,0.5949909533643782,-0.12424411691357334,2.4849066497880004,0.4343104599274937,0.3590602589357322,1.4501037565564256,1,4.608737469410465,1.8815560997236012,6.688640244002955,2010
603130,联联智份,C13,2022,2.5176300132604816,22.252276235183114,0.5675967161467885,0.6392428625888635,2.5649493574615367,0.4012368606217493,0.2862900329034169,2.0016380731950694,1,4.489125825063111,3.489095011500198,6.975651507402216,2010
603130,联联智份,C13,2023,2.441562373783939,22.293020041452365,0.15666795813390916,-0.25171783006883536,2.6390573296152584,0.1135507798978273,0.3947511803368756,2.150481809383085,1,8.774933641059258,4.599825395864571,6.669180770889137,2010
601334,通联科份,C29,2015,0.5367437890268123,22.862909345173478,0.6226206795675747,0.1786228986209527,1.6094379124341003,0.33781422483428003,0.4236202365597498,1.2092196273196478,0,6.063984728225428,1.0266126816381607,5.9035327007851945,2011
601334,通联科份,C29,2016,0.8669899301165627,22.921769024230628,0.32629898828322434,-0.033489926618630234,1.791759469228055,0.32290285772396404,0.4152792166907059,0.8751077907125653,0,8.554899664897448,2.5658564725230577,6.5101127411384745,2011
601334,通联科份,C29,2017,1.0518148446337565,23.095147441097676,0.41739298553763154,-0.2632041222115541,1.9459101490553132,0.3478761049645484,0.34471260135321846,1.868820364013577,0,5.73138104197607,1.5172038386358828,6.55011730213677,2011
601334,通联科份,C29,2018,0.8652681770456447,22.989518784695623,0.2014108409720731,-0.014956802906039238,2.0794415416798357,0.21811081634843368,0.3897696219523565,1.9425577468191397,0,8.65909578479505,3.8722675887748506,6.499243097826433,2011
601334,通联科份,C29,2019,1.027558707878053,23.19779201672816,0.7716263325571704,0.08984176169774202,2.1972245773362196,0.31828393779452213,0.44538595551049814,1.652470454214436,0,7.0306402399205545,2.764304750524443,6.7080714405917705,2011
601334,通联科份,C29,2020,0.9957438663847893,23.194478246515548,0.37705410512528686,-0.002464157115619158,2.302585092994046,0.28517767257660975,0.4323369518063096,1.388999981054191,0,8.879405726364563,3.15735224865238,6.462389071665026,2011
601334,通联科份,C29,2021,0.9330925923268408,23.034274259971433,0.5341303660680444,0.040413564315810356,2.3978952727983707,0.3627007980750817,0.34934241043931197,2.140556832249408,0,6.288072965802999,2.9458893140769957,6.470051140673254,2011
601334,通联科份,C29,2022,0.8596031632204051,23.375612230556424,0.4525707753578672,0.025298130697634414,2.4849066497880004,0.2758783132870503,0.3982053629178808,1.5866892800677697,0,4.842811490920485,1.7265550632262996,6.548547248338819,2011
601334,通联科份,C29,2023,1.1095543780924897,23.467539575478735,0.40447527966717617,-0.4860889735841609,2.5649493574615367,0.3098887586242393,0.39670013716977914,1.193165189800638,0,4.0133277335125905,1.8577723343041694,6.574592136563102,2011
601323,新联料份,C38,2015,1.512623490314593,20.870946937551366,0.6237789522536594,-0.25313305551382437,2.70805020110221,0.28625219907932953,0.32508863510816155,1.5492164060007765,0,6.175007430189352,3.8926361467246906,6.50077644825948,2001
601323,新联料份,C38,2016,1.4207789784312628,20.93896315197418,0.4494586954787445,-0.1573645724085356,2.772588722239781,0.33896417669548434,0.3527621926639267,1.1396581669245025,0,7.384028894357063,3.4790788494712213,6.644117544256412,2001
601323,新联料份,C38,2017,1.1982450772859004,20.999252562050152,0.43635418999259024,0.23479929037945155,2.833213344056216,0.13590474851270654,0.3766816844698207,1.953142644627277,0,8.532971046582176,5.698001023340765,6.673364402333516,2001
601323,新联料份,C38,2018,1.3160674593796213,20.98031121326134,0.30615727142132637,-0.03933552189583632,2.8903717578961645,0.271238661542305,0.41925142232442447,2.273732807915459,0,12.5206205988411,2.2233066079647865,6.589447312279916,2001
601323,新联料份,C38,2019,0.9593510673810126,21.020135065606144,0.41060357767372757,0.3349952546937178,2.9444389791664403,0.05,0.3526258006925821,2.6370951225515284,0,8.808305137879085,3.8661815271625746,6.500181178260874,2001
601323,新联料份,C38,2020,1.2426945135048557,21.199960446297336,0.5751666592897872,0.3767085669090111,2.995732273553991,0.3080332964512654,0.30561581982549296,1.8975562837066275,0,7.4317934190326795,4.4591860084765615,6.781892944749703,2001
601323,新联料份,C38,2021,1.0843871324941063,21.1650945363557,0.5413671912018463,0.06140739699344972,3.044522437723423,0.49826533517772714,0.3975863572984511,2.3975173800615797,0,8.221077114290527,4.934177746708745,6.670273997149183,2001
601323,新联料份,C38,2022,1.0554317760344456,21.305211752851896,0.44848127648665387,0.014891060021809604,3.091042453358316,0.23925847956772972,0.44526558009674927,2.0653566620336137,0,8.25027139484883,4.069372109166971,6.312290841980359,2001
601323,新联料份,C38,2023,0.7063449568579229,21.394006324231185,0.3272338637721867,0.21616594971521547,3.1354942159291497,0.2668815855109864,0.27580066346915477,2.1487729757152136,0,7.024380633455203,4.018810617893774,6.301700241651225,2001
600365,联联能份,C13,2015,1.3517020853120814,21.730644276011855,0.5315312907601569,-0.023931826795612454,2.70805020110221,0.5255667634612231,0.34574716422930607,1.401485602368129,1,1.387605827673018,4.5595142962393,6.66725174685005,2001
600365,联联能份,C13,2016,1.1816036409298432,21.59784882117025,0.6969145979428851,0.1195288917215209,2.772588722239781,0.38512972919459026,0.4449103010192346,2.2183926089256163,1,-0.6066901310745662,4.036117372733382,6.633627894437303,2001
600365,联联能份,C13,2017,1.4237833662172517,21.948288264909845,0.4406750280394531,0.17033905544094863,2.833213344056216,0.28567901516820327,0.43050798713489435,2.4858415565156746,1,4.759786666267653,3.239505747603574,6.663196177167095,2001
600365,联联能份,C13,2018,1.574222154775924,22.07588966923677,0.2795218669548412,0.10922383263822784,2.8903717578961645,0.44187133221685504,0.3662197759465966,1.7234085415556546,1,0.20319821839207275,3.3216564606444985,6.911059987526249,2001
600365,联联能份,C13,2019,1.5576957188704348,21.988466372651548,0.2634619618247973,-0.08947497576394935,2.9444389791664403,0.31602164602318666,0.38222224271483446,2.5348993076166124,1,4.768227788606159,2.5028470619427217,7.074356185977474,2001
600365,联联能份,C13,2020,1.5859945967176328,22.113087852437413,0.14553031249755127,0.20058650811722395,2.995732273553991,0.29423447695749916,0.35834106798612986,2.447106081737417,1,6.897207240539038,1.5534733219565475,6.660389253667958,2001
600365,联联能份,C13,2021,1.5628514437638863,22.19404766798211,0.06965423375521407,-0.19573750668372947,3.044522437723423,0.6012940353038507,0.3363479241441387,2.1968019249086717,1,6.713390653280172,3.7463704159778364,6.764631589913276,2001
600365,联联能份,C13,2022,1.5875641789853014,22.274196467131873,0.4424196546694442,0.2770958246220191,3.091042453358316,0.4341427992994639,0.3923172079294444,1.5370552502520416,1,3.479950290696601,5.575050761756457,6.4815936517776365,2001
600365,联联能份,C13,2023,1.2885878666580295,22.181320405002612,0.6080614709679064,-0.06041261482570226,3.1354942159291497,0.35203079086869843,0.25,1.8444063869183984,1,-0.42086466492809677,3.1308068234845403,6.609421175875089,2001
002306,科联能份,C40,2015,1.1730516116659182,23.68403879523755,0.4148129417129552,0.1499784916569102,3.044522437723423,0.13442612216064043,0.43886422211294335,2.7166214651387146,1,4.273103704601749,4.065214412161965,6.711987068489453,1995
002306,科联能份,C40,2016,1.5800739220262292,23.679030619259553,0.1316405091447546,0.4712745945811423,3.091042453358316,0.13572870106802878,0.3906765285968113,2.4015534156066556,1,11.173216499820873,5.082114418177297,6.425764871996902,1995
002306,科联能份,C40,2017,1.295223754700774,23.7271765143262,0.5789073806484144,-0.07675370496203113,3.1354942159291497,0.288888366514496,0.38533814619108236,1.8582268291900448,1,3.948417878030694,1.7235477495579825,6.46602828215765,1995
002306,科联能份,C40,2018,1.1511721629434157,23.855324107310153,0.47915296004765345,0.13567907263449103,3.1780538303479458,0.33011643740849617,0.4498988606816396,2.3057933617007267,1,7.833044074978064,2.0868538721215866,6.7149760857798615,1995
002306,科联能份,C40,2019,1.3220314515655414,23.815020256180784,0.2980942838789306,0.07991157777735078,3.2188758248682006,0.40798385793990816,0.30653890201514694,2.3380186942298735,1,3.8325665800993254,4.566528737829485,6.7030359529433925,1995
002306,科联能份,C40,2020,1.3327033404957507,23.989390640707423,0.212567963474137,0.13724619592700563,3.258096538021482,0.44417023192754035,0.36636860115354086,1.9404314004254248,1,7.177542578664883,5.239349827595097,6.681894640810214,1995
002306,科联能份,C40,2021,1.6889481522580096,23.943746492739514,0.4044679256341547,0.1499894339272626,3.295836866004329,0.37875499097894033,0.4375707361900525,2.303443862140871,1,6.82319901044492,3.714861504312863,6.747523882046875,1995
002306,科联能份,C40,2022,1.58877054364307,24.011631367879755,0.3961639763031865,-0.04727169752885825,3.332204510175204,0.4568063052541753,0.41944158197717135,2.215838255924484,1,1.8026687860023447,2.532837828736532,6.689859582917581,1995
002306,科联能份,C40,2023,1.8498347841242644,24.113867286515042,0.590571884616704,0.34873170862522807,3.367295829986474,0.42732768359228057,0.27503090856416407,1.8008977834011635,1,8.133558868084581,3.919788868527113,6.933823739179098,1995
601716,智联备份,C36,2015,1.6749927479423954,21.180342646970356,0.3621187259903991,-0.15749428158656056,1.6094379124341003,0.3277485593128767,0.38244333248495865,1.9876151421080026,1,6.733917824275504,3.610416853155999,6.589577877547525,2011
601716,智联备份,C36,2016,1.5954666153655868,21.360714305262125,0.39302243993915054,0.21754668273403488,1.791759469228055,0.2522326829092237,0.3879392361216677,1.703066454782506,1,6.454025701692376,2.010420150493351,6.645725396783156,2011
601716,智联备份,C36,2017,2.003290814752207,21.48540178776346,0.3356389465743882,-0.030472412228588576,1.9459101490553132,0.18223349323057264,0.4014028990589899,2.8883500066754024,1,6.241582285789676,3.804430286886771,6.582691969414434,2011
601716,智联备份,C36,2018,1.5413511987635595,21.766447423289538,0.7921392066286583,0.3758213955139932,2.0794415416798357,0.33266849090836503,0.433623061780424,2.383451722824092,1,4.781659536555799,3.6078993433419217,6.572138994806576,2011
601716,智联备份,C36,2019,1.7524956686172883,21.710184683286958,0.4636302393564181,-0.12005484758921785,2.1972245773362196,0.27887734974794454,0.32882667974921187,2.2172203627705485,1,5.252162436070986,2.924177680720011,6.611611779323414,2011
601716,智联备份,C36,2020,1.7476108610990255,21.71162765060367,0.6687931197189915,0.45933186912095214,2.302585092994046,0.08144679603667171,0.42058113169367084,1.4099158314894416,1,7.997278605770742,1.3996202974209764,6.771667831005336,2011
601716,智联备份,C36,2021,1.6398863420022136,21.819207948495443,0.23116981381965818,0.4855317271508507,2.3978952727983707,0.3297671896186996,0.39855490858838827,2.849809744084202,1,11.139711727897197,2.7986552985751434,6.62825393187184,2011
601716,智联备份,C36,2022,2.225170049078827,21.847437942110925,0.37950682266491004,0.13947488530913074,2.4849066497880004,0.4032102601755879,0.43650507415375145,2.1248780325676586,1,8.752020153509232,1.9857532235757662,6.819644351574423,2011
601716,智联备份,C36,2023,2.0764388395905464,21.886136883710556,0.3733145135837572,0.02000835716179499,2.5649493574615367,0.21183264744092262,0.42588938768774004,2.4587899992965574,1,5.420116853464559,3.102257938455575,6.990127176338474,2011
600270,中联子份,C34,2015,1.1620888088287549,21.283420350179465,0.5834901513123637,0.06484156233390652,2.9444389791664403,0.23080911751502614,0.4789053403849412,2.796292630189751,0,2.742283559877745,2.9552111537774173,6.8091061532304415,1997
600270,中联子份,C34,2016,1.0119485075067802,21.458532463758704,0.31346982365366527,-0.38001294064817637,2.995732273553991,0.5033523793552215,0.39406468958762714,1.6874131677653104,0,4.963687998936528,3.228760334095844,6.541315177316646,1997
600270,中联子份,C34,2017,1.0360099309288806,21.471491382406285,0.6481876049188858,-0.19342439740736836,3.044522437723423,0.5119906738862836,0.40443421656438877,2.0069343680594076,0,4.3855835896594675,0.7603262224859879,6.636762667878334,1997
600270,中联子份,C34,2018,0.9904221090599432,21.483323096161275,0.2871659776580881,-0.14428380925154974,3.091042453358316,0.505516645747981,0.3363133651909799,0.9342729507234506,0,5.08941796172893,1.547465808443905,6.630236430212555,1997
600270,中联子份,C34,2019,1.0775504885948493,21.437354375251196,0.3231077796603772,-0.04229882122407862,3.1354942159291497,0.432270471004328,0.4136578392926299,2.512865517279199,0,6.429611982901677,2.6236409248306156,6.458153431994119,1997
600270,中联子份,C34,2020,1.3222259117780242,21.517807541368583,0.4973510414633541,0.6126077872529112,3.1780538303479458,0.38332526952891754,0.29633687563490196,2.58662781590193,0,6.001040954287359,5.419213736129653,6.701778411476229,1997
600270,中联子份,C34,2021,0.9372118639620297,21.517256181329785,0.33949127716450855,0.36559066445464417,3.2188758248682006,0.36727608284219926,0.3652418646407749,1.0751595745072144,0,5.981228992370097,2.946682766544299,6.7510609473984955,1997
600270,中联子份,C34,2022,1.1604404744371284,21.420912571009055,0.668595861184566,-0.41465221411896913,3.258096538021482,0.41289309363696647,0.3520986559510587,2.530839663563622,0,1.3474768106325923,3.67288305819034,6.638250623358485,1997
600270,中联子份,C34,2023,1.5710992294025357,21.5754174142466,0.532597770635838,-0.02813470291268258,3.295836866004329,0.2662172984023514,0.35726094114889895,1.1904576892034764,0,4.303703378829053,4.592197084195886,6.749403268071967,1997
600480,科联科份,C26,2015,0.710606254294702,22.075361508852744,0.16080073239838,0.0874186848657927,2.5649493574615367,0.27470472516197275,0.30382263248650104,2.3068976462029993,0,7.772334706073984,3.8850040244330915,6.614971583586155,2003
600480,科联科份,C26,2016,1.2082260766354853,22.055706951889068,0.6681902168469127,0.40727100233000224,2.6390573296152584,0.6417220686949039,0.42832149969575073,2.180849889134939,0,7.804263703518462,2.5101173423979106,6.395776432558578,2003
600480,科联科份,C26,2017,1.0995910701315978,22.09261885976259,0.16802723557102783,0.2900639785388065,2.70805020110221,0.45927295261638545,0.3620223773193429,2.4695809135739113,0,13.288842996738564,3.50362985140357,6.353161015615193,2003
600480,科联科份,C26,2018,1.0810042182965895,22.04647057078467,0.2588902680630673,0.04568635531688735,2.772588722239781,0.28560275048139544,0.3896804048351049,2.4094324341563764,0,10.90710575242403,2.3149703257077316,6.669473755376456,2003
600480,科联科份,C26,2019,1.3779324940530953,22.288074760076427,0.30872910050847757,0.25469370503213384,2.833213344056216,0.2713688276423279,0.3287057542442432,1.4533736999745621,0,9.799856797640995,2.1236270571782216,6.536239463994178,2003
600480,科联科份,C26,2020,1.485552316895173,22.331411844404897,0.3132472088054965,0.04936158625342664,2.8903717578961645,0.382612202227213,0.3672603228705703,0.8080048202539722,0,8.663806252449612,4.564501812828949,6.4265120285276875,2003
600480,科联科份,C26,2021,1.1290463814384282,22.26775153127333,0.6902317357421431,0.004915166644634893,2.9444389791664403,0.4905325579091747,0.33440439390874627,1.6957831171905897,0,4.8976170149219485,1.5981734466814295,6.638970390065607,2003
600480,科联科份,C26,2022,0.8360681065703067,22.461366201989573,0.4004817727249344,0.44122413827262497,2.995732273553991,0.44808448761484676,0.38492108220021165,0.5770085157674545,0,10.694053090648566,3.8079992044831545,6.416763828678963,2003
600480,科联科份,C26,2023,1.1095514722375972,22.405946124817063,0.6044055893716987,0.3345409155531922,3.044522437723423,0.29856162373592326,0.4321891382062979,1.7712029480923075,0,8.740784434994264,1.325050240472403,6.481506860044219,2003
300249,智联械份,C29,2015,1.8474486895170978,22.768651873290604,0.2825365020519154,-0.3388317793654668,2.995732273553991,0.41322095413455284,0.4001246947498196,2.6006662047182987,1,2.6563786588815548,3.6571240379379963,6.494420103541606,1996
300249,智联械份,C29,2016,1.895043878882769,22.84189835881963,0.5123297282334748,0.148998868337683,3.044522437723423,0.11869262843892417,0.3325149222910156,1.2744367712015632,1,3.600869003724886,2.0954344974591086,6.908644440569862,1996
300249,智联械份,C29,2017,1.928297450176044,22.82242118152083,0.6452476586152827,0.040049112302977585,3.091042453358316,0.2985093555132943,0.45542377207513357,1.1858542389326399,1,2.2854668334921833,3.2808728909735234,6.723062791532569,1996
300249,智联械份,C29,2018,2.1383851573135524,22.869131248353224,0.20099625913533842,0.10634044333701635,3.1354942159291497,0.08491080354204586,0.39441052697670526,1.7268777252917482,1,6.167046112528307,2.3502282261528,6.941596530771109,1996
300249,智联械份,C29,2019,2.0373065517048583,22.880076584300408,0.36404518995401247,0.15979253750237887,3.1780538303479458,0.3571818927947571,0.34275633470963573,2.06429544283669,1,5.400613622230685,2.8488818566251615,6.8999326310566556,1996
300249,智联械份,C29,2020,2.0472887295171267,23.007729574992915,0.21577598293049516,0.08107218543409482,3.2188758248682006,0.3118863558984977,0.34234645675929765,2.619962710940079,1,6.592638447482717,3.5751287822432967,6.58283562279698,1996
300249,智联械份,C29,2021,1.8570853408794676,23.055216404109174,0.5070878350141841,0.49297497592825923,3.258096538021482,0.458149920476138,0.40919886020100427,2.615298482674941,1,6.168631647079173,2.5697078190673945,6.541632059992179,1996
300249,智联械份,C29,2022,1.801136125927822,23.12482785521562,0.689908145044581,0.17462950382761303,3.295836866004329,0.3262659376475422,0.329697973101683,1.788931338901698,1,4.0063434425358615,1.979686704912148,6.412526264381984,1996
300249,智联械份,C29,2023,2.0224012029069875,23.110067068802937,0.3561025157946957,0.0017162470628959148,3.332204510175204,0.4836616184026823,0.3514738239213488,0.5,1,2.9606170487223498,3.0185594560526945,6.884967741923106,1996
603710,新联子份,C34,2015,1.4416382256049005,21.83013632393565,0.13568388191397363,0.12780454092257393,1.6094379124341003,0.09047204264541345,0.345404711239369,2.109703506640755,1,10.289531826889231,3.692271858944294,6.5457080494852935,2011
603710,新联子份,C34,2016,1.3335250835017063,21.90840441569736,0.6942372641219253,0.24111275130330326,1.791759469228055,0.09441278575001691,0.40793902843207663,2.887078724251579,1,5.366334611440684,4.8066296622304225,6.6080405213568945,2011
603710,新联子份,C34,2017,1.5875088223037248,21.77464956826897,0.3024773476813336,0.04042095214539438,1.9459101490553132,0.23148498430428033,0.28304220217094544,2.5920685572514888,1,6.769604974487388,2.5367720342624107,6.576627667613718,2011
603710,新联子份,C34,2018,1.4693348557398735,21.960154226638394,0.3860724052983775,0.2137716482163748,2.0794415416798357,0.22232907806499635,0.4419632192427852,1.3086308639536726,1,11.613493404348315,2.4316118063892174,6.6456251155210175,2011
603710,新联子份,C34,2019,1.4471218911758652,21.926081858781995,0.5096001843823035,-0.13500767571519545,2.1972245773362196,0.12284404391079642,0.4444285687424833,2.627863583849875,1,7.9126329114596095,2.3298388332406925,6.580598030063421,2011
603710,新联子份,C34,2020,1.504342370029287,21.991666689394563,0.716166794783002,0.3219289949523011,2.302585092994046,0.2603822993915723,0.4084071229385138,3.268894738839193,1,9.058954238303556,3.382499107384356,6.5200846108007156,2011
603710,新联子份,C34,2021,1.7171643646210555,22.00444740279302,0.2626994218777674,-0.028975867132375384,2.3978952727983707,0.11426770847489062,0.4857616202153902,1.7676971788106606,1,9.132518446194673,5.253731248261764,6.663493263246067,2011
603710,新联子份,C34,2022,2.1888209550636692,22.03879258044927,0.49006578075333823,0.1715136958618838,2.4849066497880004,0.34330902167162597,0.4325988984742111,1.1075780909874293,1,10.081402398010935,3.806441240507621,6.773113244551948,2011
603710,新联子份,C34,2023,1.8538413280299961,22.23772552833947,0.5114385608630008,-0.1847078636732875,2.5649493574615367,0.1575184152569284,0.3647706140263338,2.7510638671764474,1,7.917760525703192,3.8974310907612146,6.638073684973774,2011
002776,科联械份,C40,2015,1.5129864925217542,22.433687981528383,0.4721994624987835,-0.09776213533204689,3.044522437723423,0.3316536504253427,0.3352347364006373,1.984167773174106,0,6.223687454464991,2.8437833700050046,6.627035785719885,1995
002776,科联械份,C40,2016,1.434834336629117,22.3950402680973,0.7086893159494124,0.06091712323449,3.091042453358316,0.2851390988302482,0.3670234258346607,1.2473228360482151,0,4.10752839261275,4.075643109116004,6.7772769557106765,1995
002776,科联械份,C40,2017,1.2897315904263102,22.4778540131846,0.7132311622635276,0.49029727005681945,3.1354942159291497,0.5727186865977774,0.30509608645804004,1.102232803374586,0,0.7963429940580226,4.785027825562592,6.707145429486174,1995
002776,科联械份,C40,2018,1.715224683134501,22.507657475996123,0.39247749888199934,-0.20293995981707294,3.1780538303479458,0.3506046872529534,0.37435034815450297,1.1192716541980952,0,5.847839739585499,3.6899235774755885,6.532381974113656,1995
002776,科联械份,C40,2019,1.870424989942462,22.539931763856973,0.5682490642326684,0.02282742683188417,3.2188758248682006,0.3005167933725699,0.3016258032309004,1.7239331319255329,0,6.24463513813953,2.1362145765295972,6.7959715363019235,1995
002776,科联械份,C40,2020,2.090904176725533,22.562295229471516,0.47448350874646567,0.06173661965742229,3.258096538021482,0.42670536785377833,0.3473670168072803,2.195541574231881,0,4.33121974849415,4.039940900291089,6.628705633205944,1995
002776,科联械份,C40,2021,1.8779734103498225,22.85947777096405,0.5893666707222044,-0.21206480318670534,3.295836866004329,0.167682015069267,0.3578434711882248,1.3081642424186,0,7.608342251220007,3.064096512105603,6.555826083056908,1995
002776,科联械份,C40,2022,1.778634370233251,22.8418458009829,0.48085517590712856,-0.07782918834350433,3.332204510175204,0.22490224020112942,0.4114220819937089,1.5618653653650874,0,3.9143546213673552,3.1934864089602155,6.697778131869053,1995
002776,科联械份,C40,2023,1.7597125226576231,22.845223244429178,0.49884365840377964,0.07941965045984527,3.367295829986474,0.3942187116279319,0.3284295929051908,1.622924389480163,0,8.412762158288936,3.186158928461294,6.68406613865908,1995
601390,新联备份,C40,2015,0.4910662729145788,22.34929690344324,0.4995868788181925,-0.2318056659470389,1.3862943611198906,0.21998513230744737,0.41661115304339497,1.0948193310041947,0,5.141906295851522,3.944740099593041,6.653331579174544,2012
601390,新联备份,C40,2016,0.8278482763140349,22.538431611774115,0.44163137224292237,0.2838920870700519,1.6094379124341003,0.22115320533448746,0.3536733496135227,1.755814526148486,0,2.6519942230800364,1.1034613603414412,7.002297870272246,2012
601390,新联备份,C40,2017,0.6406188982160872,22.512544910515565,0.5440677246899971,0.22011742533448583,1.791759469228055,0.6197626182025666,0.4332269523368216,2.6607098171240358,0,2.007880558454496,2.0494450654261227,6.989351190710887,2012
601390,新联备份,C40,2018,0.7383041061778405,22.333167580108803,0.5846093864330835,0.23289995357035304,1.9459101490553132,0.38642556354050955,0.41034540363714817,1.2355580549567158,0,0.398606212194328,5.048479795851804,6.539601702692292,2012
601390,新联备份,C40,2019,0.8597097742605485,22.478540466097016,0.4492098062329654,-0.22339677231542426,2.0794415416798357,0.4531434444315221,0.43359530701767607,1.8288872448911855,0,1.9481568868969772,2.3985180784637605,6.4439345783351945,2012
601390,新联备份,C40,2020,0.8748405141047302,22.583407668444924,0.4526823805609159,0.1476116877649034,2.1972245773362196,0.363864625161116,0.365080977316703,2.3279593526521167,0,3.122664605891296,2.256669158983846,6.698068864679037,2012
601390,新联备份,C40,2021,0.9820397239137766,22.741372073228156,0.265407845367172,0.14702101784591054,2.302585092994046,0.19072055248198788,0.42406753840421385,1.0004070844831277,0,9.36756174391155,2.743008221303893,6.714330252685691,2012
601390,新联备份,C40,2022,1.465440133502817,22.728929573645775,0.3854091420624632,0.07803989516914492,2.3978952727983707,0.4623592791422625,0.33772879154281793,1.157197299452081,0,8.29120655729311,3.562232712810159,6.666878201477531,2012
601390,新联备份,C40,2023,1.5889057003837053,22.69263104379341,0.4869827139349539,-0.1584651113347184,2.4849066497880004,0.22341438719647877,0.3893333793765373,1.8765615647617182,0,4.575027631557126,4.0717306230562516,6.816183312128319,2012
300850,通联子份,C36,2015,1.0573743898661172,22.470976798398226,0.5516714890573844,0.5825286320862564,2.4849066497880004,0.5035702944733949,0.3934278665555801,1.7688323873130827,0,7.691326773352869,3.2780504198578364,6.58504980676823,2004
300850,通联子份,C36,2016,1.2059197732270857,22.60875624051442,0.5818544664437392,0.33449285871268414,2.5649493574615367,0.05,0.37307790664789314,2.0746528341107053,0,4.3315360291226215,3.702368096853918,6.710071995389316,2004
300850,通联子份,C36,2017,1.3524476269059595,22.49512802184372,0.3532702995551946,-0.3173252993184634,2.6390573296152584,0.41567483518568793,0.37608324507899027,1.5938014222994572,0,9.368849428447,3.194062138104469,6.625281001956208,2004
300850,通联子份,C36,2018,1.5192395318315954,22.704400492608574,0.5323536887858351,-0.02320857838665658,2.70805020110221,0.27971190769305504,0.39675895235689074,2.486061231986785,0,8.484384608875677,5.558448641236876,6.52590518130353,2004
300850,通联子份,C36,2019,1.8575245893755559,22.465947729281634,0.6664202613827703,-0.23382376301196717,2.772588722239781,0.46913173152417376,0.29828665928024695,1.4597393147923627,0,0.7823693156170937,3.5297556513884634,6.769418011181931,2004
300850,通联子份,C36,2020,1.8071146285448032,22.719410597099955,0.3088217672991984,-0.05394651996227577,2.833213344056216,0.3649066743694039,0.3378255833001458,3.163643097777845,0,4.559991559181518,2.6014792449424347,6.710918142771705,2004
300850,通联子份,C36,2021,1.6474379160885992,22.828457117255702,0.2872938901704612,0.1359444824908284,2.8903717578961645,0.4628243054052899,0.3876443598980355,1.592302980047125,0,10.11685372798721,2.972262135837891,6.5231618911784,2004
300850,通联子份,C36,2022,1.8253730018367775,22.813287832233435,0.33374695008004346,0.24724416314202916,2.9444389791664403,0.24962815760502183,0.44125120134096085,2.2021899189463654,0,6.267968091221715,4.21081725353388,6.444541714113603,2004
300850,通联子份,C36,2023,1.9871097435254441,23.007317695039646,0.35772200705907087,-0.04574544647406646,2.995732273553991,0.24527592549986085,0.3517525525156531,1.3030281993865538,0,7.04249854902495,3.658905858065847,6.770522162922677,2004
300344,远联智份,C29,2015,0.644907254866124,20.906332418557657,0.36084057256800217,0.28083706047347845,2.0794415416798357,0.27438691642117574,0.3429474344971611,1.8789345716421342,1,3.4028047161277755,2.9171525284079975,6.7043320338017605,2008
300344,远联智份,C29,2016,0.9631357213977879,20.90943857459573,0.565137891361108,0.3262102351907096,2.1972245773362196,0.36949410801898414,0.30342023708796967,2.2674440680490386,1,1.0742910109915915,3.9007489116157803,6.764621417163707,2008
300344,远联智份,C29,2017,0.8020832118449733,20.825089607486422,0.5770477087819111,0.16223940791157743,2.302585092994046,0.3280011484302145,0.4263568538233009,0.9463684485574088,1,1.2056172182354832,3.52919620946829,6.701483780445993,2008
300344,远联智份,C29,2018,0.8100516884669763,20.879492194105445,0.23039391022770436,0.3194049702461589,2.3978952727983707,0.37886562025512455,0.3478427411879052,2.418513854748803,1,6.188732010996215,3.680080139135942,6.664664570486808,2008
300344,远联智份,C29,2019,1.044008461513258,20.867220165771553,0.5148452175031019,-0.05182074000706731,2.4849066497880004,0.4559245874080715,0.4767258567780954,3.2507689083404196,1,2.778254410362217,2.6752999539794455,6.428039273782696,2008
300344,远联智份,C29,2020,1.2468353900894205,21.174557558367976,0.15940716056115012,0.08534157378004265,2.5649493574615367,0.19380240123369075,0.36761755760087234,1.4562928825215684,1,2.925348516256828,2.0743531852377632,6.70523184553111,2008
300344,远联智份,C29,2021,0.9098015930040143,20.969445011913344,0.3058703047272108,0.3960054504930467,2.6390573296152584,0.275900800558904,0.34137150341786704,1.7149390776811073,1,8.154110333084661,3.0256963168718904,6.488681415335867,2008
300344,远联智份,C29,2022,0.9724274975283033,21.289554545925842,0.3050937457997118,0.21872912394292254,2.70805020110221,0.1820962156855056,0.3354429939144674,1.6183700757503028,1,3.575424034643044,4.018560391415733,6.740142159540225,2008
300344,远联智份,C29,2023,0.9820381038168585,21.434878985215136,0.4985100456837489,-0.10518700754580482,2.772588722239781,0.5999356207760613,0.34936267332325827,2.004425001691945,1,4.624515831450932,5.874348828764425,6.559238629327032,2008
002840,华联备份,C27,2015,1.2569967019555255,23.790398853995267,0.5457027796393727,-0.16910155370136845,1.9459101490553132,0.09301025000394994,0.4137133284098118,2.4384798809808936,1,4.258830283877382,2.242079317509236,6.645125522401421,2009
002840,华联备份,C27,2016,1.535368703120506,23.761437870142235,0.5270731387809561,0.07266064862604653,2.0794415416798357,0.135781721192737,0.33032472116566475,1.8263803365129878,1,6.321441842423618,3.6091326608581307,6.626868586266896,2009
002840,华联备份,C27,2017,1.5388947958921277,23.88391392688775,0.35725622261498147,-0.14934979099661483,2.1972245773362196,0.22917247522332446,0.42150279204373087,2.1133494512490314,1,7.863273028396541,2.302433183484423,6.595416575374319,2009
002840,华联备份,C27,2018,1.1504311468945712,23.953545969251714,0.4987154309193422,0.032306626964106466,2.302585092994046,0.4349769938148528,0.29974392080511264,1.980003882493014,1,9.267094278341908,2.1714923470940755,6.582977299842031,2009
002840,华联备份,C27,2019,0.9955533726451175,24.139243969780203,0.5844642687967889,0.09596644022028307,2.3978952727983707,0.24528265108696481,0.4110094295613241,1.7801821711382975,1,4.4256683760022195,2.283286280922564,6.591621817371188,2009
002840,华联备份,C27,2020,0.9777177725948171,23.904243798027423,0.547416472569467,-0.33667841746472793,2.4849066497880004,0.30086772434915693,0.41964160791099564,1.2886240482515068,1,5.589656320194354,2.7056405224808264,6.809173926808714,2009
002840,华联备份,C27,2021,1.2331200367221258,24.11242797028405,0.2603559449169722,-0.050861000373158334,2.5649493574615367,0.4204298876769574,0.44801049145712835,2.3204034000723404,1,5.83850847363685,3.627621113810985,6.800573372590696,2009
002840,华联备份,C27,2022,1.4436921953407895,24.13899652945568,0.4311728442187876,0.10714436366529709,2.6390573296152584,0.33568174629499825,0.4508857065496835,1.9118748088715207,1,8.330316846585939,2.326252360758925,6.849024886649968,2009
002840,华联备份,C27,2023,1.5814509435577861,24.072754385779227,0.5407122698209568,-0.16555644971976197,2.70805020110221,0.22351366171751402,0.3492603411481406,1.8378119718069563,1,5.6658726479112,1.805494714278997,6.4972096588594805,2009
601556,创联科份,C29,2015,0.8414759218845528,21.371891923245872,0.5296607297372017,-0.16400196542149462,0.0,0.6302029357177861,0.43904851364303377,1.992921025298177,0,4.814963728021192,3.4807359910154916,6.821693635542748,2015
601556,创联科份,C29,2016,0.7043440948517947,21.410552649055592,0.4526831479682744,-0.1956348062960003,0.6931471805599453,0.24018715131497753,0.3691405941584883,2.3600007023914977,0,8.884552604257406,2.7517894408698806,6.398938126534052,2015
601556,创联科份,C29,2017,0.8792274573785126,21.348153813828716,0.402390552892121,0.2942557548864766,1.0986122886681098,0.4427301938472797,0.3318517974959057,2.1635542071672433,0,10.252396452052816,3.5559098194584466,6.4592966576550195,2015
601556,创联科份,C29,2018,0.35026109187862936,21.68917657860658,0.3991558584790868,0.31848695772817426,1.3862943611198906,0.4201409159434355,0.35586788235478833,1.1859965808166735,0,7.961632508389463,2.2074449984869284,6.477471707393294,2015
601556,创联科份,C29,2019,0.34820034030811853,21.57119043677377,0.32116813298640023,0.10590328204975309,1.6094379124341003,0.438961462513007,0.3662103723963036,1.2974063269113616,0,9.554866598120086,2.671620954085653,6.601690569669993,2015
601556,创联科份,C29,2020,0.19936260835132885,21.709690913317072,0.3498140757174113,-0.35952607311517437,1.791759469228055,0.32978715928946106,0.3040520706127062,1.1815219961797692,0,5.414546041313235,0.522136651038823,6.443704716857989,2015
601556,创联科份,C29,2021,0.6585967978358256,21.763666640623974,0.2874223469613421,0.15158745117417224,1.9459101490553132,0.39083826664460986,0.3622568089981751,2.2984749792595913,0,10.160324282360653,3.2481783140557954,6.54081149918435,2015
601556,创联科份,C29,2022,0.574372879155829,21.8751195583851,0.4340391229980312,0.27169560188934805,2.0794415416798357,0.3518561227903824,0.4168202189433543,2.7212323230038207,0,9.609332403657977,2.7692217734407887,6.560068057397035,2015
601556,创联科份,C29,2023,0.6337011631012283,21.830814039873058,0.6273296476744262,0.014998320125980312,2.1972245773362196,0.20769828578578398,0.3040821555414328,1.3764603919228342,0,5.708965451303978,1.3636337883968677,6.444261687809527,2015
600444,智联科份,C13,2015,1.6686510090426308,22.51424108114534,0.5488842460210079,0.2264039970152503,1.0986122886681098,0.31294221225717517,0.32470069216777386,2.5269353284968092,0,4.751641071962737,3.3988994760146687,6.6235457846812364,2013
600444,智联科份,C13,2016,1.5483875967596565,22.615933980413196,0.4130169318890078,-0.03916760294570995,1.3862943611198906,0.35347220705213295,0.4564927186414015,2.709692557996319,0,6.555885045114946,2.6832944884824665,6.563535420742569,2013
600444,智联科份,C13,2017,1.73239637056241,22.63296355666124,0.4494042852720359,-0.15665845493850863,1.6094379124341003,0.4114402521340576,0.3382961399011607,1.0349348450163438,0,5.178270165515403,2.5688707619228626,6.585750801341556,2013
600444,智联科份,C13,2018,1.8672292402429038,22.638513371259652,0.28678485125950226,0.1014684859047686,1.791759469228055,0.2912450987290457,0.3714118355494663,1.23165596149747,0,7.375334137059107,3.3497443883481357,6.594566519212244,2013
600444,智联科份,C13,2019,1.880669486516054,22.72104085367719,0.14647114636668002,0.05417931441359283,1.9459101490553132,0.2897624645594675,0.39540110166033204,1.9820665950817355,0,6.956505872785697,1.97998229149642,6.503434293069827,2013
600444,智联科份,C13,2020,1.8395982827672404,22.786168239476943,0.45988968934185315,0.10640427476287347,2.0794415416798357,0.4451993510632939,0.3278289830767238,0.9151217771036512,0,2.960193722009638,3.9707198684201934,7.012519552860466,2013
600444,智联科份,C13,2021,1.808130795022844,23.02518948713229,0.386401997299622,-0.09484018125325411,2.1972245773362196,0.2827816863051049,0.45492419534421186,2.703725433242961,0,5.036271458118659,4.13269774893074,6.649999311570667,2013
600444,智联科份,C13,2022,1.5966481502428524,22.923014664385963,0.2634106813502353,0.3881143677334896,2.302585092994046,0.35423237040876193,0.38455951899014923,1.2042737582272363,0,7.373541084956267,3.0503727267316556,6.364734455437732,2013
600444,智联科份,C13,2023,1.6348381526099447,23.09512534009209,0.2861276326310007,0.45179818773464375,2.3978952727983707,0.15097880323364232,0.28483051608526905,1.5709870270574222,0,8.76454318217763,2.8356606514112555,6.777386263971238,2013
002560,创联备份,C26,2015,0.784105589884983,21.869974783740542,0.5508902723142186,0.1759709747534947,2.70805020110221,0.5147939701500812,0.34215586353138794,2.520925167061257,0,9.727760515753912,2.783932127916619,6.378301678558037,2001
002560,创联备份,C26,2016,0.9421630931877275,22.02070558684961,0.38855641534429575,-0.29800590472053134,2.772588722239781,0.38834294616865433,0.4081089475204772,1.2609916327561923,0,6.763370276120368,1.067220077657113,6.678444090097173,2001
002560,创联备份,C26,2017,1.3677318086627046,21.799839068717223,0.4621470994207176,0.15183701822604076,2.833213344056216,0.3215566993442159,0.39248221051170906,1.625991979455167,0,10.874794613579878,3.3136102870788853,6.429524552579018,2001
002560,创联备份,C26,2018,0.9814910582935022,22.085103854965368,0.38510032491590934,-0.1689178140667185,2.8903717578961645,0.3736196446787505,0.40820575425242345,1.7531260389884906,0,11.025630831233658,2.847981966269219,6.775155795284356,2001
002560,创联备份,C26,2019,0.9896019108353101,22.047486726141937,0.7119221531939837,0.28074059309253935,2.9444389791664403,0.21964351127556014,0.29549894539812765,2.1113095079767175,0,9.24641928940435,2.9214021277022497,6.711408864121917,2001
002560,创联备份,C26,2020,0.963252872135166,22.13646662681454,0.5652825142790242,-0.17146993374394792,2.995732273553991,0.49957734226848616,0.40436357951696233,1.876919328877418,0,6.939620699629217,2.5770057543558047,6.590034237494106,2001
002560,创联备份,C26,2021,0.8016483133339118,22.165319150945358,0.5416890270133797,-0.07276083771093383,3.044522437723423,0.4175410684396643,0.4519084640044343,2.134479125773467,0,7.129400639429109,2.503578625939456,6.877857620509092,2001
002560,创联备份,C26,2022,1.1777089121841815,22.12461118340533,0.38001496610426905,-0.17226385043693546,3.091042453358316,0.14423108719597244,0.3746352696181439,1.796029247776934,0,5.344611423020901,2.5895125994617443,6.646265448931832,2001
002560,创联备份,C26,2023,0.7160423842476882,22.285987706641404,0.35179684368885566,0.02913905989128486,3.1354942159291497,0.46228969230309724,0.38043158468938554,2.5427648614715275,0,9.549042114978247,0.4,6.298730394073936,2001
000268,新联材份,C34,2015,1.333561186622552,24.048139618901292,0.3894292743513722,0.25379178622023735,1.3862943611198906,0.2098518360752583,0.3429086572970452,2.9538247916739295,0,6.929555989801335,3.40831696870087,6.679610466476612,2012
000268,新联材份,C34,2016,1.417461384844633,23.92812929173181,0.2294647217844064,0.4883431605344437,1.6094379124341003,0.4518666961389072,0.3723361106465873,2.1713818212043052,0,6.7882055133814925,2.5981939075288385,6.833042075630335,2012
000268,新联材份,C34,2017,1.617872035015345,24.205720003291315,0.43332494213031375,0.3451590791545103,1.791759469228055,0.4192219770578952,0.37275248246151077,3.798001257848644,0,7.585035983476657,2.627171410586739,6.879531919952433,2012
000268,新联材份,C34,2018,1.65329735713975,24.141621535909177,0.16941848404468599,0.21549388907260725,1.9459101490553132,0.05,0.34636831857740324,2.713564639527827,0,10.606963183670247,1.967231898326519,6.737013171713601,2012
000268,新联材份,C34,2019,1.9691808165687414,24.343110825669573,0.5012218493085214,0.19546537168479766,2.0794415416798357,0.45324743943366685,0.45397487768377237,0.5,0,6.391443576512847,3.2443966953600127,6.959958100618179,2012
000268,新联材份,C34,2020,1.687269115112708,24.25405697545731,0.2516746069144539,0.33128056478223655,2.1972245773362196,0.4517787042756023,0.3378191518622472,2.259122318881004,0,10.31138009765151,2.945686032445991,6.544703868460896,2012
000268,新联材份,C34,2021,1.7459925345393108,24.34433018191313,0.10776474790404722,-0.09986078988333488,2.302585092994046,0.49507280292276407,0.43438591779830366,1.8239285441167743,0,12.158524945310457,2.08977276689318,6.871111053983408,2012
000268,新联材份,C34,2022,2.026661372181343,24.334708141101142,0.17010334650442294,0.2823279410419811,2.3978952727983707,0.46088947721144574,0.4588631001612176,2.8626696155412197,0,8.573026479528547,3.6821694452792957,6.783724001612885,2012
000268,新联材份,C34,2023,2.0899765977813307,24.52506194629516,0.35121396089083295,0.013001366910014307,2.4849066497880004,0.4187107974857701,0.33143596886970117,1.6248590575305326,0,8.155173065178984,3.390305607383785,6.949015661164532,2012
002765,中联电份,C13,2015,1.3074732453095028,23.182262812452223,0.5123970403306009,0.5686624270081867,1.9459101490553132,0.4705580687223889,0.2953550780095188,0.9790413146068947,0,7.847268446208999,3.1070568465465653,6.730645629539292,2009
002765,中联电份,C13,2016,1.3756632590188391,23.50878420689862,0.5292547972870344,0.350624373442856,2.0794415416798357,0.6493549648286082,0.45624321101212595,0.5,0,4.138782712583828,2.976954595815898,6.436306704603646,2009
002765,中联电份,C13,2017,1.6853033214924662,23.461838491621425,0.49245176997278506,0.0705971762339111,2.1972245773362196,0.5335432935670975,0.30640236055787295,2.85138353496592,0,1.8355914317474926,1.6092557771162053,6.761424248354874,2009
002765,中联电份,C13,2018,1.3326191534451712,23.292724196594033,0.35477731285832886,-0.07568821387321949,2.302585092994046,0.29727528693444194,0.34585950074661176,0.9541281030732011,0,6.7576128278301795,0.5120156917389607,6.503905970548265,2009
002765,中联电份,C13,2019,1.418065323855203,23.37121441110261,0.35702898670612404,0.07995802340509942,2.3978952727983707,0.22708170614297046,0.47486814327906995,1.1391066464748016,0,5.346812245646782,3.607694604004258,6.620406791010779,2009
002765,中联电份,C13,2020,1.2794032646183233,23.41708530347848,0.2610821395396483,-0.04755467953574101,2.4849066497880004,0.34828445571271677,0.3908205670410952,3.239832001764393,0,3.5723980793530536,2.172605937477689,6.670698178496849,2009
002765,中联电份,C13,2021,0.8694361709471865,23.453474135355844,0.49860712338878266,0.5117631009513766,2.5649493574615367,0.22169406015286386,0.3688563364039425,1.9644703676018684,0,4.963277329750115,2.5687036269724564,6.293635232722857,2009
002765,中联电份,C13,2022,1.0853373711948875,23.57405437652712,0.5380345306274804,0.10365146444074616,2.6390573296152584,0.28139300613039414,0.31153275434988725,2.267278750946408,0,2.495205171702505,2.6635974889047707,6.777991200868126,2009
002765,中联电份,C13,2023,1.1982721907032672,23.742592856698902,0.57402204914286,0.12479214129215446,2.70805020110221,0.2590497026454284,0.40810415506968195,0.7632959783949071,0,0.7630143255896161,0.8288202970576883,6.705259294194512,2009
300962,智联能份,C13,2015,1.3221737060110192,20.593406507135995,0.5615230826093329,0.11310350143689725,2.1972245773362196,0.3777346110427475,0.3537788217408029,1.4556455527168268,0,7.465777154023458,4.997311716438869,6.634784640564214,2007
300962,智联能份,C13,2016,0.6795474754720943,20.77676210960388,0.38462407101968515,0.55971222962845,2.302585092994046,0.39597320576683653,0.38134836390177573,1.4109659403951378,0,10.705457011073634,3.318925531970357,6.645080717790607,2007
300962,智联能份,C13,2017,0.9523956867590482,20.938941674491907,0.6784055217052302,0.1864223667350175,2.3978952727983707,0.5109202675137157,0.37120625526369455,1.6944740561796623,0,5.598756482105465,4.769432822712785,6.652432299205053,2007
300962,智联能份,C13,2018,1.0234220052999883,20.906709151380724,0.3191171309196118,0.06248551373133007,2.4849066497880004,0.249297770651637,0.3249674766628756,2.2734398636664244,0,8.332523707862691,3.0527224475682586,6.329487883427086,2007
300962,智联能份,C13,2019,0.8404872982025682,20.86071966719467,0.3026952277653012,0.28360525940134884,2.5649493574615367,0.2595739005728505,0.35353041726934775,2.9718998891722457,0,9.96689568531244,4.25727069457606,6.4476780684120145,2007
300962,智联能份,C13,2020,1.3264579808025254,20.827466893387196,0.5738107478745001,0.5846848667453997,2.6390573296152584,0.19023746827912053,0.2553007288706961,2.8596282214565973,0,5.0253669793550015,3.4806747336360706,6.996006004376228,2007
300962,智联能份,C13,2021,1.010462655541996,21.083639571512048,0.7933525964838161,-0.1769553918190862,2.70805020110221,0.41594344913803,0.42519502539687537,2.300315071168566,0,3.182858345682951,1.4748278311938836,6.765189260307753,2007
300962,智联能份,C13,2022,0.5380444920197227,21.073877011244317,0.3453654183608315,0.1576502242185355,2.772588722239781,0.17136275062431253,0.40882748905097377,1.3348499415130424,0,6.797660954862314,3.9338481334229556,6.49297869268157,2007
300962,智联能份,C13,2023,0.6331615928798353,21.08815628890534,0.3929005923570809,0.08314431960565019,2.833213344056216,0.30094214917266987,0.4141191364462955,3.1100919578884496,0,5.224773397335239,1.4109818402292256,6.535608477709864,2007
600253,新联料份,C27,2015,1.3534298102321147,21.857636681086888,0.20560654965305436,0.17816395005032706,2.4849066497880004,0.2538949204952891,0.3309843944714478,1.395408242486232,0,11.233942313274943,2.776324236041626,6.541744239231574,2004
600253,新联料份,C27,2016,1.6355208887433332,22.175063383276164,0.346716682803222,0.28437336372242905,2.5649493574615367,0.29975215095261404,0.34712289291141757,2.436255681176752,0,11.794335551360824,3.8283310978175655,6.686305281193489,2004
600253,新联料份,C27,2017,1.8651780142594971,22.280882126278573,0.3197529690044433,0.005921981991516119,2.6390573296152584,0.2709587405699232,0.4097204093444106,1.7293396433113046,0,8.568914320144296,3.2533389076281365,6.979970258316437,2004
600253,新联料份,C27,2018,1.685351486780748,22.194568493809264,0.5585267762777217,0.2932894604357491,2.70805020110221,0.6660222024091893,0.49625831137526355,2.9752755616829663,0,8.681891145446805,6.63166147930671,6.821092384026385,2004
600253,新联料份,C27,2019,1.283754815995342,22.270535565251773,0.30022170339118054,0.04599779247903801,2.772588722239781,0.5115965384620295,0.3376600321042835,2.151351667221287,0,7.3753114301403455,1.7875116693545106,6.834980971564279,2004
600253,新联料份,C27,2020,1.2850059189797458,22.277843933786208,0.3943123661505871,0.019935994880981207,2.833213344056216,0.3508074690551632,0.4177926672940944,1.9270595199705878,0,10.583375228455237,4.435173766525605,6.51909244618389,2004
600253,新联料份,C27,2021,1.4153446254175537,22.525184729680262,0.5451862209940165,-0.09109780896772568,2.8903717578961645,0.39382184765282285,0.47969757639257726,2.342674743874986,0,7.728804499833212,5.270206911644403,6.6970077705398205,2004
600253,新联料份,C27,2022,1.257147119390093,22.445655155577377,0.4555292967400097,0.28725707245908627,2.9444389791664403,0.20769054915379365,0.25310784882411663,2.82741507550815,0,9.383749436632712,4.567157644580756,6.759550118987398,2004
600253,新联料份,C27,2023,1.3172015823564598,22.569792605303768,0.6113710822393015,0.15793002742657722,2.995732273553991,0.3178642425226216,0.3497862351207756,2.5705718090634737,0,10.252821804809182,2.5311357428103802,6.589967298940889,2004
601210,联联科份,C40,2015,1.2227615555368363,23.78495161322428,0.2904263050828467,0.11652718159046825,1.3862943611198906,0.13266279343813378,0.4286938167573477,1.6092965176400968,0,5.0588515437877515,2.345307896778583,6.734183158080472,2012
601210,联联科份,C40,2016,1.3517209122394813,23.764581769454,0.5399450380794871,0.06671235779800044,1.6094379124341003,0.4038371569355578,0.43453833472717524,3.5024694927562017,0,5.217426804030593,1.8303005881665384,6.807950616468009,2012
601210,联联科份,C40,2017,1.6340279309905072,23.769743107468095,0.17291282186705073,0.5562764872611404,1.791759469228055,0.2348041117302046,0.27979511294959775,1.7186742769706098,0,10.287427074883057,2.8192377443949206,6.8445863770376025,2012
601210,联联科份,C40,2018,1.7492324661185075,24.028708118708547,0.4680654624662378,-0.18902283306297843,1.9459101490553132,0.4445157473376927,0.37540388519709783,2.391820803486541,0,3.046849958585273,2.2673621063471043,6.6778776134364275,2012
601210,联联科份,C40,2019,1.7931189287809521,24.01148064886353,0.20404252584725074,-0.36931509295494325,2.0794415416798357,0.21211723439620483,0.3824827657312039,2.165659118399779,0,8.910648892811839,4.051542366828945,6.893475065140531,2012
601210,联联科份,C40,2020,1.89832708195365,23.874769824357116,0.48924294212474556,-0.09532663295363585,2.1972245773362196,0.41095317353172633,0.4752053715185804,0.9984595205288556,0,6.502230072465721,3.354707801422336,6.89254043726918,2012
601210,联联科份,C40,2021,1.7563807024206155,23.976529563692022,0.47420416517145125,-0.15017239526153778,2.302585092994046,0.5249078159909453,0.3794220378223809,1.9448226933929758,0,8.723594618879305,1.6459360009038648,6.76185309231545,2012
601210,联联科份,C40,2022,2.177366532486395,24.18326843184217,0.5475194134631942,-0.20473177383497243,2.3978952727983707,0.3555647779640407,0.42375315064127234,3.5073757243955397,0,7.06140861648267,2.744336576503786,6.9449913379871155,2012
601210,联联科份,C40,2023,2.1115537279101217,24.249707794277096,0.26785224868222046,0.44579357815142895,2.4849066497880004,0.5006449453970364,0.38821982508157926,1.472064727866118,0,12.7783667226808,4.771197218848008,6.67160790807193,2012
000380,创联备份,C36,2015,1.5465464069641943,21.753884373738938,0.2656918410918323,0.18109631832770767,1.791759469228055,0.1576562354392824,0.371660775637122,2.2291643837772472,0,9.111738344288415,5.436103155625384,6.794867467960349,2010
000380,创联备份,C36,2016,1.1922297957253094,21.64257435646124,0.6038057497216655,-0.010006541900123189,1.9459101490553132,0.25254464422552947,0.3336197586230019,1.0489111789562786,0,5.2073968296554725,3.3417624548076517,6.725938848849963,2010
000380,创联备份,C36,2017,1.308964081336005,21.736244943636947,0.40918182731839187,0.19346723806261495,2.0794415416798357,0.3788944358520657,0.4161860544825579,3.166600545453959,0,8.351580821479343,3.8024837200778467,6.368434488811197,2010
000380,创联备份,C36,2018,1.252399997356137,21.979049994296837,0.35395480653219613,0.22197322372611017,2.1972245773362196,0.3785095031616023,0.3677906571218886,0.5645123438675685,0,6.074764442938604,4.5488242787847275,6.804861899698188,2010
000380,创联备份,C36,2019,1.6836672181294599,21.82064205983966,0.3682601776031634,0.20770425168389645,2.302585092994046,0.2855212025932229,0.3434092082386679,2.431622050107134,0,9.543991391469966,4.557602553497709,6.638142909161753,2010
000380,创联备份,C36,2020,1.8912958234813704,21.868371204291435,0.38851263083941884,0.18516357145004878,2.3978952727983707,0.3841921651772047,0.34801925802158085,0.6905913478910766,0,11.26212775047965,7.018804608318543,6.9186278119360765,2010
000380,创联备份,C36,2021,1.712212120273074,21.967848449936945,0.5023573986034398,0.26070678542684267,2.4849066497880004,0.3100231510723311,0.25,1.0807344530261247,0,10.599742622505529,3.869947296876927,6.9129656520569185,2010
000380,创联备份,C36,2022,1.7164306223511439,22.16103602068357,0.5237329479347288,0.32226224701494055,2.5649493574615367,0.3709428028829743,0.3555198997528512,0.7392667775789952,0,8.917104751419272,3.10182850948482,6.653107850056996,2010
000380,创联备份,C36,2023,1.5411442249974037,22.04957711745425,0.6912107110809673,-0.23361178533695703,2.6390573296152584,0.4424660768669876,0.4157883510989352,2.1903328337892836,0,6.894369144177046,3.975569479080205,6.667020041007986,2010
603312,远联科份,C40,2015,1.3640577830724891,20.280178538629418,0.28430426896430133,0.0162121447138006,2.6390573296152584,0.359274239115635,0.4333841915057832,1.8717534054351792,0,8.12871267789012,2.272712704499254,6.680895819018794,2002
603312,远联科份,C40,2016,1.2125983054700356,20.257572140573313,0.481161780594164,0.2534057468494248,2.70805020110221,0.5601669715668716,0.4243679385615939,2.1534372244731337,0,7.964330167365772,4.549133443009691,6.493411484752549,2002
603312,远联科份,C40,2017,1.3448283411702322,20.3550275568962,0.179999885025998,0.09994624090857318,2.772588722239781,0.33630808518882144,0.3931228456803799,2.5156053703197885,0,14.42872345430469,6.788093573182021,6.635446053138656,2002
603312,远联科份,C40,2018,1.624304805387903,20.431784082640675,0.26466344457609514,0.07033269512705652,2.833213344056216,0.46294349886469033,0.32497801446398805,1.7884963797016598,0,7.299566279228839,4.857755825692854,6.6985358232508645,2002
603312,远联科份,C40,2019,1.9153986822484612,20.62161604589763,0.2862949403414104,0.16675494955108944,2.8903717578961645,0.21629931441350156,0.3670330875092496,1.4562411536290776,0,10.561617382649617,2.814230590299948,6.7087260327991185,2002
603312,远联科份,C40,2020,1.9283067247908776,20.705422047497585,0.8517904055880959,-0.2218189256328436,2.9444389791664403,0.32073373081453277,0.3847050461832621,3.1727289256847264,0,9.14701699095582,5.3780969791492,6.6009042401387354,2002
603312,远联科份,C40,2021,1.9386690159170485,20.668410099752798,0.5312648410634317,0.40136377584313,2.995732273553991,0.37350073689785585,0.3335323568025766,1.2484765446520907,0,10.353637640215325,3.909541123565014,6.969449631531868,2002
603312,远联科份,C40,2022,2.1392679964687784,20.752194250416373,0.37828727593623107,0.3023223659019124,3.044522437723423,0.14199953685732405,0.3869580593688836,2.605691756816887,0,15.122323120106284,3.447224900773013,6.772985079030484,2002
603312,远联科份,C40,2023,2.073158291355197,20.618970036079556,0.33729842345597927,-0.2332214759736843,3.091042453358316,0.2586779622007201,0.3266724043292617,2.12629616236135,0,7.765637813079729,5.060947385718532,6.738138270367757,2002
601971,远联机份,C13,2015,0.6467844614100954,22.186369723098174,0.2750784669964603,0.1065661259621951,2.1972245773362196,0.38792434770113204,0.36746912133531967,1.9939011604728347,0,8.166930782272242,2.6879323250578246,6.689194757690826,2007
601971,远联机份,C13,2016,1.0645346888018892,22.186741768971476,0.4354045623315395,-0.24250045371435633,2.302585092994046,0.14083848236259988,0.3390312477597641,2.092655193452994,0,6.656832105343503,1.6401340382154543,6.538186275259794,2007
601971,远联机份,C13,2017,1.054797629101629,22.254124125944145,0.24601253501112355,0.16473299447350606,2.3978952727983707,0.3839316233685895,0.34894385803790534,1.6599825976930043,0,8.460044184856576,4.167561141453991,6.219856421120675,2007
601971,远联机份,C13,2018,1.2032341601883239,22.384153100255308,0.05,-0.15045474348865961,2.4849066497880004,0.13463088653048066,0.31202150592332323,2.745250616334348,0,12.427872354867597,3.3482760880196674,6.633369129317148,2007
601971,远联机份,C13,2019,1.3298819972890055,22.511440684713378,0.0949751146986792,0.14338595135088172,2.5649493574615367,0.4784317775364507,0.29235482569377125,1.6726185018085722,0,10.478677593449431,4.401890435266123,6.550917642592966,2007
601971,远联机份,C13,2020,1.5042262108453899,22.503690123282826,0.22209667880390666,-0.21736862351506003,2.6390573296152584,0.11426810412987104,0.37502634024605475,2.1838658552579906,0,11.296127601157806,2.9335754568103685,6.837852154429658,2007
601971,远联机份,C13,2021,1.9664353402341799,22.53722393420021,0.4878744994561097,-0.006982061073366401,2.70805020110221,0.5699580874059547,0.3517791781556851,1.8947516699888287,0,8.402673531679152,3.4429128888088547,6.656486418515922,2007
601971,远联机份,C13,2022,1.589363681357908,22.678097329882387,0.26443597361670496,0.15081699257320905,2.772588722239781,0.2592583092178517,0.44839501658991654,1.2660189373422517,0,11.035741911277738,2.4602630373808108,6.867235427166163,2007
601971,远联机份,C13,2023,1.7171648753119966,22.700034635406467,0.18019729253505606,0.07547684556297266,2.833213344056216,0.17694211197621373,0.3990745365829249,2.104394154628156,0,8.151218647025695,2.8614976257909537,6.727001385201451,2007
002573,科联技份,C40,2015,1.474584264227558,23.45982354864315,0.3685699667292245,0.035132183741547696,2.70805020110221,0.4715735927559056,0.3636722628084812,1.7830858531306195,0,5.029729084256025,2.930513460514568,6.826221797376024,2001
002573,科联技份,C40,2016,1.6915007544205791,23.50324950247262,0.4177459962076263,0.1414723510935606,2.772588722239781,0.5715446340667019,0.3631546524054313,2.105701477035464,0,9.732559704880419,1.787090951102084,6.66900558320552,2001
002573,科联技份,C40,2017,1.421948615598339,23.48284785233245,0.5538912510439141,0.17108951152790264,2.833213344056216,0.35913144649633255,0.4185022766274777,2.3117295777317954,0,6.001703742746149,2.6749564294064796,6.564015633548085,2001
002573,科联技份,C40,2018,1.5158323182369053,23.610108826246744,0.31803135952115613,0.3023904225009049,2.8903717578961645,0.150857726591226,0.3257981598708779,0.7054427501338882,0,9.887464373390577,5.126247936584464,6.949961652807306,2001
002573,科联技份,C40,2019,1.3159484908162284,23.62200305926821,0.6435357658670458,0.31163195333268334,2.9444389791664403,0.4430009783476107,0.4142585577006656,2.292412674284732,0,4.185413151210722,3.306297653037901,6.802937777428037,2001
002573,科联技份,C40,2020,2.062446981648172,23.562367687935453,0.4832919007035691,-0.12105466731572136,2.995732273553991,0.0794457689326189,0.3098483558010672,1.2123234539710106,0,7.104953714987619,2.048331487261968,6.795766228475089,2001
002573,科联技份,C40,2021,1.846159103604719,23.8874211673609,0.4820052873250289,-0.023904359265141777,3.044522437723423,0.22729898305847318,0.49286119711968307,2.0636727643835333,0,7.543580444573602,4.247504859774121,6.509861305924473,2001
002573,科联技份,C40,2022,1.6597669503878907,23.787599106504274,0.545671911233176,-0.08384547336160644,3.091042453358316,0.3441712386715386,0.2603005654504055,1.5730052973180788,0,4.601088607173353,3.3051776774618133,6.568118446275322,2001
002573,科联技份,C40,2023,1.5876758975528404,23.888051211209586,0.34657683928071487,0.17034216643708835,3.1354942159291497,0.07942244934842307,0.3157120065446991,1.2736166464442842,0,8.326041091080073,3.8473015299250757,6.697394534258136,2001
600492,信联机份,C13,2015,1.4621668503235639,21.305284862130527,0.08923877327931429,-0.1957149292959037,2.833213344056216,0.29632908661535334,0.3635160791981687,1.336971567519225,0,11.413899498821648,3.7347015361739913,6.433319819921932,1999
600492,信联机份,C13,2016,1.318751598450843,21.30989546167155,0.34148411892796005,0.24158420831126284,2.8903717578961645,0.3631021984667451,0.41631141484252887,3.091826567492795,0,7.532229282056615,3.687212826776473,6.860218562827481,1999
600492,信联机份,C13,2017,1.2106611189687422,21.566029202059433,0.22256438250720384,0.13149193009623955,2.9444389791664403,0.453788924872686,0.3786707046090812,2.314057473126539,0,8.677797394226804,2.608905690863826,6.459006351851421,1999
600492,信联机份,C13,2018,1.5149906900475294,21.473733432023046,0.7242169682465616,0.03517463533223206,2.995732273553991,0.31039515018457325,0.43099387813121937,3.041759976253772,0,3.071104204068148,3.8661323034195685,6.490888920653437,1999
600492,信联机份,C13,2019,1.727388881487638,21.427225992615824,0.33325101264709833,0.3486382738087619,3.044522437723423,0.22699008635509144,0.4158560960667002,1.782446345077385,0,7.853475555561632,3.599244398758185,6.458852001020421,1999
600492,信联机份,C13,2020,1.9166566987764788,21.414667382320616,0.5689234152578851,0.27944940199324364,3.091042453358316,0.17398732661721356,0.3355939463893739,1.9253547452566349,0,4.555504937387964,2.419168900571602,6.516860700968114,1999
600492,信联机份,C13,2021,2.169671979659535,21.704109690962138,0.4815949837833061,-0.3283703287983495,3.1354942159291497,0.24265376373369432,0.3146280273211841,1.4748909907957848,0,4.724623964006215,3.754010485500202,7.017205018540668,1999
600492,信联机份,C13,2022,2.100008744546202,21.74641327711604,0.36100163561336435,0.11276439008570252,3.1780538303479458,0.2247325919516408,0.33621844792443234,1.0958136268873202,0,8.219466643640551,5.7646340060834245,6.608654507943051,1999
600492,信联机份,C13,2023,2.1376104845269968,21.870345076301167,0.5022273030876359,0.2272249839694437,3.2188758248682006,0.29701550075063005,0.4156907827960968,2.126159105881374,0,9.036998564782124,4.939617835321647,6.891962926605289,1999
300931,智联备份,C39,2015,1.1278464101953953,21.289353980029027,0.3861497213706309,-0.09089856903340165,2.8903717578961645,0.2691954269151763,0.3835488858427575,2.0559182149070425,0,6.7177638861088615,4.082258005041903,6.395836694674366,1998
300931,智联备份,C39,2016,1.441584293298147,21.369001738603625,0.3735891112182917,0.06344402252993156,2.9444389791664403,0.1791315480067907,0.36510595058677137,1.3144906234832254,0,9.487959218890033,3.742744758616159,6.632588206573142,1998
300931,智联备份,C39,2017,1.2824024105560214,21.385254915733093,0.2620150178821159,0.17975787647713842,2.995732273553991,0.2711405790097139,0.5201162862690614,1.8480474963250504,0,11.001174241622943,4.569594524723227,6.570138489461718,1998
300931,智联备份,C39,2018,1.4784404219918206,21.35026170164179,0.3018921714940075,0.49595695195684797,3.044522437723423,0.34335355944193374,0.33469991093281337,0.5,0,10.05173437310446,3.5370131828326477,6.803662059730838,1998
300931,智联备份,C39,2019,1.7519992468420815,21.43086946221433,0.1980680092171786,0.2747304953060934,3.091042453358316,0.4073305379388412,0.3671404558524794,1.2246042519765235,0,13.886893527751054,5.18674510675845,6.759855424553952,1998
300931,智联备份,C39,2020,1.6900587035341155,21.633231645928202,0.713221845424867,-0.3087336985364699,3.1354942159291497,0.3836559817180203,0.298075853755119,2.442086650052661,0,4.719746286375852,2.8682973214434733,6.489998824600645,1998
300931,智联备份,C39,2021,1.830783613845653,21.63079275864364,0.2783684493007432,0.36472131772220295,3.1780538303479458,0.38066907757201635,0.3241303858071379,2.6369444920603016,0,8.790686262042746,3.5181919694866726,6.591336663308131,1998
300931,智联备份,C39,2022,1.790660272571733,21.610710255127177,0.33950629687034983,0.17696501158868957,3.2188758248682006,0.12204802502902196,0.34971757256225283,1.996883205949732,0,7.820806941328021,4.032109721159117,6.463662056516508,1998
300931,智联备份,C39,2023,1.537694782323199,21.654084557406463,0.3377701032591719,0.12375529324677001,3.258096538021482,0.3441631295282913,0.4090466453061036,1.5327576013885431,0,10.25420885880233,2.7309938992144285,6.654859422183525,1998
600641,远联技份,C34,2015,1.305721816224073,23.145838908263606,0.5494978409874434,-0.35179299453486645,0.0,0.3789051031692635,0.3599927076973422,1.893601115345914,1,-0.1990677810669233,0.9829200831171598,6.492277022582147,2015
600641,远联技份,C34,2016,1.765426783390654,23.19137244970218,0.2857780308841668,-0.14929171424804008,0.6931471805599453,0.1639107863161586,0.33844524538155785,1.7908465469374353,1,1.9497018633798844,3.7480878770102644,6.747880585728226,2015
600641,远联技份,C34,2017,1.6339318125836244,23.393697140414137,0.4748948129427571,0.038822065427580495,1.0986122886681098,0.14671733013662425,0.3084143164182747,2.395148073231879,1,3.670446180464403,2.7911351488747576,6.440256843955044,2015
600641,远联技份,C34,2018,1.8292192605424111,23.371011282456745,0.21827235675089704,0.21048090394103636,1.3862943611198906,0.359054767741882,0.48178183183487666,2.5612905067863503,1,2.6127647179341866,3.6065672837132214,6.939964829642049,2015
600641,远联技份,C34,2019,1.4725581830420422,23.18169332565599,0.31947400377003016,0.0396424607153107,1.6094379124341003,0.48093888903129556,0.3840578995705238,2.9999211687671954,1,0.9082405028255823,2.51847189629056,6.909390730119729,2015
600641,远联技份,C34,2020,1.7711606102458597,23.534659843337526,0.376523470821288,-0.13102622889212331,1.791759469228055,0.44806613839732606,0.3461185581457882,2.3606291078899955,1,-0.11484464371407758,3.0691205128010637,6.596373798020265,2015
600641,远联技份,C34,2021,1.682647914309585,23.43709104522796,0.4890619212049521,-0.09344122748913866,1.9459101490553132,0.40032179833160847,0.4860192974294345,1.8376421991121723,1,0.8270601510077241,4.433421726277812,6.94550056560789,2015
600641,远联技份,C34,2022,1.73175242629984,23.3270833480115,0.2215650018911336,0.059046013086945515,2.0794415416798357,0.5172605525564159,0.38007965230672064,1.7620011612527164,1,3.43588008123839,4.0807285107558275,6.778504628183482,2015
600641,远联技份,C34,2023,1.9251852347617464,23.630352036974827,0.5285439772041763,0.21007275090084335,2.1972245773362196,0.33841420358387,0.46266959406851543,1.2303258853133232,1,3.791099348381334,2.791771181258922,6.730376375046806,2015
603678,华联科份,C29,2015,1.221770425012911,21.788227845252987,0.21845226437864462,-0.14773638786153834,2.9444389791664403,0.24226716308533142,0.39240375935642446,2.035000100204143,0,4.346356820153587,2.3428058320232394,6.5427835982721145,1997
603678,华联科份,C29,2016,0.9277051991426765,21.914397761503285,0.41615095334172447,0.41231751419392715,2.995732273553991,0.35517270748616603,0.40020757011257474,2.8312024117552106,0,3.541884102586379,3.8526986966289423,6.605312872996558,1997
603678,华联科份,C29,2017,1.0842214306193585,22.042140375776793,0.3487129760324071,0.1354332065043487,3.044522437723423,0.48715197376038477,0.4362884352420876,1.5663119686094626,0,6.393062352974541,3.600312550415233,6.725701008904979,1997
603678,华联科份,C29,2018,0.8836745274251137,22.0943688260232,0.22853191300817902,0.4169516997433853,3.091042453358316,0.26825209005815775,0.3604154105411106,2.891914251100924,0,3.7428518983250267,3.6450699644752964,6.581106838861421,1997
603678,华联科份,C29,2019,0.4773174949314224,22.066894349739254,0.27505223713423416,0.14705018747899873,3.1354942159291497,0.1546701927128121,0.3913980537363787,0.5,0,3.5322796724267214,3.0317205144714987,6.389917509343003,1997
603678,华联科份,C29,2020,0.5124849265532886,22.25996346985401,0.41184978790290366,-0.07472717642071032,3.1780538303479458,0.2546903109923104,0.3642111648736071,2.372615866369801,0,1.3133582433803586,2.788930873441511,6.565605584742305,1997
603678,华联科份,C29,2021,0.6883826335217474,22.28265880239372,0.41751356505745696,0.011882647849881377,3.2188758248682006,0.38784081892444827,0.2564709422099476,3.183031426596087,0,2.1813334047149984,2.4236244295691023,6.665725860574697,1997
603678,华联科份,C29,2022,0.9211929047605362,22.31545729209035,0.48551926121704053,-0.01395080993040353,3.258096538021482,0.3822375037977827,0.3572711724451971,1.9939201908659783,0,2.7445823114632177,0.6256432801100629,6.756600575036108,1997
603678,华联科份,C29,2023,1.3009409511491208,22.364496771010316,0.5360414392285022,0.06035845288675214,3.295836866004329,0.3561274434428846,0.42543512040851583,2.0457836242665133,0,3.676618892044815,2.8588823423121124,6.5741747617243105,1997
603689,联联材份,C40,2015,1.6970414534762335,21.863495058386643,0.36592972553870257,-0.07951479458500396,1.791759469228055,0.2878066946479296,0.4109869870360815,2.4831615848954103,0,7.11199052418367,1.115920122248911,6.675444942933341,2010
603689,联联材份,C40,2016,1.665202821103967,21.78535798621088,0.20406804861944564,-0.14645838601664815,1.9459101490553132,0.28245859559881503,0.3753267077319696,3.5426382499911524,0,12.703101396980038,2.4526591506268556,6.67857085782382,2010
603689,联联材份,C40,2017,1.5635043232398336,21.78877061236228,0.42340459950009357,-0.22625669576755983,2.0794415416798357,0.2841329892100898,0.4107910230554217,1.711631598013716,0,11.735311304872512,3.0473943450109386,6.823743594069781,2010
603689,联联材份,C40,2018,1.8328730047186772,21.810441479272022,0.24136832235370467,-0.03117925434781305,2.1972245773362196,0.19583504296046708,0.3660217814330964,2.5505790692226666,0,12.300894955404031,2.377653417790709,6.62091909416718,2010
603689,联联材份,C40,2019,2.2066729796521005,22.039842863260784,0.29841207371959816,0.4100230099829333,2.302585092994046,0.3207112090323181,0.37904145977192355,1.6879530316165985,0,16.551380152561006,5.749143149321907,6.70530813903092,2010
603689,联联材份,C40,2020,2.4210312135706817,22.100521858933337,0.6238151147824247,0.07225013504114332,2.3978952727983707,0.2773477630021639,0.3874179337413977,1.133504041547647,0,11.675814883142465,4.494636649133751,6.888640409347987,2010
603689,联联材份,C40,2021,2.421155687016276,22.29729726631812,0.5619200086714277,-0.047066306557582115,2.4849066497880004,0.1416109577339146,0.3567842740215566,1.8227492151869213,0,10.769273496039563,2.5740773518577713,6.904127563555234,2010
603689,联联材份,C40,2022,2.597612402269142,22.112986869640526,0.147174153421891,-0.038843767002371146,2.5649493574615367,0.4792621045330608,0.46592708899539426,2.322297424513519,0,15.830913436859765,3.8223800264458325,6.6605144290271205,2010
603689,联联材份,C40,2023,2.4771431989084833,22.344680730302695,0.2879294953149735,0.20728043334354085,2.6390573296152584,0.4464581271129586,0.4374168333932946,1.3458587535390314,0,14.63208699431916,4.443714886825244,7.034271299926985,2010
300883,智联技份,C26,2015,1.3548219703907225,21.946965249489065,0.4771128618264275,0.08512060588442844,1.9459101490553132,0.257890389331341,0.3991196021225265,0.6899923921594957,0,11.340080073382206,4.061237326707261,6.589312243151167,2009
300883,智联技份,C26,2016,1.3632071533356913,21.987255590347797,0.32188155433235216,0.2173366434184193,2.0794415416798357,0.39177352195771864,0.4344904289548443,1.683753644343168,0,8.085315151775402,3.9731350784737556,6.92325685002954,2009
300883,智联技份,C26,2017,1.3310015591098638,22.153885967931846,0.3631265768710445,-0.026891876214403497,2.1972245773362196,0.200884139534068,0.3579171628011309,1.329368786875142,0,11.768753028455464,2.9161288407760706,6.736377034190967,2009
300883,智联技份,C26,2018,1.7126447397087725,22.292498725966915,0.7200657652426212,0.02530403573360669,2.302585092994046,0.21560012541186035,0.4015655861719222,2.428663757665555,0,7.46499472775157,4.209756152851112,7.051982236762455,2009
300883,智联技份,C26,2019,1.7511623892008137,22.19724545949823,0.3160213645102847,0.19266209966488151,2.3978952727983707,0.48441445499768854,0.4389756663082181,2.257926117302059,0,14.569872797512762,3.9695045901095476,6.623190454679239,2009
300883,智联技份,C26,2020,1.7024378399262208,22.20983643619283,0.23574396252376,0.12761364092454894,2.4849066497880004,0.16440427686247297,0.33332723984744284,1.6268481315620265,0,9.458349582573252,2.367221589032125,6.664285948401732,2009
300883,智联技份,C26,2021,1.773240790358662,22.38488167354695,0.45177787748949144,0.2841602635225444,2.5649493574615367,0.21658015116376267,0.37898868179327205,1.2802184486636312,0,12.19879202908011,3.6000586720283003,6.875414442992856,2009
300883,智联技份,C26,2022,2.0403239478804926,22.529391792362944,0.5038080337970381,0.32397537399997267,2.6390573296152584,0.05,0.41518546604050466,2.088526373726229,0,10.581078480484697,3.90086941493468,6.723316118406282,2009
300883,智联技份,C26,2023,1.9877761118761952,22.51314902785492,0.38001104374407524,-0.16854976032494237,2.70805020110221,0.24168226404162974,0.33412881661176624,1.3358394336773807,0,10.302242118545616,4.266904307757371,6.708458479661119,2009
002630,创联备份,C36,2015,1.0376693635099368,19.961845648568392,0.5393430663231719,0.0448661432707364,2.772588722239781,0.32466496556785196,0.35652887097261565,0.7859867091363746,1,3.3750691929783985,3.516987973783883,6.5241743966313885,2000
002630,创联备份,C36,2016,0.9289462450995685,20.31907650556371,0.4507547064708101,-0.21560504939082478,2.833213344056216,0.4812732036566016,0.41659228169095597,1.1349621964523577,1,6.007549519059417,2.1164160961642695,6.423027401568303,2000
002630,创联备份,C36,2017,1.2192302357018654,20.186074682397024,0.25884397252878777,-0.026026445852505624,2.8903717578961645,0.38923065470810225,0.37818094950089665,2.770231046935973,1,7.046786572459077,5.561002350001168,6.438268834721959,2000
002630,创联备份,C36,2018,1.416231792641254,20.518324118560365,0.430814887392418,-0.46403374852484636,2.9444389791664403,0.2698305878982802,0.31214686845252476,2.209478906342677,1,0.9794414330510842,3.7662657672204456,6.44721677372812,2000
002630,创联备份,C36,2019,1.4190848347552043,20.50949350108191,0.3937788170310421,0.32054349206096855,2.995732273553991,0.31821696804713573,0.4025182233445447,1.53818913186756,1,14.894264190939415,2.8325416082003483,6.5299919611512385,2000
002630,创联备份,C36,2020,1.3148758079337568,20.510827795217708,0.2317451116515165,0.13469856264773233,3.044522437723423,0.7116849021376317,0.41883374799615875,1.731950675699349,1,7.086813726253971,5.435872179653506,6.230269199814069,2000
002630,创联备份,C36,2021,1.117619620362168,20.662803889057958,0.22104179219266673,0.08981708946746281,3.091042453358316,0.5547990197443179,0.42401668015514493,1.7137993701808043,1,7.080555967696919,4.194924067776162,6.8150923730026225,2000
002630,创联备份,C36,2022,1.380734888487388,20.63114703322836,0.4762231866356086,0.1957833090020428,3.1354942159291497,0.21978398708997932,0.25555631621731056,1.050003303443817,1,5.6438207300841645,3.6444879077363117,6.650306533385877,2000
002630,创联备份,C36,2023,1.5203879205678104,20.730629991802516,0.2098068566250965,0.19745941076995202,3.1780538303479458,0.33923738686940696,0.4031911771429144,1.9964865145568018,1,6.2266094480594685,4.6517913661540105,6.639929540009008,2000
000594,科联能份,C26,2015,0.6378089246416873,21.017296684232235,0.6216291520600117,-0.15984105999361273,1.791759469228055,0.47352305620543733,0.33259817942360076,1.9857482280426326,0,1.142147460087898,1.6269632411384283,6.835851394208605,2010
000594,科联能份,C26,2016,0.9607667735428654,21.120356028510628,0.44404132407377633,0.14563686729526742,1.9459101490553132,0.3450973804352784,0.3760687077305167,1.2489839945811843,0,6.1019933530880195,3.249615681079643,6.581999117653809,2010
000594,科联能份,C26,2017,1.0078716604602327,21.15920407224658,0.7291276522292572,-0.04788486196321764,2.0794415416798357,0.41772736956819345,0.30097058591340536,1.4914322716065918,0,1.1766320007731863,2.156574222927319,6.570757098091389,2010
000594,科联能份,C26,2018,0.6441816753651953,21.202453797995933,0.05,0.253725341687628,2.1972245773362196,0.3455752436939612,0.4051559597893839,2.587323371401189,0,8.45452775669541,3.6815434676095404,6.381640513510881,2010
000594,科联能份,C26,2019,0.6210568276469943,21.310296197316823,0.40196550279403265,0.3565165841317276,2.302585092994046,0.20930507679414007,0.3189443838945355,2.2613529457926527,0,3.9789478330088905,1.6599193295785442,6.699974126582523,2010
000594,科联能份,C26,2020,0.8041279748510715,21.261141401357914,0.482922788226304,0.290987609693954,2.3978952727983707,0.3533402138223695,0.36745914609436486,2.5458564238838317,0,9.736981148799131,1.8946120512912517,6.710611289810168,2010
000594,科联能份,C26,2021,1.0526136560828305,21.450737285447616,0.45351400059246216,-0.04390265603442257,2.4849066497880004,0.3430402710185013,0.36608824280855656,2.5029680471674354,0,4.62733079579539,2.3889564177763445,6.911291469886153,2010
000594,科联能份,C26,2022,1.197068322246029,21.322539766347578,0.2185729823825091,0.28371975979878833,2.5649493574615367,0.4011804801723264,0.3415816015547392,2.0266110995544118,0,10.644136708263122,4.042834543336208,6.496207547851803,2010
000594,科联能份,C26,2023,1.305869088570902,21.466721696763035,0.25338808086144293,0.44660853032074566,2.6390573296152584,0.29375632153516984,0.4153824178387107,1.7048500042827706,0,10.503515694544669,1.6140464584390797,6.700166938282593,2010
300262,通联技份,C27,2015,1.489608599258336,21.313448842891912,0.5297290873110745,-0.1345183211135141,0.6931471805599453,0.4903361547107908,0.29269121267205966,2.8602255125201124,1,2.7119604705133527,5.154436479383725,6.52386935216288,2014
300262,通联技份,C27,2016,1.6264378302043065,21.379608566716993,0.3797104452898227,0.10582002912233976,1.0986122886681098,0.3625453444555308,0.3787732846398602,1.7627330217618966,1,5.649008456654188,4.498426030583276,6.808486726170182,2014
300262,通联技份,C27,2017,1.720433172036835,21.473490793034298,0.3335593121931385,0.19582734319208595,1.3862943611198906,0.3666589289280243,0.4324127201544682,2.3530245614636014,1,7.169771595424258,4.015140346110343,6.797814635674741,2014
300262,通联技份,C27,2018,2.1669980723785076,21.529354348884105,0.5580202944162103,-0.23329660396197857,1.6094379124341003,0.1119896376611293,0.375562357965737,3.6532239072803696,1,2.674077990964651,3.9925293367034667,6.351065353482115,2014
300262,通联技份,C27,2019,2.3881215429882787,21.672275126269295,0.3622970480433333,-0.13947029551251133,1.791759469228055,0.44229134392722924,0.40198419217260684,1.1264922849963126,1,7.6219163860854655,5.650100239110936,7.064264127773185,2014
300262,通联技份,C27,2020,2.2672454615777955,21.830447614058198,0.6156440357974629,0.02984524497398215,1.9459101490553132,0.29240138202554367,0.38017037874832776,1.3047219414286295,1,6.1302720030102105,2.24990188899979,6.595054629152716,2014
300262,通联技份,C27,2021,2.3346498315674085,21.74078492730747,0.3134472707829432,0.22557532220492182,2.0794415416798357,0.2813041993355482,0.3893253341034009,1.9866653298794137,1,4.965874867133493,6.135464082567551,6.846526246510584,2014
300262,通联技份,C27,2022,2.579563897400705,21.741841674188592,0.13734134587748836,0.2633601798572801,2.1972245773362196,0.20314873717195822,0.48905328456697617,0.6605723465733602,1,9.501519487793352,4.628287195251648,6.76930662968999,2014
300262,通联技份,C27,2023,2.5281000382994803,21.81690847906782,0.4206301141059637,0.07023523422816115,2.302585092994046,0.4372004175892467,0.47221273023286225,1.9946626972620476,1,7.075968650773663,4.368360797489376,6.838366066355481,2014
601803,远联机份,C38,2015,0.8198399290264944,22.35463231549504,0.4186523201083656,0.28011151290349867,2.8903717578961645,0.1916485318440593,0.3701887663417259,2.5711131388446,0,4.599397205778157,3.940996317009292,6.67717851184068,1998
601803,远联机份,C38,2016,1.0434358890299742,22.45268725295654,0.2831799237969937,0.009176338457566022,2.9444389791664403,0.17732844188868674,0.4025772245080773,2.6715388169260956,0,4.543142234385016,1.9922524917320898,6.3792166260661745,1998
601803,远联机份,C38,2017,1.0176174115955343,22.55553597885481,0.5119255388480541,-0.07397468228126824,2.995732273553991,0.1101055501316654,0.37199941907114376,1.5566848170650558,0,-0.882354921209303,3.787746032922316,6.630617355193015,1998
601803,远联机份,C38,2018,1.0140816366093628,22.53313283390746,0.4055728472284714,0.07099406146929461,3.044522437723423,0.33125122052685013,0.3635836136380059,1.6401204214422176,0,3.860278795242837,0.8361993365085103,6.50694602792421,1998
601803,远联机份,C38,2019,0.8123322018256046,22.681693961415792,0.4264698845878206,0.22413441259387584,3.091042453358316,0.05,0.4109714956718682,1.9950437178332816,0,2.640817761347943,3.2834215148659993,6.645341083309182,1998
601803,远联机份,C38,2020,1.0011912875447204,22.717098788066874,0.15835843973707597,-0.32372350392648996,3.1354942159291497,0.15063024799321562,0.4262842100041565,2.177119509785651,0,0.5241719150809315,3.041526941883525,6.549262563893016,1998
601803,远联机份,C38,2021,1.2739948314917138,22.75611794876713,0.6412772543884885,0.060042701352034926,3.1780538303479458,0.4817980499028907,0.3915349835716124,1.7071894735823716,0,0.40975277988014036,2.8883115326219415,6.715704208920012,1998
601803,远联机份,C38,2022,1.2832320699750044,22.853953064906356,0.17640735517617215,0.08607038143419521,3.2188758248682006,0.1930881201895276,0.3678983118663012,2.109949349772794,0,6.148484671153207,3.8429129197348084,6.659601621865032,1998
601803,远联机份,C38,2023,1.2051001586592116,22.882322731147116,0.22474314727820702,0.015634127984411925,3.258096538021482,0.2470805300171916,0.39748539445041803,2.928757455982805,0,3.261577862801942,1.622144983872365,6.352909411791661,1998
601327,创联备份,C27,2015,1.0304693759975987,24.170768092382755,0.381363116726625,0.3066815580225526,2.8903717578961645,0.4239823665718902,0.30721280106108073,0.5,0,7.275452900207068,2.3559831986846045,6.944316767710099,1998
601327,创联备份,C27,2016,1.2477558752084827,24.259105282738904,0.4803423550952435,0.18366748047445502,2.9444389791664403,0.22945080535675,0.36578137163802904,2.593812598717573,0,9.48807360802272,1.8089841987792001,6.529137855523938,1998
601327,创联备份,C27,2017,1.2794055123228854,24.29758090575845,0.34847470900564753,0.09602147830826885,2.995732273553991,0.30154266787292705,0.37306678060981596,2.4524672337459674,0,9.51016973473111,2.360442260418913,6.978798213446097,1998
601327,创联备份,C27,2018,1.341023806181367,24.3892747290881,0.6230738913699265,0.08390974454852504,3.044522437723423,0.3578640724678142,0.37316298054152663,2.291067602581571,0,9.615482266215611,3.3208757678618968,6.788759528653103,1998
601327,创联备份,C27,2019,1.1966765147903557,24.504097450657707,0.4329656401981839,0.09499386612235047,3.091042453358316,0.22799855272809205,0.3173855523493234,2.9835174814867833,0,5.30652546734102,1.9309679062283696,6.874756134475744,1998
601327,创联备份,C27,2020,1.572012272788105,24.595198613306394,0.43216597761933245,0.17190241275586346,3.1354942159291497,0.3710920659789727,0.3535603661676087,1.6660788105134454,0,6.849429172300786,3.399763907676598,6.47145934953076,1998
601327,创联备份,C27,2021,1.6889008085661974,24.379197308230253,0.10469303781798978,-0.17350807886627995,3.1780538303479458,0.3419136041055217,0.2625664281971483,2.908376058881169,0,11.633455703596528,1.4422735740401205,6.917260586490599,1998
601327,创联备份,C27,2022,1.510605288200581,24.52051168561342,0.3759914778855384,-0.028844366755343468,3.2188758248682006,0.5432417297671633,0.40768556367830033,1.7514299053913551,0,13.404061602820217,2.066829849743687,6.454776771804656,1998
601327,创联备份,C27,2023,2.0131627565185006,24.606719794342126,0.26395833585246675,0.7623682357798549,3.258096538021482,0.28767516959561823,0.360711433054915,2.3170062631677144,0,13.163289794920797,1.3936151905951686,6.964342957357536,1998
000338,信联子份,C36,2015,0.8293800204957122,23.161487800604025,0.175735581372835,-0.2014193973128455,2.9444389791664403,0.3643820178853167,0.3170287708391325,1.5798857074920978,0,4.518348895048247,2.05932529953185,6.567679180429735,1997
000338,信联子份,C36,2016,1.1044103937044254,23.09664171916745,0.3250893201574511,0.41339654350520016,2.995732273553991,0.21960068515635284,0.3896134551817324,2.602264818341616,0,4.742219117969807,3.4835081516041013,6.666621951706951,1997
000338,信联子份,C36,2017,1.0270198959368062,23.206810092525615,0.6560936454431727,0.2547123797661033,3.044522437723423,0.42197368590229023,0.3700550786566748,0.5,0,-0.5851894711100064,3.2328861351729046,6.482694410603999,1997
000338,信联子份,C36,2018,1.6559518625985636,23.29999931781754,0.5573308878747139,-0.005817118291944635,3.091042453358316,0.06958594658703599,0.4904780935101627,1.4402868139918419,0,2.3505665468811228,3.1735381972665846,6.79672770657287,1997
000338,信联子份,C36,2019,1.3645305136940253,23.262755664390962,0.5119837798340814,0.09293906796310115,3.1354942159291497,0.5099652657078959,0.3982519275533272,2.4816845847940914,0,-0.4052741201462068,3.6560180060724115,6.6227586742531726,1997
000338,信联子份,C36,2020,1.4480130301842984,23.431937072313573,0.21103126703143682,-0.0754310562607489,3.1780538303479458,0.3890124395192838,0.25,2.620299327515968,0,1.9123256678420766,4.064500956654995,6.4831153540757365,1997
000338,信联子份,C36,2021,1.6106009386156488,23.61512411187951,0.33730251621817076,-0.13607900502783699,3.2188758248682006,0.2827819925544417,0.4359506764417733,1.9080686941158038,0,6.920861395149497,2.028359990870206,6.835230528316325,1997
000338,信联子份,C36,2022,1.361657904880718,23.492205098357477,0.4310868836003915,-0.2269510001405075,3.258096538021482,0.32831874421436913,0.43962484369983507,2.405896416628978,0,4.447751844756397,2.9197596890915656,6.62699794045641,1997
000338,信联子份,C36,2023,1.401893536105755,23.716997407575555,0.2779745200948452,0.08381180868221798,3.295836866004329,0.3553188941778729,0.2970869223142352,1.5110068346872987,0,2.465511273557832,2.3590994640242604,6.357323818457227,1997
601100,联联材份,C29,2015,1.4545333122684856,22.67697253798801,0.500801395689197,0.13458086759936388,1.6094379124341003,0.2812499295763903,0.4349287340144759,2.0812006049472735,0,6.237919585763111,4.3611374695759295,6.512321154818667,2011
601100,联联材份,C29,2016,1.2851202493262337,22.824937888022312,0.09803912063108039,-0.0073178985032840115,1.791759469228055,0.20259303727960828,0.3571029654042353,2.3455026035285496,0,1.2137029178138026,2.014507366771924,6.910263385929022,2011
601100,联联材份,C29,2017,1.7612791261328236,22.893880885264135,0.6515494503176168,0.07626841940430132,1.9459101490553132,0.3583475066050703,0.44176245362174515,1.136268006557764,0,0.9370140652957368,3.7248566613704406,6.6770256541300546,2011
601100,联联材份,C29,2018,1.6174817248417344,22.886066179556728,0.4862889987190248,0.10697229706701723,2.0794415416798357,0.15829339901860726,0.5475292033806417,0.8398132652405799,0,7.056145509274796,1.5481123534001813,6.5667271573454755,2011
601100,联联材份,C29,2019,1.593466329924304,22.989043269346432,0.3144708271676074,0.39526916896107356,2.1972245773362196,0.13743488904939136,0.4705338013365057,1.846724317229832,0,5.587655381836262,3.509349498853539,6.827235686178499,2011
601100,联联材份,C29,2020,1.448880190646212,22.94952935522701,0.3964261740256643,0.42893290024064445,2.302585092994046,0.2259324631261047,0.35326968842770584,1.4772992103934726,0,6.1793669868645305,2.858174055902021,6.85021719285988,2011
601100,联联材份,C29,2021,1.3899405033696879,22.996064150705536,0.16839234920919363,-0.09429107353467461,2.3978952727983707,0.3650464769389353,0.32521412990503956,2.6939531433101465,0,8.186412230684903,4.468253267278048,6.869886015707145,2011
601100,联联材份,C29,2022,1.4718076109163407,23.11815760094583,0.45231794138369275,-0.37938739414933864,2.4849066497880004,0.3963665929550586,0.41408402483740464,2.175947305405541,0,1.6424214260077692,2.05475683199392,6.5755913408532605,2011
601100,联联材份,C29,2023,1.7072040614135588,23.335378264043868,0.4724764254662495,0.3253986989623264,2.5649493574615367,0.43991260310164926,0.369286212813543,1.3297362309468501,0,6.075214670395605,2.490826070836235,7.032971017694683,2011
600809,新联备份,C40,2015,1.1711908440340584,21.85717868595988,0.37981521181511413,0.14291841999150878,2.4849066497880004,0.19842778793766921,0.34550810991648523,1.5408192596836574,1,8.76191153680373,4.110419103705604,6.567790457613475,2004
600809,新联备份,C40,2016,1.4913554424300082,21.962270678459152,0.20545106029070165,-0.13365022801000254,2.5649493574615367,0.413790084718465,0.35721178775498624,1.9390444373716098,1,13.342618826653933,4.233481485618419,6.485085232078897,2004
600809,新联备份,C40,2017,1.5152031789423233,22.32817662074404,0.5624794577392049,0.39450971134918245,2.6390573296152584,0.5023471227321106,0.39314160242053625,1.0729722690441037,1,11.069379502410223,3.306022449403217,6.838258207836392,2004
600809,新联备份,C40,2018,1.5572708890858669,22.236450798031598,0.15759669562455825,-0.16414567082532897,2.70805020110221,0.514472922177031,0.3491985841275933,1.771905739928256,1,10.599380964636202,4.14325815449761,6.821427667667612,2004
600809,新联备份,C40,2019,1.7989389830710363,22.288677892017034,0.30339810290352603,0.1520861870917541,2.772588722239781,0.33257576066969124,0.3673316733044218,3.2136608044279926,1,12.723684036308766,2.762025082122903,6.737825493829311,2004
600809,新联备份,C40,2020,2.0002534353143298,22.22669030729177,0.34320396812537823,-0.3088388521625878,2.833213344056216,0.12150799042001559,0.4595819316640856,1.67431585497583,1,9.930242677070913,2.8918876206790394,6.829324032760834,2004
600809,新联备份,C40,2021,2.201766743731311,22.384542494005583,0.24989558809797208,0.4976236087633852,2.8903717578961645,0.18622941290724168,0.3546876230446887,1.2181134357225947,1,11.723142178873529,4.467814105643593,6.520564230231587,2004
600809,新联备份,C40,2022,2.1141393017554355,22.410120824427953,0.12250643898566412,0.12850157570074486,2.9444389791664403,0.3116357538024123,0.3558889874072923,2.4336149148310326,1,15.925723242625939,3.5450263916696176,6.316845121815352,2004
600809,新联备份,C40,2023,1.7595156260541687,22.55537208073694,0.4131983482324568,0.09365932656228906,2.995732273553991,0.3691438544959399,0.2735651921224676,2.197273036324069,1,11.02179499116804,2.477031103265567,6.661451937194881,2004
600175,创联材份,C39,2015,0.931076055209659,22.731117147713924,0.19004718152116667,0.3333438790127975,2.995732273553991,0.2983452927471662,0.42500257655019624,1.9420458347621594,0,9.683064725574662,1.478994079233208,6.580358735127518,1996
600175,创联材份,C39,2016,1.200876769987685,22.798484727047718,0.31207947249513557,0.4492211337606601,3.044522437723423,0.27132535587691453,0.4275331740836246,0.7432201296339462,0,10.92977677206507,3.4163787003040262,6.5882689093742215,1996
600175,创联材份,C39,2017,1.1323573867838952,22.894939036228042,0.6832712040160532,-0.0941693228630866,3.091042453358316,0.28202297029427986,0.3682713420541565,1.9616148739024635,0,3.627733082223064,1.0984887658095746,6.46252874301076,1996
600175,创联材份,C39,2018,0.9650789927654841,22.936496322152166,0.35276531264722205,-0.19424721599123343,3.1354942159291497,0.5460162406418588,0.3714619960256102,3.385833860271881,0,5.538088399844671,1.1471932602004389,6.406401810648937,1996
600175,创联材份,C39,2019,0.9031250447574164,23.074241063634183,0.5119401104086427,0.11382735462243622,3.1780538303479458,0.08340021121767094,0.38558566196175553,1.4954706080759883,0,4.840946755699212,1.6429989400572507,6.526299865335817,1996
600175,创联材份,C39,2020,0.6278368967876915,23.144003292820162,0.24503038720493642,0.0097756229122485,3.2188758248682006,0.581792667761464,0.35167577233193575,1.5591962834310378,0,7.01620170106634,2.472078070829318,6.653496126742117,1996
600175,创联材份,C39,2021,0.8708075934040186,23.226920904534868,0.39646775702268766,0.41713820874321694,3.258096538021482,0.47336502103062494,0.3852536428505739,1.5298910276663054,0,9.002001385961544,3.492111309763377,6.698721691856829,1996
600175,创联材份,C39,2022,0.9688234879222187,23.277438414129,0.415331481837198,0.11596192505413253,3.295836866004329,0.13859344141041663,0.3746764932586399,1.3628237239682301,0,5.618080004969355,1.4082945706481753,6.451674522375383,1996
600175,创联材份,C39,2023,0.9730037826195265,23.291709310414937,0.7044435327685694,-0.21755699538421536,3.332204510175204,0.3003251987635533,0.32432655066424376,1.7987037726569066,0,4.4112949672246415,2.848972986968294,6.558400850784052,1996
600501,科联机份,C26,2015,0.9078040151903092,21.268996393738398,0.5207770334639941,0.2191635013666588,0.0,0.33226337245937254,0.41656590210872607,1.9434991049419104,0,8.27951159249571,3.891800820613722,6.604623290450296,2015
600501,科联机份,C26,2016,0.7988322058444866,21.399364315875783,0.29748942754827296,-0.151068738852485,0.6931471805599453,0.46989585312937837,0.3593870015629807,2.0119128764948386,0,3.3382852277239765,1.5133184390659307,6.324741702320411,2015
600501,科联机份,C26,2017,0.7821161088631712,21.35312858755676,0.5136161061407396,0.01680614593036118,1.0986122886681098,0.4531075762301287,0.3714932768431608,1.521897187910728,0,5.005365665703618,2.8893634232203342,6.673337505087716,2015
600501,科联机份,C26,2018,0.8597320629479195,21.49646347000849,0.27948908996386906,0.0922257646904894,1.3862943611198906,0.44655037145184023,0.43852252768237,2.6113435123961954,0,7.870758672946981,3.7388922380959264,6.394508561784962,2015
600501,科联机份,C26,2019,0.740270619084634,21.683160514333103,0.32745663103993394,0.072423958883089,1.6094379124341003,0.3160801908365194,0.3545537974237907,0.5,0,2.5989734383399554,2.44801639447711,6.570675701250349,2015
600501,科联机份,C26,2020,0.9099398062748185,21.552608610695252,0.4523063900470548,0.42670283185681634,1.791759469228055,0.5850021109344434,0.4059951610090472,1.766074953139706,0,9.582550194618458,3.3740850444619057,6.544948946019082,2015
600501,科联机份,C26,2021,1.391278317355789,21.691133493689527,0.8065790328342274,-0.03541201608149278,1.9459101490553132,0.45478017044264385,0.3619120333309956,1.8216850677748295,0,4.0988185356199205,3.9579836496711573,6.645152319838882,2015
600501,科联机份,C26,2022,1.2860727066257882,21.782868291802775,0.5944363223905336,0.04047469572444801,2.0794415416798357,0.3417769195230862,0.38758221521964437,0.8520423126231538,0,3.789439959523254,2.9792200854159296,6.641197756227651,2015
600501,科联机份,C26,2023,1.3742176100461934,21.794493971184057,0.6954669552810575,0.16746017349779677,2.1972245773362196,0.3837757465992785,0.35323361459831004,1.63960981441507,0,2.3116639574303313,4.670329513226448,6.654326378407926,2015
603778,中联技份,C40,2015,1.4158454854418192,22.891506479900116,0.6015699000540826,0.04728204795863517,2.6390573296152584,0.34016868946624146,0.40507866534678294,2.7844688033969476,0,5.812667760573799,3.302127980826408,6.803083288419177,2002
603778,中联技份,C40,2016,1.2117419271430576,22.908014596148817,0.4916172717090654,0.043616233096039445,2.70805020110221,0.3177547481832159,0.39313087408834635,1.184455703088918,0,4.806257241061785,3.637206239673062,6.759484835275611,2002
603778,中联技份,C40,2017,1.2410553390943067,22.961730001591924,0.05,0.016548913767702143,2.772588722239781,0.37034067595587594,0.35985841043489547,1.8140040476808987,0,13.43401309106403,2.840880125185539,6.640060209221109,2002
603778,中联技份,C40,2018,1.4871523142080396,23.001239538006086,0.3756294818821597,0.33300770415016956,2.833213344056216,0.391435712313643,0.37853796592883376,2.0826631205347272,0,6.566357268847542,4.4090510167404355,6.591926911627994,2002
603778,中联技份,C40,2019,1.5355985394898546,23.316458467785885,0.43735442823558845,-0.12662914283924925,2.8903717578961645,0.3285401787264266,0.401901178282397,2.323938282707153,0,5.583431191870961,1.18593489726158,6.756076290804804,2002
603778,中联技份,C40,2020,1.4799182553806074,23.100414761008835,0.305109359742523,0.21951616695194281,2.9444389791664403,0.44422950011407275,0.3598431978205915,1.4986843514013493,0,5.901590700879368,4.090995447500123,6.702874560528888,2002
603778,中联技份,C40,2021,1.9694924678790013,23.262395167864977,0.2710230835058829,-0.3093600753483934,2.995732273553991,0.17986209033676542,0.3771044542604305,1.1006978174654747,0,8.676970968599255,2.8805474344657567,6.74854046413616,2002
603778,中联技份,C40,2022,2.0003154402902226,23.341011615108695,0.45475912713256905,0.17690130706567245,3.044522437723423,0.0957913255980401,0.46430333830675286,2.133957221116685,0,5.636482033539587,4.469094159417861,6.795679165035222,2002
603778,中联技份,C40,2023,2.133184757689286,23.32615803450021,0.5108609286771063,0.0854125213216155,3.091042453358316,0.4805224007669149,0.3081171272176598,0.5,0,6.53171751216249,3.6645811872821663,7.061272246288529,2002
600118,信联料份,C29,2015,0.5683102421656143,22.09637181253017,0.3051560646966544,-0.2930394390135542,2.9444389791664403,0.5580613781986463,0.4137024142454703,1.3949656395892798,1,2.923474757323711,2.1394863449572195,6.695468888196578,1997
600118,信联料份,C29,2016,0.5802250732639074,22.21555852667235,0.3676920352250047,0.21275509811036392,2.995732273553991,0.39502035938115426,0.3425247313843164,1.0237415864174972,1,6.204029219960332,2.0885696975124337,6.516735040023646,1997
600118,信联料份,C29,2017,0.604078544198223,22.085878312008784,0.48753175638419277,0.251991468068146,3.044522437723423,0.360612317351289,0.2841146872661582,2.1376329671307324,1,4.899121148964833,1.6859283776182585,6.830857986345114,1997
600118,信联料份,C29,2018,0.44411506835263825,22.20882905181901,0.41091012398532883,0.25710400283618856,3.091042453358316,0.36309698634000503,0.3574234424910353,2.431105798327141,1,8.842407866276124,0.7587423736022683,6.52263656257004,1997
600118,信联料份,C29,2019,0.7372292682103341,22.43486563095428,0.5920085442808406,0.09280346398241522,3.1354942159291497,0.3556275724961004,0.33433517595534534,2.7201783457884763,1,3.3154705590461226,1.7050415422326586,6.948995548160223,1997
600118,信联料份,C29,2020,1.2471046306826363,22.321534509462197,0.30030164943065113,-0.06430859180092231,3.1780538303479458,0.559805033241997,0.33302518397282804,1.9819209008072558,1,4.031219140598299,1.1709848307348374,6.692703873665251,1997
600118,信联料份,C29,2021,1.3427706211642019,22.53488850027274,0.46735403011066556,-0.06886032970495945,3.2188758248682006,0.25881607168467635,0.40994606851418075,1.8511115540485026,1,2.8556160009810405,3.047906400630458,6.641732711503643,1997
600118,信联料份,C29,2022,1.6467622153524446,22.526547640559944,0.4635443775729489,0.018180076253673228,3.258096538021482,0.2955529405498318,0.30132483125645465,1.2127765055079514,1,2.2357030871142047,2.7848855953440506,7.0422882166665755,1997
600118,信联料份,C29,2023,1.5884405277188283,22.418993362847516,0.6048169526390617,-0.01583229855398667,3.295836866004329,0.15828048034501974,0.34972816397542955,1.3791922620156254,1,3.426917662878673,3.1241033603988155,6.7357090608606836,1997
600605,远联科份,C40,2015,1.077295232576764,22.499741625305745,0.23125928982785693,-0.0324907076954454,0.6931471805599453,0.3320732179226068,0.3694203460010477,2.0344955471846924,1,11.632719315547702,4.398835758778804,6.900132366965128,2014
600605,远联科份,C40,2016,1.1349282549466768,22.704027343143665,0.3743401100714929,0.2388429200937792,1.0986122886681098,0.20185607203270362,0.3600569545212838,2.6529932886422514,1,9.081763944227697,2.576491524612153,6.482904358390209,2014
600605,远联科份,C40,2017,1.4243896861673055,22.71944729072719,0.5118757636992035,-0.2621640239855939,1.3862943611198906,0.22974976581625756,0.4066501878067678,1.1636559324096387,1,8.488803048497894,2.69953081716453,6.8235383868542065,2014
600605,远联科份,C40,2018,1.5337955447256062,22.81154154937526,0.09372817678723677,-0.303316372629322,1.6094379124341003,0.4246718538593145,0.32825666639816126,2.9596518652571997,1,15.124409938231745,2.262368249294973,6.390719080436812,2014
600605,远联科份,C40,2019,1.5405046325968381,22.904942738535322,0.5496841034754367,0.14574186674199957,1.791759469228055,0.37820481923946114,0.35893005652805515,1.1844164544011049,1,7.668321035830614,4.067512873768542,7.012130696559408,2014
600605,远联科份,C40,2020,1.5851079873751959,22.950349972901748,0.26578232983733846,0.32838852746352387,1.9459101490553132,0.2270163329358939,0.2785397967866228,1.3476049686154736,1,11.339318365544235,3.4433536201866493,6.619701691279172,2014
600605,远联科份,C40,2021,1.964064010160677,22.96273314426853,0.3828901270003012,0.251835711815165,2.0794415416798357,0.3965169504683502,0.42409741175629634,1.3771373469981623,1,10.812826866292179,4.783912325353734,6.636036331675118,2014
600605,远联科份,C40,2022,2.1148791731464547,23.07340277940675,0.5654079659066404,0.2293039935476027,2.1972245773362196,0.228142674641264,0.3957581721168125,2.696566921942025,1,6.655869958076889,2.4843936676848397,6.719175948282445,2014
600605,远联科份,C40,2023,2.1927956959005486,23.276153541510684,0.4444810366121352,0.09685783172137144,2.302585092994046,0.5368630164866772,0.34933457477246355,2.688682394496509,1,11.029407671816816,3.138181543149719,6.547830545176071,2014
002384,中联备份,C29,2015,0.6021611491720951,21.947773312779876,0.4014981960702463,-0.1054454522964316,2.995732273553991,0.487066063029946,0.3307522660185025,2.0323213931292337,0,7.213471124816231,2.901171830241542,6.579548445307666,1996
002384,中联备份,C29,2016,0.5595734764505903,22.217838169589715,0.18793447268997235,0.3197219790651883,3.044522437723423,0.5689271480448539,0.4271351581121353,2.7522032950879156,0,11.506353766536222,3.4291898656011908,6.515051881475344,1996
002384,中联备份,C29,2017,0.6763432839597051,22.240782935912993,0.42752009214579006,0.11334438263774049,3.091042453358316,0.22897402189575067,0.41797077186303333,2.486361416224044,0,6.758864185268183,2.473767745731028,6.407481988307711,1996
002384,中联备份,C29,2018,0.46246366328712807,22.16814511309374,0.52640323339164,0.5459225240712241,3.1354942159291497,0.4958424901618975,0.4075559098057754,1.6228231703289493,0,11.396482906358926,3.381779924498178,6.33535081858606,1996
002384,中联备份,C29,2019,0.786196474163762,22.330739938319137,0.33997108239507384,-0.004270279024250395,3.1780538303479458,0.27957078439022953,0.38835900523673317,1.6584092770192442,0,6.616484549199953,4.46757369313159,6.511433159327756,1996
002384,中联备份,C29,2020,0.9368079782007891,22.423442983762968,0.5725459930841883,0.0780189723013544,3.2188758248682006,0.2884768233715131,0.36194664928080417,1.8140135156561832,0,3.562667946974258,1.813530748891424,6.450580977196796,1996
002384,中联备份,C29,2021,1.2266023647588342,22.351695170828,0.2703213815584466,0.21258423845978303,3.258096538021482,0.3450523213387176,0.41118133047491057,2.5203862006500874,0,8.812103786656794,4.117013972002021,6.606153168531984,1996
002384,中联备份,C29,2022,1.2252304440537187,22.33474347836715,0.619721068666388,0.168142404177095,3.295836866004329,0.3366590085067512,0.415718480125505,0.5,0,5.855108255201476,4.690683768640257,6.75536213349658,1996
002384,中联备份,C29,2023,1.4862325978950846,22.405843146833426,0.17605894444394565,0.041635600117910204,3.332204510175204,0.3831470094469354,0.42800167406186007,1.9818056566253668,0,10.320370904821887,2.724967209800469,6.745318946225668,1996
600217,通联能份,C34,2015,1.1900753472649885,22.056989938239706,0.676351827754884,0.01717178245688225,1.0986122886681098,0.3695932319326427,0.45613102298645036,0.7802654068245285,1,7.9562322158758,3.1373109503266705,6.758209542037022,2013
600217,通联能份,C34,2016,1.2238401376666361,22.204031194035238,0.3926064286364774,0.3631673668706873,1.3862943611198906,0.35880585585082797,0.3653218705620037,1.2321346340932982,1,8.55232608731738,4.64191121484137,6.678887608081082,2013
600217,通联能份,C34,2017,1.292851019705359,22.165390695767588,0.7111188445104594,-0.34819638084585336,1.6094379124341003,0.2601080570896418,0.35419223522764365,1.5881012567230632,1,7.148752311459444,2.0150360489148573,6.665993221069118,2013
600217,通联能份,C34,2018,1.641000682831597,22.282557456360113,0.30688301972507837,0.021665186381096515,1.791759469228055,0.05,0.30266279201088286,3.26768630148674,1,4.307504478105625,4.114089600904795,6.636696938843791,2013
600217,通联能份,C34,2019,1.3829298121195097,22.42005226809102,0.25624245008230156,-0.09605834598421699,1.9459101490553132,0.3522985281107901,0.30767015296214295,2.334618989831835,1,5.220996407977531,1.9015732105053784,6.773464672218627,2013
600217,通联能份,C34,2020,1.5774462599114583,22.499969582068974,0.49578549093610164,-0.05888494252131195,2.0794415416798357,0.25558234881398845,0.3859682869736496,2.1017057255698304,1,4.302792314932827,3.9235795572491385,6.740596168278357,2013
600217,通联能份,C34,2021,1.931557744170404,22.522530963573825,0.6874474462110612,-0.060454272014196515,2.1972245773362196,0.05,0.3992891117071144,2.2560252409588166,1,5.267266798609917,3.3311746424162245,6.575572658049666,2013
600217,通联能份,C34,2022,1.6966313527691816,22.67750468136127,0.40954035834691477,0.12321352878708439,2.302585092994046,0.324500200607529,0.2930049142113009,1.693151777890958,1,6.749227956402083,3.5082417388551876,7.025714488555956,2013
600217,通联能份,C34,2023,2.3422068367486166,22.738034333589184,0.7049670099806508,0.019998457018884953,2.3978952727983707,0.4266747379412018,0.3672911789617937,1.6204950428941491,1,8.287042349290008,3.2322759139196306,6.761190832895722,2013
002709,通联智份,C29,2015,0.8924517784657383,21.82742097402817,0.3072110772196066,0.007454815511654514,2.833213344056216,0.6304220521217742,0.4064800465423186,1.3840641514770249,0,5.342764365389076,4.406674017653726,6.560123501987551,1999
002709,通联智份,C29,2016,0.584736515018565,22.00232722596762,0.20137692396773943,0.15073543909628506,2.8903717578961645,0.47455528474653663,0.30946091309706425,1.1894425988102268,0,6.935739845026479,3.078336995507745,6.680422827358052,1999
002709,通联智份,C29,2017,1.3294753472649488,22.005857726254234,0.3516797920988405,0.14341798460858676,2.9444389791664403,0.22620890002181201,0.3783776532934746,0.8792330127752785,0,4.79785336597674,3.1064111445104334,6.7461478065400255,1999
002709,通联智份,C29,2018,1.5270389413215313,22.021190325461195,0.1544039017655674,0.21302389146282932,2.995732273553991,0.16809679458884225,0.4377328787416041,1.1484001144799474,0,6.515459149455317,2.6382210603656966,6.8634296688550736,1999
002709,通联智份,C29,2019,1.5075274706037327,21.97763845664552,0.26813968451894665,-0.33544323099884055,3.044522437723423,0.30032397067719796,0.3517674995389033,1.3857757134376731,0,3.7551277217821157,4.5876730474903145,6.712713538715345,1999
002709,通联智份,C29,2020,1.6418808345436176,22.058301473457128,0.3305930550206205,-0.1132795374780977,3.091042453358316,0.5743729469966279,0.4436747279254921,2.5308539832572317,0,4.66895304872856,2.668481100781231,6.648043934733829,1999
002709,通联智份,C29,2021,1.487230171687474,22.16912203461944,0.2899156939865704,0.4343062343021421,3.1354942159291497,0.24258553101380476,0.40889913206278583,1.2125101826991598,0,10.75180007348494,3.17081908892278,6.699702466479565,1999
002709,通联智份,C29,2022,1.646569870502876,22.220850944398382,0.6217175978412999,-0.09174329363369471,3.1780538303479458,0.4711687686465938,0.29597082932222774,2.132489840358306,0,5.67147606309917,1.7591741352149788,6.456845096199732,1999
002709,通联智份,C29,2023,1.7269462825699091,22.222907772594134,0.6573359350513799,-0.24280811458452245,3.2188758248682006,0.2371396331000185,0.3694220749143617,1.193163633861182,0,7.037796178954691,3.186716158737,6.613473229460214,1999
601557,联联智份,C27,2015,1.6515394565374644,21.098890580029476,0.20386447900852622,0.15428873442317204,1.791759469228055,0.39711107461069783,0.3159036172575689,2.079634162355822,0,13.67851882899732,3.502921746933281,6.59016984136411,2010
601557,联联智份,C27,2016,1.6533054577697002,21.139631681380248,0.2879421961441004,-0.09957394789884441,1.9459101490553132,0.05,0.4241290799755031,1.7363171748562174,0,9.503283044448313,2.301934323932807,6.729836620773048,2010
601557,联联智份,C27,2017,1.8066584931857521,21.245690998499533,0.4849146566372521,0.18778559465360256,2.0794415416798357,0.3452856887329227,0.41161924698299523,1.6558136547548608,0,9.501099036689444,3.1263709003361533,6.641649607905652,2010
601557,联联智份,C27,2018,1.7465169883082796,21.289908912122552,0.38020610244343056,0.14780556461086813,2.1972245773362196,0.15998766354925884,0.33163248278132407,1.3161134440704907,0,7.292655492154565,6.231515111277934,6.781811211346541,2010
601557,联联智份,C27,2019,1.7193085910015637,21.41137146628078,0.46662360639959893,0.10905142038644643,2.302585092994046,0.3797354840515361,0.4652314171485499,2.4022384030074058,0,8.770020025327126,2.976665311740351,6.80787889461404,2010
601557,联联智份,C27,2020,1.6534047550094713,21.41736459315373,0.17068641678690974,-0.13241167401990778,2.3978952727983707,0.10342957242477283,0.2742926940539832,2.236055771101518,0,11.870279711749317,4.111827250099222,6.6251249798557845,2010
601557,联联智份,C27,2021,1.9336398923031635,21.561114282649566,0.6131211894505725,-0.10711428731156417,2.4849066497880004,0.36997030400178454,0.4367100367276195,1.8786659783200563,0,5.707941219154568,2.6050176574299675,6.739110732725265,2010
601557,联联智份,C27,2022,1.9068265056272422,21.575054244156856,0.43109088002769586,0.6436970489745438,2.5649493574615367,0.16739077709585884,0.39175830227339714,2.541154751760451,0,8.315075763925982,6.042270805867262,6.71766088687625,2010
601557,联联智份,C27,2023,2.4122528046587126,21.685286674717762,0.4444322611465875,-0.11287721691638192,2.6390573296152584,0.22999160205268324,0.36360211244268414,0.7855404270019415,0,9.890175992032853,3.0109910698723565,6.465635130523212,2010
002649,智联机份,C29,2015,0.9853784109939493,23.200396341435955,0.47385748794348653,-0.20646908713871373,2.8903717578961645,0.3413411428776483,0.3246430586864157,1.2127275498835886,0,3.6341527509015106,0.4,6.816968106714524,1998
002649,智联机份,C29,2016,0.7844406847190222,23.29909150329903,0.5472107078628216,0.2969027778591354,2.9444389791664403,0.4325653589301308,0.4665699717335022,1.0791447703313435,0,2.4138920976505287,2.8968867224168955,6.7219106966773134,1998
002649,智联机份,C29,2017,1.0302857715104339,23.465641093632325,0.6353928094343512,0.036895215253507314,2.995732273553991,0.18494700901104474,0.4488430363437378,3.0909582880929936,0,-1.3611565259058638,2.5719304793296196,6.840479450777837,1998
002649,智联机份,C29,2018,1.325180759424256,23.320845754596796,0.6762242447554484,0.09311234762074448,3.044522437723423,0.3140100772153208,0.4192563581183519,0.5250840995751753,0,4.009215542602278,4.515669671144375,6.569798276074808,1998
002649,智联机份,C29,2019,1.0342555499734687,23.570213046817134,0.2535864770889241,0.06270102445615444,3.091042453358316,0.07342002433298062,0.4054255749508901,1.5851778323007235,0,5.143507081981491,3.448360955380161,6.540014169606489,1998
002649,智联机份,C29,2020,1.1768221636621798,23.513696446789787,0.34547639887305587,-0.012968221365128468,3.1354942159291497,0.20799867105266806,0.45057234675822866,2.401420882007095,0,3.718925236446751,2.494539998836318,6.870848300095658,1998
002649,智联机份,C29,2021,1.2684299172188673,23.71208492895251,0.45069304090041185,0.17742262741696146,3.1780538303479458,0.3521006190727734,0.34692921230232987,1.7073568132817356,0,4.943949412677619,2.9055651117623067,6.765759006930996,1998
002649,智联机份,C29,2022,1.192662942753104,23.734511992530933,0.4251090529579155,-0.057495745458284786,3.2188758248682006,0.49676724833605435,0.36748099778485793,1.3563998994126236,0,3.3334390739400352,1.5813126185300992,6.7146597304891955,1998
002649,智联机份,C29,2023,1.115085290839251,23.775462178859627,0.5950861619050212,0.15667728024088082,3.258096538021482,0.32047295989822405,0.3780803648096328,0.6665265326168957,0,1.9165248834456832,3.0388918333376003,6.668592684508199,1998
000510,中联电份,C26,2015,0.8950441734054979,22.565445189649733,0.4661272272554343,0.10028305296033399,2.9444389791664403,0.36155230263564475,0.3223216628942316,2.388881996611748,0,4.174839919875851,2.839322371366596,6.53758888770654,1997
000510,中联电份,C26,2016,0.4293410448775455,22.61560740477599,0.4511825264765745,0.12182046908503782,2.995732273553991,0.28190019270481104,0.387257566975528,1.7613152166777313,0,2.9787097317424878,1.8114057865351998,6.635015007386108,1997
000510,中联电份,C26,2017,1.1683284575074915,22.49660443779491,0.6756887043113932,0.3697822479320205,3.044522437723423,0.16198363675100613,0.368465569825551,2.0335957194206435,0,5.191249911799814,1.999729905933192,6.762169249940194,1997
000510,中联电份,C26,2018,0.7977137613005312,22.76243141397893,0.45390154181857373,0.07911678714914279,3.091042453358316,0.4230787445079161,0.3497377681217219,2.6833330342257806,0,4.279838518395393,2.397245541158444,6.624141988249211,1997
000510,中联电份,C26,2019,0.8016174674123218,22.687712494270635,0.328452377280627,0.36446696635645404,3.1354942159291497,0.32128977682349796,0.3492397850839543,1.1320571113482303,0,7.077418669367693,0.6343000568493995,6.552768435047487,1997
000510,中联电份,C26,2020,1.4743699274969169,22.667364749072526,0.5642474875700548,0.03724499559013404,3.1780538303479458,0.17304562156106917,0.36122925187622945,3.050589549412644,0,5.92952600370458,3.1148992510940223,6.774973136746442,1997
000510,中联电份,C26,2021,1.8388875854176188,22.717273052211773,0.5926366716114793,0.13953937550824996,3.2188758248682006,0.2902454004869631,0.3675675192134225,2.5832075409618924,0,3.969904446404566,3.3377222308318157,6.879404713425945,1997
000510,中联电份,C26,2022,1.9565620204506526,23.0046829583259,0.3687011592302304,0.5061698085204003,3.258096538021482,0.15794056684737093,0.3061477016785422,2.046720628194284,0,6.890013660689595,2.201163741823893,6.5926796186437695,1997
000510,中联电份,C26,2023,1.616669731502581,22.93937457396028,0.6117682290399222,-0.17223621013535192,3.295836866004329,0.3570174062657311,0.3930604322723368,1.185733938868431,0,6.459337738382059,3.6999782678925786,6.5516372305664285,1997
601435,新联科份,C38,2015,1.7903521897861863,20.56216585122939,0.16298915820399784,0.29108842989606754,1.791759469228055,0.4031924960945599,0.3547976662832031,1.912624662889914,1,7.220473733096666,3.7330005141513922,6.912308262912578,2010
601435,新联科份,C38,2016,1.705162597387333,20.65678258164494,0.5308608542877924,-0.1718836956536938,1.9459101490553132,0.393809590543053,0.35024995105132006,0.6598676343490115,1,3.196339738658386,0.4468722385122601,6.699479252216992,2010
601435,新联科份,C38,2017,1.4641043317540794,20.65539490140603,0.6394141446128442,-0.19742815038957431,2.0794415416798357,0.34991681308996686,0.3854364914174373,2.7578124604694616,1,8.16885963040517,2.056319846693708,6.45379018171286,2010
601435,新联科份,C38,2018,1.166898962147115,20.735308773301796,0.3402168810556849,0.17914844699531457,2.1972245773362196,0.44636638346197904,0.32129020693535576,0.9739496693871408,1,6.726172907392012,1.5294684724282592,6.559504265734292,2010
601435,新联科份,C38,2019,1.3859193762111728,20.94185896739112,0.49303146019251337,0.011975527927348031,2.302585092994046,0.2742679286244179,0.39188658731457443,2.8024132241521267,1,7.04586422687864,2.6720608594784094,6.671536202546139,2010
601435,新联科份,C38,2020,1.4830311277495019,20.928310228732048,0.44469968227730255,-0.1281192305494446,2.3978952727983707,0.4746114142749158,0.43132735106107734,1.7934112708933294,1,2.9061916011957387,2.689716434658739,6.597256154162208,2010
601435,新联科份,C38,2021,1.7131450894833318,21.147617743858284,0.24886853932526187,-0.24253372323346933,2.4849066497880004,0.2730423227408998,0.3294659215448702,2.5843686215629207,1,6.465682781599378,2.870262263956613,6.81755130387708,2010
601435,新联科份,C38,2022,1.9413597212510754,21.064743365376902,0.50706615495198,0.1091197847569235,2.5649493574615367,0.3732513608206673,0.42892616324534766,1.3422525641782763,1,7.456770991110363,4.084915077768725,6.401979164835156,2010
601435,新联科份,C38,2023,2.0028802194479707,21.1459452434066,0.4879258775231171,0.14838431367228794,2.6390573296152584,0.25831990373716285,0.3371578677776473,1.591924429191182,1,7.4335228019066015,4.037627846792268,6.77605930124962,2010
600363,联联电份,C39,2015,0.9424353569907608,21.928578368805926,0.5319429077572432,0.3917363676540708,1.0986122886681098,0.49504988933540706,0.4183071675719017,2.232819888299737,0,7.234690041454769,3.718635305322005,6.411555908163824,2013
600363,联联电份,C39,2016,1.1105773353342026,22.192005739089492,0.5597872810832578,0.36663399267649843,1.3862943611198906,0.4046582167555686,0.31691156029607376,2.324135364645976,0,4.383483083774461,2.9736953866558746,6.69041415793828,2013
600363,联联电份,C39,2017,1.048081216687642,22.154776051654927,0.4047312100182533,0.36935151566907876,1.6094379124341003,0.25059106387168045,0.41570362584441833,2.253572322646425,0,11.581980927668365,3.283150799956505,6.629269710285093,2013
600363,联联电份,C39,2018,1.1719451202791922,22.086528733748132,0.6074120816806512,-0.0061911002550411355,1.791759469228055,0.2190121063974923,0.3399782459603492,1.6164623241949532,0,4.904258757088252,3.797545112537791,6.606642608346756,2013
600363,联联电份,C39,2019,0.9787839911921562,22.23968362680937,0.4589374475198778,0.026317567734254817,1.9459101490553132,0.14765353255656286,0.3780511640066882,1.2668297677997793,0,5.341998264402502,2.422014755476233,6.467471532896718,2013
600363,联联电份,C39,2020,1.3430916611919952,22.366189961770633,0.2763375804245463,-0.19944864522835987,2.0794415416798357,0.26159385673280067,0.311960399990424,2.427123195272693,0,5.728372114390128,4.2628845260718204,6.649265572947591,2013
600363,联联电份,C39,2021,1.161690817601656,22.290200694012473,0.2951773358868979,0.04922157290639142,2.1972245773362196,0.47348696084653275,0.3798700578064417,1.7607425772250656,0,8.111812043903006,1.7990630883907444,6.180847148904868,2013
600363,联联电份,C39,2022,1.5507205109330977,22.455890210577063,0.40386935586233874,0.19770614450970267,2.302585092994046,0.40949281289842,0.41452773562862316,1.9174370870746886,0,5.874053261695843,5.3152711547787,6.610877914779365,2013
600363,联联电份,C39,2023,1.5502383468533087,22.46067736277417,0.5949956761717798,0.24072793073094925,2.3978952727983707,0.26028757739287445,0.372197792594127,1.6713729926401444,0,6.690781655871196,3.383164246706142,6.609598955939324,2013
600407,华联技份,C13,2015,1.2171258712678783,21.492156984674534,0.45961536563112326,0.27482468987168285,0.6931471805599453,0.5369638329700877,0.3967663067056778,2.059799204285541,0,4.242651016120087,4.5134881053526055,6.583367625972837,2014
600407,华联技份,C13,2016,1.410250813285269,21.4543682082691,0.5284457472807034,0.19273932925817458,1.0986122886681098,0.5557134706263427,0.3779615716937511,3.7544992916573685,0,5.176059509723978,3.987742151624891,6.924192313595958,2014
600407,华联技份,C13,2017,1.2682946928930645,21.573831741084877,0.485578709185501,0.06038916786650959,1.3862943611198906,0.2990333359839345,0.44105331379755525,0.5879837342012344,0,5.03808243120197,2.950345736830942,6.869199438110704,2014
600407,华联技份,C13,2018,1.560421028252888,21.653598254370692,0.3313872196383885,-0.07342807737952546,1.6094379124341003,0.21482593211048703,0.25865129401014275,2.5124731148759425,0,4.624122201718526,5.459008832740807,6.825280303307295,2014
600407,华联技份,C13,2019,1.497463556303955,21.78877865504929,0.27172211700340804,0.24085728754183255,1.791759469228055,0.3920378812636645,0.3906380866313523,2.532399684446406,0,7.729718190865571,2.3756459652974105,6.845855779692433,2014
600407,华联技份,C13,2020,1.7356446124905165,21.79439174694099,0.22634512916345922,-0.12058444530745453,1.9459101490553132,0.37000358071930817,0.45294641608444225,1.509181415531806,0,6.305479208968149,2.6857063893757873,6.687068798799069,2014
600407,华联技份,C13,2021,1.6796100931688511,21.95815119536007,0.57177278686184,-0.1503594077943161,2.0794415416798357,0.37507874091546134,0.290863513879632,0.7257027381490588,0,2.3536475179148413,2.1091940308087613,6.927834437408921,2014
600407,华联技份,C13,2022,1.9051831416856349,21.987613212242554,0.4480732623501351,0.21597331899154326,2.1972245773362196,0.0846453653416245,0.3353525343075632,1.8735302490459254,0,5.931706138180427,4.94297102343868,6.616217215988586,2014
600407,华联技份,C13,2023,2.1829957043688735,21.920255378994774,0.28272329193393586,0.09176769040171158,2.302585092994046,0.390051546575947,0.4826259310561216,1.737971201451813,0,7.322585073748241,3.663866690907269,6.800812689748502,2014
000795,智联备份,C27,2015,0.43290927283899067,23.632966644644124,0.46576151724971854,0.20221186662471585,2.772588722239781,0.19625116486841168,0.3463874399813879,0.7650546280644503,0,0.032421785316240175,2.2747663127295303,6.5130074256440444,2000
000795,智联备份,C27,2016,0.6661292430626514,23.663630985744692,0.41210907804050234,0.16355921563164372,2.833213344056216,0.2933454583042157,0.3370478111091394,1.3485734353192647,0,3.116238923953353,2.647715588942968,6.633210850542891,2000
000795,智联备份,C27,2017,0.7504057798943923,23.551260535658933,0.3844573080425069,0.1311644601224972,2.8903717578961645,0.2106359905410018,0.42859032641119704,2.0371470832889824,0,5.759089022213329,2.5837303174689543,6.99364017553398,2000
000795,智联备份,C27,2018,0.9405702603035323,23.983204461666205,0.5924068509957175,-0.08412818082668934,2.9444389791664403,0.4123029208100055,0.3916918551768159,2.2792161477514306,0,-3.5067156974444056,1.002513960872077,6.874142310140269,2000
000795,智联备份,C27,2019,1.2303442906951998,23.79941820824493,0.4606294663202582,0.6438247457118205,2.995732273553991,0.3489667413555827,0.28299146425593114,1.720554941281529,0,2.5624671691974314,4.818074105472879,6.8500456738665445,2000
000795,智联备份,C27,2020,1.3059249800927537,23.98495872910646,0.5329319279277954,-0.05683025190160661,3.044522437723423,0.3243596631778739,0.4113957965581074,1.251227856760138,0,-0.775353827864456,2.3946714591353793,6.4175654525990815,2000
000795,智联备份,C27,2021,1.1478984497049232,23.897807253740655,0.24721318156298427,0.36311032625021733,3.091042453358316,0.16253573135055396,0.3953580516248977,1.3155369009064422,0,1.8981138913810072,2.178275041795064,6.809196103379629,2000
000795,智联备份,C27,2022,1.3266490800859891,24.01512586062353,0.38448663163534186,0.32083730806697247,3.1354942159291497,0.26198271302098447,0.36467254875140065,2.6918596371825267,0,0.5686325658059026,3.403592344070347,6.667084269778473,2000
000795,智联备份,C27,2023,1.4467970643999,24.025658015177324,0.6384434785658228,-0.03968612836175192,3.1780538303479458,0.27473426518919447,0.36887343126038497,1.9199829318764714,0,-1.9358026237536494,1.8950993521072603,6.92907216781435,2000
601612,中联备份,C40,2015,1.135305043975767,23.27629518623005,0.42925956225856843,0.05408441133013763,0.0,0.3714009115374661,0.38373837272721223,2.283279556968998,0,11.623605377937388,2.67747795650011,6.652334545463306,2015
601612,中联备份,C40,2016,0.8076059806289866,23.37331168393094,0.3852900749818485,0.08787989590039853,0.6931471805599453,0.2262932416732799,0.3447957662779895,3.2099039001527947,0,7.253227227455998,3.243420620929026,6.460220927422224,2015
601612,中联备份,C40,2017,1.1789388135740317,23.359018125581684,0.5510683396311168,0.014964500653337508,1.0986122886681098,0.5978544151733403,0.44343495505642716,1.2950857486989662,0,10.632768728170104,1.5012315269866687,6.83309472021446,2015
601612,中联备份,C40,2018,1.1978889028277095,23.628063761645137,0.587854205433926,0.3093049730151076,1.3862943611198906,0.23162627351290305,0.35789714177619736,2.611524953094543,0,8.244918132685253,4.803470980053154,6.793292964037877,2015
601612,中联备份,C40,2019,1.535957490806233,23.4401410109119,0.541583898772444,0.28433042704910894,1.6094379124341003,0.44407145830755695,0.29085689462351894,1.8427741240196038,0,8.889036221440104,2.540086325709586,6.465561042749089,2015
601612,中联备份,C40,2020,1.6305705512331008,23.682041125089437,0.4112582993745574,-0.01170207161856254,1.791759469228055,0.36956696794851085,0.342763350962007,0.5,0,13.585138745671504,3.2414103951251625,6.571458432510149,2015
601612,中联备份,C40,2021,2.026539656251965,23.463535127188443,0.42430123736682196,0.042845615480677286,1.9459101490553132,0.41928521661863843,0.28447011922594073,1.820755616683814,0,11.810212672308774,3.515328415528878,6.645034239897865,2015
601612,中联备份,C40,2022,2.0333905543661386,23.674877215499762,0.4281223268662768,-0.09347617001577921,2.0794415416798357,0.29096999264256745,0.30765904425813645,2.0483128994920614,0,11.915966256255373,3.163906285977708,6.793831539382032,2015
601612,中联备份,C40,2023,2.0065525867962446,23.874112480266245,0.059925880537146994,-0.08069983063819222,2.1972245773362196,0.2800847115750543,0.44375356650516856,2.7373843678861247,0,14.158195771027534,3.2456153442203104,6.70830759061222,2015
002650,智联装份,C26,2015,1.0077781380922013,22.97696208995968,0.27707306163228623,-0.2892822818938179,2.772588722239781,0.38655233821112295,0.4090049195328711,2.1966047479466493,0,4.992054117935245,3.197626580725509,6.415809331891748,2000
002650,智联装份,C26,2016,1.2348551233094105,23.110296261262,0.30435543579694496,-0.01663225061485862,2.833213344056216,0.6716939996953173,0.2857669219045144,1.9129248552142804,0,5.1590897777506415,4.1719632194496405,6.801912023103626,2000
002650,智联装份,C26,2017,1.4409241328707982,23.088745640235253,0.6759100958532507,-0.0364785891015408,2.8903717578961645,0.33983240247140295,0.400827322321207,0.8872042444041139,0,2.875182651527542,2.1903058853686312,6.788736387416596,2000
002650,智联装份,C26,2018,1.4513972465934513,23.196955445040505,0.2928247373321374,0.22672376478100476,2.9444389791664403,0.39471078007091437,0.3642130012193772,2.1837060521124587,0,7.445138401832149,5.651798771919015,6.632376296246663,2000
002650,智联装份,C26,2019,1.4540269191910205,23.281001009450446,0.20546689243120075,0.09968384915315563,2.995732273553991,0.40150355455984793,0.3343656968129397,2.161950985009411,0,6.033421111344249,2.892914616642839,6.644486553123191,2000
002650,智联装份,C26,2020,1.4127463016086168,23.205124729897317,0.2841042551888964,0.1376271021486808,3.044522437723423,0.22918447399021624,0.3546950720880315,0.8847730921837771,0,8.890687815111766,3.6727314775093536,6.493276936771866,2000
002650,智联装份,C26,2021,1.4091096794037923,23.51818548036302,0.48581403468531725,0.06808148138839407,3.091042453358316,0.39933861784927943,0.32876424400955584,1.0773375260873694,0,4.590769594170569,4.69828542866356,6.726188586368612,2000
002650,智联装份,C26,2022,1.4661279265780545,23.504931658485205,0.5892728882984308,-0.39619648015434406,3.1354942159291497,0.4123793163953531,0.35161745015668744,2.3800810537656107,0,4.0402861318046615,3.1918636787647516,6.721689078678768,2000
002650,智联装份,C26,2023,1.8625168367546294,23.54771795620087,0.2487517289808282,-0.15014334924617834,3.1780538303479458,0.09432612028982892,0.3713639527041617,1.3567970609775535,0,7.729127131041662,2.746422689085862,6.89163855339441,2000
300750,远联电份,C29,2015,0.8413680404868885,22.865050607838167,0.6012209073232886,0.2997064099875745,2.8903717578961645,0.34494028728375375,0.4366431097553827,2.2828512887560573,0,5.920640152137464,1.9627257504648326,6.560991194353222,1998
300750,远联电份,C29,2016,0.9873899642636171,23.007952121218533,0.1911249951146268,0.3609969803646219,2.9444389791664403,0.4450545222337284,0.3238280171961332,2.25858556937837,0,9.139177867348295,3.954764068123496,6.774418385266035,1998
300750,远联电份,C29,2017,1.0134801704199665,23.084686358157235,0.35633674402996396,0.15120145363805562,2.995732273553991,0.7407101911726082,0.40346327466017495,1.713390267808439,0,10.476724879100841,3.490712103959946,6.811920712553071,1998
300750,远联电份,C29,2018,1.3099319096966213,22.980315136558822,0.5555691747236471,0.5807127230089115,3.044522437723423,0.3109871315898737,0.3918265496906376,2.4305130726620554,0,4.386497516957544,3.3656553203503123,6.735586835187729,1998
300750,远联电份,C29,2019,1.080219517020734,23.067299602895922,0.611776627357608,0.051125832639469806,3.091042453358316,0.4690554332290882,0.3580506060624513,1.2461675269693424,0,0.7685626989848399,1.7149382937044777,6.746414621031899,1998
300750,远联电份,C29,2020,1.590530157133902,23.176965977793312,0.4016118534524272,0.15146790216367287,3.1354942159291497,0.2575767908598853,0.338613294935498,2.602138630433628,0,7.0052452031452574,2.6150402651337634,6.89368259367963,1998
300750,远联电份,C29,2021,1.7435390802379016,23.29103414771954,0.25243338219981337,0.5052465783875968,3.1780538303479458,0.27019495306259383,0.39622394286094,2.051782431867679,0,5.992827707454905,4.07793476199225,6.697236149931065,1998
300750,远联电份,C29,2022,1.6968602147863705,23.31570801167917,0.5242726782570232,0.34728599099375734,3.2188758248682006,0.5634199221390928,0.3667710919859304,2.327359910245325,0,7.374584988003188,4.277354526347023,6.697242694960643,1998
300750,远联电份,C29,2023,1.7598008815209454,23.32251446851523,0.2891671732470518,0.27375047275543385,3.258096538021482,0.3597371812520825,0.3930978756358122,1.7515754153150167,0,10.220447121577369,3.852112418968516,6.637287983905659,1998
002170,信联料份,C39,2015,0.5094167666435989,21.286136886376298,0.2286189623049413,0.11845377126653525,1.3862943611198906,0.30621344323619193,0.33356682929551407,1.2687948653809047,0,7.92138082658883,1.5689506221630647,6.228919644690574,2012
002170,信联料份,C39,2016,0.8838079291176834,21.31287138630665,0.41797764707781443,-0.10120547230321475,1.6094379124341003,0.3548182888945204,0.3601283797691736,2.3990196150873304,0,11.86797412184341,4.967732602020606,6.3106431268304455,2012
002170,信联料份,C39,2017,1.1734003762568168,21.404169173984194,0.3506207522733281,0.2827497556499309,1.791759469228055,0.2685576342427681,0.36208725810495856,2.7881464666489193,0,14.501721199339837,3.476333464935042,6.362276448452345,2012
002170,信联料份,C39,2018,0.8150573344939446,21.460780126544805,0.5162950466443963,0.22808980940514872,1.9459101490553132,0.34354395575397007,0.42986432368149496,1.0607511133318344,0,11.92565517765172,3.9032537162566907,6.581206051254079,2012
002170,信联料份,C39,2019,1.1331322766973777,21.397161063459343,0.5855460524223464,0.41135542465865294,2.0794415416798357,0.5261125596442318,0.3795409127456297,2.060562096201654,0,12.70983555518455,4.088666500747136,6.58327861450018,2012
002170,信联料份,C39,2020,1.1337642223995565,21.71524161747265,0.36480595986531134,-0.16620251185343485,2.1972245773362196,0.34611266627709436,0.4659523086514152,1.9682617521292238,0,11.41751831415284,3.7408678938837627,6.581197472273283,2012
002170,信联料份,C39,2021,1.1566818393248817,21.74587258137582,0.2903552110655522,0.26418656383545114,2.302585092994046,0.2790439593658482,0.3345929008668999,0.5,0,14.214622836509506,3.573640899094414,6.523618319214672,2012
002170,信联料份,C39,2022,1.0162948134275673,21.676123248505323,0.5985000010487844,-0.06791793454264458,2.3978952727983707,0.348901454797363,0.3619081516773783,1.2277648908396588,0,13.386772932669654,2.27495956906478,6.657415417725001,2012
002170,信联料份,C39,2023,0.9237147977055384,21.764613084462297,0.5727878766355011,0.547330825493967,2.4849066497880004,0.21443557277560277,0.4270031871727284,1.2493589483307155,0,12.499842322659886,4.2082860311492345,6.514510767659279,2012
002770,科联科份,C38,2015,0.8502953069820518,21.429080167399672,0.6530935577134074,-0.22051263481932112,2.70805020110221,0.4185173654441595,0.3671723876766618,2.3421211237416237,0,-1.1812666040939204,2.0870620794206856,6.480798942187873,2001
002770,科联科份,C38,2016,0.968461996366373,21.40595766245343,0.27673874691348693,0.00871228969347861,2.772588722239781,0.31438180126457155,0.4200680763268276,1.5188401473198907,0,5.907437418804063,1.1910223325952312,6.56161994860348,2001
002770,科联科份,C38,2017,0.7512756671196704,21.353679363199632,0.4237911499146039,0.30395926506697,2.833213344056216,0.2262292779085153,0.2798322102726918,2.014694055225978,0,3.361395513757203,2.4279271346653766,6.391269372779344,2001
002770,科联科份,C38,2018,0.58029323652535,21.508596388544515,0.41094665692420956,0.0738040474774044,2.8903717578961645,0.42462882427634385,0.42532711192935224,1.987407588130864,0,5.300943552023692,2.4713659140511415,6.437828392266475,2001
002770,科联科份,C38,2019,1.036685362439571,21.554997370886678,0.48800621383975373,0.5508550875521446,2.9444389791664403,0.3333855055547803,0.3557944514184146,1.4028227119275354,0,5.187797634481047,3.037939709920496,6.6045461661167115,2001
002770,科联科份,C38,2020,1.018963377988316,21.5212398181337,0.3656866258892913,-0.061276044000022414,2.995732273553991,0.43101835328156,0.3524304017332099,2.2924886200732066,0,4.670671306083608,3.4513830207609604,6.658074202013301,2001
002770,科联科份,C38,2021,1.2210061562080856,21.461151195060978,0.5842416445866366,0.09138800818057827,3.044522437723423,0.5848511817513964,0.3301289878826745,0.9241636813921937,0,4.523136997326677,2.9877732101737737,6.723675289638986,2001
002770,科联科份,C38,2022,1.3263965548534187,21.74038991452747,0.6311424776306491,0.06349458427579593,3.091042453358316,0.5657192117366803,0.3946778528549435,0.8210005722908194,0,4.259808022137639,5.313198241687057,6.3291487055189295,2001
002770,科联科份,C38,2023,1.3843602205038017,21.850544511716787,0.624658624243214,0.12282990814700906,3.1354942159291497,0.38051448149683303,0.3952475642262894,1.7152218024805101,0,3.1571782156585697,3.240725543209539,6.511022389027711,2001
002222,创联智份,C13,2015,0.9132538410330405,22.271830096270026,0.41146207158490444,0.016132167482780874,2.3978952727983707,0.3807104191007867,0.398449555630156,2.0864096737445,0,7.190803784293065,4.07490252526427,6.425261931381595,2005
002222,创联智份,C13,2016,1.043963444956867,22.28509756041743,0.9120489271515623,0.28422935881287636,2.4849066497880004,0.35883798434520947,0.35404764219007245,2.6444976633479653,0,-0.10618888322998302,2.8997386726518917,6.581157474182193,2005
002222,创联智份,C13,2017,0.9047379341549738,22.20652392310522,0.40569282421975456,0.15033142948154202,2.5649493574615367,0.5063899333962454,0.38298646893992483,1.1342402812201993,0,6.4626573482088725,2.4294739493510344,6.667510833013565,2005
002222,创联智份,C13,2018,1.374857526134073,22.28981119419433,0.30748684290742284,0.07622376060594906,2.6390573296152584,0.22450859351711444,0.3781818450208838,1.0191006940366836,0,12.199179394555838,4.099431613748997,6.789818583420548,2005
002222,创联智份,C13,2019,1.7447645588090994,22.271066170495978,0.092492147489666,0.026490856680695694,2.70805020110221,0.3689593111083153,0.4703586615265833,2.71838450891775,0,10.655683081855914,4.846202614901586,6.647080338802792,2005
002222,创联智份,C13,2020,1.3588919967798543,22.60612382483222,0.3666978225849953,0.24888582118680744,2.772588722239781,0.31265881819342145,0.3089463865961277,0.5790830718843465,0,8.246069144726086,2.6275857319437135,6.657996692260695,2005
002222,创联智份,C13,2021,1.3695808118232367,22.624711976417267,0.2292759001037796,-0.25176556843399645,2.833213344056216,0.3002031762438075,0.4440382135331537,0.6688916522599495,0,7.715585360465085,1.7606747482940681,6.783983306049475,2005
002222,创联智份,C13,2022,1.5821411508572787,22.645811849907698,0.37056388223525877,0.2511726022993541,2.8903717578961645,0.45179467024054015,0.35130713323663243,2.2436146171522697,0,11.616003698026503,3.365576557357684,6.628991804681492,2005
002222,创联智份,C13,2023,1.8597593955730671,22.459975418173777,0.5043317820282185,0.19958018431259106,2.9444389791664403,0.3939789214157582,0.3805483044877783,2.3973459936386137,0,9.86602146856895,4.565077140806972,6.883296456481732,2005
000291,远联机份,C34,2015,1.243310160860744,22.123748807625837,0.5570843878544329,0.16544469979214957,0.0,0.2647552337541239,0.3944529390071274,3.002270540679825,1,9.942968014617955,3.1899443094852664,6.257795329625281,2015
000291,远联机份,C34,2016,1.116724663217647,22.13196252390775,0.5288220704185259,0.05011600798387106,0.6931471805599453,0.5224700977693006,0.4820167053430143,1.2007645457362799,1,7.3837450335373855,4.418460710710268,6.902568242708971,2015
000291,远联机份,C34,2017,1.0721617584714869,22.247823283848856,0.18101935686633502,0.41755301164655634,1.0986122886681098,0.5155703338851468,0.44250783491033246,1.2432268127501678,1,13.449324316659963,4.7752227615910865,6.6753908193821765,2015
000291,远联机份,C34,2018,0.8861237422602396,22.339493411876216,0.16803225161495416,0.5979483523643673,1.3862943611198906,0.38783609596156826,0.29486630929167196,2.2326044539109033,1,14.357805235813807,3.3769524797189843,6.569285890017055,2015
000291,远联机份,C34,2019,1.1430965054460485,22.41080623730328,0.7984684027374865,-0.07403954739184133,1.6094379124341003,0.49187819019233514,0.3206124563750166,1.4161890897507254,1,5.288688056085997,4.993398783699087,6.693311261094047,2015
000291,远联机份,C34,2020,1.6104734114344674,22.364299216256704,0.4908263809547594,0.030486880656544233,1.791759469228055,0.41548364204004623,0.3739033305236646,1.8886019692546632,1,6.420427684231165,2.918654798611549,6.761275701059344,2015
000291,远联机份,C34,2021,1.7379831162458041,22.772752662435664,0.5328795035487522,0.25101532698453277,1.9459101490553132,0.18877184786901724,0.34810575525427506,2.5545211831094603,1,10.703009563864258,4.471520079310716,7.177566063949009,2015
000291,远联机份,C34,2022,1.847068673040225,22.645700310627497,0.16903924782189803,0.19127230610051724,2.0794415416798357,0.21350650706172053,0.4364308966102502,1.5533413808799206,1,12.154564536615228,5.1276773060668415,6.686319816927508,2015
000291,远联机份,C34,2023,1.6013830208952176,22.67756553755944,0.36949006532023376,0.2683648690524224,2.1972245773362196,0.3722807128848048,0.3441427635756269,2.19812675040772,1,11.147366367275627,4.086303527228563,6.737349182645563,2015
601738,远联械份,C36,2015,1.2407208253236666,22.091656104857968,0.4966755250835322,0.4020198103994387,1.791759469228055,0.34662938985957154,0.2903327207044206,1.556675930334217,1,7.3450742443723405,3.375153347188029,6.699823116841251,2010
601738,远联械份,C36,2016,1.1348807633154916,22.279488807259728,0.3650627921785618,0.026483115853651835,1.9459101490553132,0.3762197339168193,0.3471790785858926,2.6437669085780495,1,7.506498414587373,2.197099246369539,6.835471617437215,2010
601738,远联械份,C36,2017,1.2701178824607844,22.204707749580674,0.05,0.3045362744163165,2.0794415416798357,0.05,0.3013577302957996,1.2370643710461415,1,10.49608953796048,3.306312873258907,6.7073371785467915,2010
601738,远联械份,C36,2018,1.5363884298989334,22.34057506769931,0.38881082389225397,0.3078113867031096,2.1972245773362196,0.5188238734774342,0.36863727977790006,2.3111343193587683,1,6.102854809360744,4.041408900316277,6.593032966868446,2010
601738,远联械份,C36,2019,1.393305143115946,22.394915962453496,0.6024676776744613,0.13618981782101947,2.302585092994046,0.5328332532358656,0.4314476959252694,1.509547343338264,1,3.354600337757743,3.113534596243987,6.6639909924887695,2010
601738,远联械份,C36,2020,1.5106998566532261,22.380500045768986,0.11754444804626035,0.2293204329738786,2.3978952727983707,0.05,0.4072874112109781,2.471902804972869,1,11.671345225211663,3.1485228842415887,6.324594489542429,2010
601738,远联械份,C36,2021,1.4599382584975027,22.51520947881039,0.4233971472385864,0.33025879635244704,2.4849066497880004,0.25403304941156113,0.3874093757548299,1.7955390438885155,1,5.485900064866238,2.1667118267250682,6.729940338379677,2010
601738,远联械份,C36,2022,1.6590489420391235,22.51225984643108,0.4156141680102698,-0.05125679789008249,2.5649493574615367,0.3095476376786057,0.39863870753030717,1.4220853190625498,1,5.227745273766547,3.5947682789261015,6.90212358145739,2010
601738,远联械份,C36,2023,2.1091576577418554,22.545027725156448,0.23070289628620397,-0.022169676915211836,2.6390573296152584,0.1595750945594542,0.317913915253343,2.4393033482490125,1,5.131882483535997,4.515650510008209,6.79670363038115,2010
603559,联联电份,C27,2015,1.5230401869480954,21.70250209211134,0.06629646188567595,0.15919707863385402,2.3978952727983707,0.5473464304972171,0.40732362647701653,2.9642682729912924,0,10.195770689264455,4.075110808482352,6.650676690064811,2005
603559,联联电份,C27,2016,1.490865050828211,21.795933213969874,0.37224779375433786,-0.20285370810274497,2.4849066497880004,0.37793035465060704,0.4109054409094981,1.3868017326515458,0,9.542054962813724,4.527366096284111,6.627941634155226,2005
603559,联联电份,C27,2017,1.5089695133289758,21.830113365323438,0.4065902765872974,0.5473984243994267,2.5649493574615367,0.49015369980936685,0.39738010145643005,3.0469181335390214,0,9.913787398150879,5.007080416461907,6.645822842068207,2005
603559,联联电份,C27,2018,1.485470272325891,21.901257144156144,0.45796151429871695,0.6329814694244017,2.6390573296152584,0.15340277963641957,0.38605488041990976,1.5528085537208483,0,12.209442986826534,4.3285636587624206,6.769415161681062,2005
603559,联联电份,C27,2019,1.040757115117414,21.859468948836188,0.23326451063334586,0.28014530389404724,2.70805020110221,0.2802084843707293,0.3112687005976244,1.5091930609296003,0,10.995259081709587,2.3250036152081592,6.842013605034714,2005
603559,联联电份,C27,2020,1.203896501616692,22.047417306202377,0.21494497816276187,0.018414462230729043,2.772588722239781,0.3123842526492696,0.38907781904234,2.9113292206112953,0,12.632907566573348,3.9754558276697716,6.522412005111007,2005
603559,联联电份,C27,2021,1.6805258022841092,22.276205450357494,0.492766506551782,0.043308256254685935,2.833213344056216,0.27525702485680803,0.39917076558674974,0.5,0,9.969307042118407,1.5670913212940287,6.785997943483155,2005
603559,联联电份,C27,2022,1.8052162088223302,22.22794512081994,0.3991097495996337,0.3887037586234813,2.8903717578961645,0.28521898541320656,0.43386255392518114,2.026070036012185,0,14.221467142347791,3.2519082430166186,6.66714116138937,2005
603559,联联电份,C27,2023,1.9118485223353667,22.282922401122715,0.4252503986722378,-0.42642734325382126,2.9444389791664403,0.2992505813891236,0.32928619095587547,1.8914071686856646,0,7.448806138401573,4.0115273796209765,6.816616708852305,2005
300773,新联料份,C34,2015,2.1884514117981575,23.31684405490571,0.4009471974769775,-0.023217466597843003,2.6390573296152584,0.3293932549746004,0.3771872520843557,1.6649975545323703,0,8.121030936054325,1.7982970006655872,6.623285450058021,2002
300773,新联料份,C34,2016,1.862423173770675,23.16050489795666,0.19471540330373635,0.4246763328722052,2.70805020110221,0.5597048436061738,0.3408337016555393,1.1843964320521907,0,14.556387460179682,3.2130333324474947,6.947515115518847,2002
300773,新联料份,C34,2017,1.5955816843078456,23.28551421231153,0.3339748332142095,0.11691369783733244,2.772588722239781,0.20822769101280553,0.4131739231982869,0.8513776822887356,0,9.999470804208501,4.363757488135341,6.593635341242717,2002
300773,新联料份,C34,2018,1.4521440575432472,23.491103185578755,0.3456517700246882,0.08490617264921817,2.833213344056216,0.4646953345317868,0.3998924905080598,2.0878651881668935,0,9.133590531729174,2.0617189759358943,6.6719011724874004,2002
300773,新联料份,C34,2019,1.7621224788159215,23.44470310483666,0.379098687863418,-0.27260264902982123,2.8903717578961645,0.22169349127856136,0.3419292131416504,0.72833614447615,0,8.754777419600032,2.9634950786039584,6.746592330259449,2002
300773,新联料份,C34,2020,1.9972802415326745,23.712677216317886,0.638610656009154,0.0789920087547649,2.9444389791664403,0.406230703663898,0.31293436379577794,1.825827098385754,0,8.078627779232953,5.055369825174991,6.813980734122856,2002
300773,新联料份,C34,2021,1.5733539766403148,23.627281155892458,0.4452919525730295,-0.009066941951890735,2.995732273553991,0.25122567916752714,0.3532601398890646,2.9999044139752025,0,7.81785671218245,2.6558767224844044,6.512622947899046,2002
300773,新联料份,C34,2022,1.66272009401528,23.64580946910981,0.4025844954242004,0.47309277444670605,3.044522437723423,0.174616916351946,0.4632648465569221,2.4865557688602693,0,11.213976423979165,4.107594669034997,6.939418863333482,2002
300773,新联料份,C34,2023,1.5620349874408432,23.830623620247547,0.062125341693084826,0.0040210190719171535,3.091042453358316,0.2810610180692471,0.3454041190203254,1.676597045431889,0,9.73948687037319,1.5297870101812108,6.780120536572148,2002
601433,信联备份,C27,2015,1.1183021478380766,22.309356985150547,0.07949847721298153,0.3368664000347571,1.9459101490553132,0.2884115919668502,0.42614886323336393,2.2163823892586665,0,8.55935110483986,2.4386493245348113,6.749189053584923,2009
601433,信联备份,C27,2016,1.0721570138333287,22.38355689879408,0.651182583003196,0.16407809839734344,2.0794415416798357,0.2697705838498212,0.340185540702281,2.1360634431765955,0,2.5454306314927972,3.2744896708762847,6.709177933080846,2009
601433,信联备份,C27,2017,1.292213259485985,22.54909513315862,0.35733837909185995,0.29934414474204596,2.1972245773362196,0.3479626770453296,0.4434034434182985,0.6746570839326362,0,7.303184645540853,2.7036272306324864,6.700533040875394,2009
601433,信联备份,C27,2018,1.2555806211936607,22.642486012021646,0.5868176306205632,0.27863771215523525,2.302585092994046,0.4650105131711722,0.49284863591504136,1.7975485877479205,0,3.2368639274188786,3.9388691561344835,6.505054636759254,2009
601433,信联备份,C27,2019,1.1631058234289648,22.566645783059336,0.793504997033804,0.2096113486071387,2.3978952727983707,0.21755138334340907,0.36656775345810666,1.446791468931214,0,4.242987781510147,3.1345022440325483,6.527562972993309,2009
601433,信联备份,C27,2020,1.6337485395876643,22.68766243859955,0.523995135927895,0.15752148936701557,2.4849066497880004,0.32368484852584156,0.426617721736796,1.8403311550129233,0,8.41356562572515,4.234886620960882,6.682435483588525,2009
601433,信联备份,C27,2021,1.6869785875834922,22.76504015762349,0.4417658522267135,0.2744965298775927,2.5649493574615367,0.3643884025797783,0.37229278057364146,3.1461394446529294,0,3.7977972237201834,3.299430173724823,6.7593461963802595,2009
601433,信联备份,C27,2022,1.5691266685108163,22.728055605653335,0.25151500512075026,0.29740284523182636,2.6390573296152584,0.45132291238922745,0.36047658427098817,1.4348112564438427,0,9.367635060218394,2.2971977083115758,6.585118885036743,2009
601433,信联备份,C27,2023,1.5554703679770303,22.835518005395723,0.24311490757367732,0.42544110720368467,2.70805020110221,0.4171844513356828,0.42073834103639957,2.1637119977140316,0,6.874574853878651,2.9461552116894762,6.91572299871064,2009
601199,新联备份,C26,2015,1.316457076381568,21.710770791973776,0.22104991457048048,-0.21481436454682987,1.6094379124341003,0.46049313299467437,0.35855252046816494,2.5018348142990705,0,11.493127063577443,2.577403999603728,6.414233456325864,2011
601199,新联备份,C26,2016,1.195159789622192,21.781876505516223,0.36980281040945695,-0.05146102081331011,1.791759469228055,0.08396139708153655,0.3676739727113273,1.8380675699030278,0,8.63053363485191,3.6419557302871373,6.5438479797136635,2011
601199,新联备份,C26,2017,1.380895753871757,22.14717776567839,0.6864140504057609,-0.4759695402343851,1.9459101490553132,0.3417462617624076,0.4002005875186859,0.8779054864099458,0,5.855841786974835,2.665747298288116,6.659550676007324,2011
601199,新联备份,C26,2018,1.7284801483287242,22.001759294367623,0.4909398049205388,0.2945434934274377,2.0794415416798357,0.39464803423867967,0.40328224089902576,3.1828761891418136,0,7.635898857427856,4.373585852904439,6.78354641887358,2011
601199,新联备份,C26,2019,1.7270046076983034,22.193315296600826,0.4562068986536089,0.25261044686492773,2.1972245773362196,0.24949939598687096,0.3836135731797309,1.6187554409719493,0,13.568728044684352,3.798555499273987,6.5836560953569965,2011
601199,新联备份,C26,2020,2.1148726939978957,22.279898091064922,0.6134322572814652,-0.35151765111314615,2.302585092994046,0.2605298649442114,0.5160409075798945,2.391072296787882,0,6.858404999541888,3.209236076152007,6.621666749218405,2011
601199,新联备份,C26,2021,1.6974027000031218,22.090768228235827,0.3773564844764975,0.2883982472379707,2.3978952727983707,0.28362684230816004,0.376906054353244,2.426586771774973,0,13.295422705788948,2.0400607341445216,6.675371160261998,2011
601199,新联备份,C26,2022,1.946824827407867,22.49977639515119,0.4167489862510987,0.15107857531035748,2.4849066497880004,0.16818202655373637,0.42972567440493864,2.6158100552924086,0,10.478356936194139,2.7910223549902566,7.089240656686226,2011
601199,新联备份,C26,2023,1.9310688027600535,22.382284152253252,0.2965675894651297,-0.07603767111643778,2.5649493574615367,0.3280598917774297,0.3616789748551323,2.2219617258046265,0,12.103552358414479,2.9179861845062116,6.664198390654408,2011
300288,远联科份,C39,2015,2.024066369617234,20.432734517092683,0.6134258921373346,0.46649249983263497,2.8903717578961645,0.32251229344040966,0.39348880538376046,1.6171536750760056,1,11.767576003773241,4.127453374300468,6.865221225967625,1998
300288,远联科份,C39,2016,2.064947040079762,20.322946536905075,0.3688706939890576,-0.09429402220246119,2.9444389791664403,0.44886299909314636,0.3179526045271746,0.5,1,11.619008536188582,5.447117118868567,6.631270230081442,1998
300288,远联科份,C39,2017,2.187900401002708,20.506527784699642,0.5554305284631086,-0.05704199242374371,2.995732273553991,0.14723062694423053,0.31152503323258535,0.5,1,10.243822585183384,3.744516403914863,7.165580181565011,1998
300288,远联科份,C39,2018,2.074361691678859,20.58118345473202,0.48961117218995276,0.0544954836602851,3.044522437723423,0.1335179089961382,0.443184257166436,2.2215826863374506,1,12.447994838809468,2.9633769119827797,6.807373260547657,1998
300288,远联科份,C39,2019,2.2015097379564224,20.67801985737302,0.5035010857026483,0.19220860738899648,3.091042453358316,0.491356515535298,0.4147691369634862,2.2567731810165474,1,9.553128957764416,5.216070612779594,6.643521186688233,1998
300288,远联科份,C39,2020,2.2728036652774493,20.718578236839353,0.37888061189210986,0.12313809237826447,3.1354942159291497,0.37217313804889335,0.40849832473371034,2.4146126847303906,1,15.68328818712775,3.059346138097351,6.679522109685924,1998
300288,远联科份,C39,2021,1.984255587338751,20.630775181991925,0.2670883390220218,0.027241478698840853,3.1780538303479458,0.5132933014298262,0.3751803146878796,0.5,1,13.290801545833359,5.7009520358091805,6.755427284130343,1998
300288,远联科份,C39,2022,2.1709544694253124,20.723176042811048,0.5570819062339836,0.08146747839251957,3.2188758248682006,0.2595837203139466,0.3860192923970704,1.7017871851632007,1,8.326583104535306,4.579747589894246,6.708593341551537,1998
300288,远联科份,C39,2023,2.0880308431717944,20.907514191436743,0.30572728354450185,0.10656254528297307,3.258096538021482,0.14092699355064875,0.4050951943741667,3.0814859266440378,1,14.425330765522276,4.256972462355259,6.8239356152543795,1998
000791,联联材份,C13,2015,1.223877783013459,21.033278499374436,0.3231631561223897,0.16082016406047606,2.4849066497880004,0.4658926042551066,0.37510101501979753,1.4464821493771332,0,7.377908668335841,1.78549607304348,6.59967387484396,2004
000791,联联材份,C13,2016,0.7752611551483383,21.04979978629953,0.4643131606049727,-0.09470577731632451,2.5649493574615367,0.23084984791495444,0.34938830039203655,3.0397983740986487,0,3.345841369458135,2.0291684627712785,6.538406999492198,2004
000791,联联材份,C13,2017,0.8596240536486344,21.16394465543686,0.3288514350561957,0.1241071836631231,2.6390573296152584,0.1822667999324059,0.43094935068817214,2.104225583788712,0,6.763573974751279,2.392252057539035,6.541789949939453,2004
000791,联联材份,C13,2018,0.8542625130274524,21.23819477140161,0.18429131716490862,0.38516831545810837,2.70805020110221,0.43190363610378135,0.3364977924488113,1.8019832760666352,0,8.066645307775106,3.4827870739075166,6.490819428869077,2004
000791,联联材份,C13,2019,1.1711069277512192,21.291677584193078,0.5763358757855619,-0.2481652891403343,2.772588722239781,0.28023702105318027,0.3913225465179113,3.11624263549076,0,2.9530711491675325,2.348331331073989,6.510201736164486,2004
000791,联联材份,C13,2020,0.6965094872145415,21.284833691427348,0.38390082725802716,0.20289557199751293,2.833213344056216,0.23361185362179715,0.47482619461426934,2.0441835400302684,0,2.4511765564452745,4.191821695341686,6.5802921049689465,2004
000791,联联材份,C13,2021,0.9223734274481326,21.517996901429992,0.5575378678579365,0.3140318210158485,2.8903717578961645,0.3579955196196237,0.41067808029488556,1.8087149393867303,0,6.970400027726148,1.9081662424090335,6.567472042934497,2004
000791,联联材份,C13,2022,1.3992628571368784,21.520143784638723,0.42688770878770393,0.0007294752933893998,2.9444389791664403,0.3439213685305891,0.45695019508022183,1.8556205517686815,0,8.729321881797775,3.0158372703405925,6.488384979187954,2004
000791,联联材份,C13,2023,1.338775284478134,21.550136459078907,0.5098337951919587,-0.09131694366932694,2.995732273553991,0.3216456853436181,0.40554466513791954,1.4028711604191755,0,6.016708980329674,3.915077094117662,6.741758623092614,2004
603508,新联材份,C29,2015,0.914991372221557,21.0368033132435,0.49164219106841534,-0.4867130794277833,2.4849066497880004,0.23430775082103011,0.36677299973970934,2.2535977869059427,0,5.44263116367614,1.4053982646124745,6.488135562382356,2004
603508,新联材份,C29,2016,0.9434712997255361,21.064771553517996,0.544716880182056,0.10794684807832673,2.5649493574615367,0.3544362317274498,0.34025086338096794,1.6157407612307408,0,6.965772606970757,3.7974375629726174,6.739132880233976,2004
603508,新联材份,C29,2017,0.9320681912708672,21.02930007232722,0.24082085485650168,-0.15852355214287037,2.6390573296152584,0.14761388924153024,0.38791955792110516,2.395581569234703,0,10.83951699780479,1.3524486852925357,6.396682569685599,2004
603508,新联材份,C29,2018,0.9266385878118943,21.033270529220705,0.43677181622440736,-0.24655459443420727,2.70805020110221,0.16479716758570453,0.35830802046556254,2.382288128690034,0,9.36860013444713,2.101377847712052,6.825847871350682,2004
603508,新联材份,C29,2019,0.7202194299115114,21.18883689311993,0.35154531512894416,-0.2550323769336037,2.772588722239781,0.4470635815448907,0.38268551945516144,2.3168730689005606,0,3.6288233719738536,2.4341862215242656,6.6226540409712396,2004
603508,新联材份,C29,2020,0.9150259615466043,21.134207754486134,0.5671244759691124,0.20573741902944823,2.833213344056216,0.5279018253465304,0.3648272921128066,1.809207856276477,0,7.953719151460131,3.422472786942297,6.764554542336039,2004
603508,新联材份,C29,2021,0.9581813218586421,21.086365264881245,0.6116684492481311,-0.11860252060431181,2.8903717578961645,0.4221711293884115,0.4393045266380137,2.303943453621602,0,6.619217457505984,3.3187513016230956,6.468151382461216,2004
603508,新联材份,C29,2022,0.7514433256609279,21.14893506062751,0.052237407962263345,0.13721393509993637,2.9444389791664403,0.3515496676466853,0.35918484977827014,2.5945305229175655,0,9.638119909016613,3.999930561108174,6.348372554886845,2004
603508,新联材份,C29,2023,0.9110375351357723,21.357599796818054,0.45665095143618323,0.010546033223968194,2.995732273553991,0.4170204154890768,0.44385922973982705,1.717479194002882,0,9.518534561137972,1.736111437481132,6.366337473705057,2004
002152,联联械份,C40,2015,1.3583576138289704,20.71465582209993,0.12415289052252032,-0.274663491282364,2.833213344056216,0.2651756936072856,0.35416069642184955,2.0878324688603707,0,13.718263273211983,3.2381353590070554,6.941961258021128,1999
002152,联联械份,C40,2016,1.4369392205120124,20.972923829770004,0.2954399904449569,0.16401881706548516,2.8903717578961645,0.18121193330542182,0.3959208427155497,1.7673461375446307,0,10.545323665327958,3.056332770468744,6.738135148554296,1999
002152,联联械份,C40,2017,1.4721640885645868,20.91272876943852,0.38864739326410175,-0.053194359191983336,2.9444389791664403,0.46202468443949873,0.4119016274382193,1.6182826723249877,0,10.18076127682526,3.4353127338537384,6.713456636236528,1999
002152,联联械份,C40,2018,1.3764414646611853,20.967914408189998,0.5014531624993344,-0.14722099495482868,2.995732273553991,0.3833977359283986,0.35459395022470713,2.653993952043552,0,10.987467670960045,2.8247507194303836,6.511557769579633,1999
002152,联联械份,C40,2019,1.296285600076824,21.094032350119424,0.323314942008109,0.10228554086247751,3.044522437723423,0.19877426973114945,0.347056001138297,1.2422620385755612,0,12.365478844246011,3.7888067345612133,6.53555171236681,1999
002152,联联械份,C40,2020,1.41188610201183,20.976274934244802,0.5636378319422836,0.29165125990694984,3.091042453358316,0.18049817296884443,0.35650183870756547,2.4045861371309454,0,8.366123802997263,4.0518918963510036,6.747738098495533,1999
002152,联联械份,C40,2021,1.3213883103299797,21.127976352386284,0.3233746373476071,0.11270921114314628,3.1354942159291497,0.13741665426584465,0.34368420058332083,2.5335432778706406,0,12.289016452755664,3.0007172998154075,6.388242528915291,1999
002152,联联械份,C40,2022,1.4823365218612776,21.17679568783763,0.271085000090368,0.21681506071708814,3.1780538303479458,0.1561149716162428,0.32791244153391863,1.5688144703067,0,12.115717600615037,3.9583267758419707,6.870009923913691,1999
002152,联联械份,C40,2023,1.3905129719218359,21.276754759672816,0.05206768787843054,-0.07893070878027059,3.2188758248682006,0.4116555189813891,0.39805462500723143,0.5,0,15.067190899141709,3.359466156135968,6.402069437178037,1999
603372,远联装份,C13,2015,0.49803243698326904,20.624834506618956,0.3493264679891284,-0.07577204714992802,2.1972245773362196,0.33512574701191694,0.33278935813790855,2.0146307275123627,0,7.497505900537274,4.4097857349908915,6.533026212550706,2007
603372,远联装份,C13,2016,0.586405249590069,20.48755260371144,0.34462777132799677,0.047097004644008136,2.302585092994046,0.41673277656388297,0.3794808145704506,2.0189552887261164,0,8.456791255341203,4.339904580386401,6.606288689755234,2007
603372,远联装份,C13,2017,0.5102721641189485,20.773299541041624,0.43019569480841663,-0.0016818389933662484,2.3978952727983707,0.3275048732324773,0.34064209010932067,2.941945687674802,0,7.5032472633324225,3.447606429305079,6.5036172023445635,2007
603372,远联装份,C13,2018,0.26063727586365276,20.790557929133794,0.5453901480004913,-0.03472724235034043,2.4849066497880004,0.5259899092310192,0.38294309418281613,0.9251956557423585,0,2.851759296872544,2.552277872328031,6.560413872222629,2007
603372,远联装份,C13,2019,0.37539525550825,20.75232426713724,0.4855773159260918,0.04241604764092241,2.5649493574615367,0.21964218209502168,0.425503574265234,1.351292455033724,0,7.559465746598624,1.3991561782208377,6.32813277470712,2007
603372,远联装份,C13,2020,0.5333379016369786,21.021011195053692,0.5266340819806334,-0.10163273598059032,2.6390573296152584,0.05,0.25957900857225147,0.8704584310011998,0,0.7260057910029288,1.1835033218297626,6.540550614723591,2007
603372,远联装份,C13,2021,0.05,21.14524910055268,0.31781162498086135,-0.09552552037100792,2.70805020110221,0.11818509419209888,0.41590576646815514,1.908632046495751,0,5.5395214845580405,3.125725612438157,6.475660656754211,2007
603372,远联装份,C13,2022,0.7222431609869517,21.14743828262366,0.39342840420319986,0.17746979635173646,2.772588722239781,0.2932888625169898,0.41385364198782454,1.858142392560946,0,6.366578920871103,3.1569742555845757,6.621261833526912,2007
603372,远联装份,C13,2023,0.8461247361806131,21.19840432792768,0.4213228908686195,0.027599955305297956,2.833213344056216,0.40984717966752204,0.3275983897168906,1.5034837167398323,0,4.91628543309187,2.4554524162626823,6.542907540642111,2007
600114,科联能份,C34,2015,1.314473935264655,22.78098238463031,0.4328162796873062,-0.14648249026166904,2.3978952727983707,0.22048249028909483,0.37657347260727675,1.8184323014222372,0,1.8226210242449192,1.7920076029608358,6.662301975891875,2005
600114,科联能份,C34,2016,1.5351795662384775,22.843380113551632,0.3575963978553258,-0.14076893685530698,2.4849066497880004,0.15592938388872998,0.4015075570669738,0.845618786640145,0,3.509404559022031,4.460742338224105,6.614623284252005,2005
600114,科联能份,C34,2017,1.765980740904784,22.83970247608102,0.41827023384057005,-0.09508116931448204,2.5649493574615367,0.3997867666083713,0.40367220917775154,1.699434279392967,0,4.222092361900243,4.369413890717469,6.497999786551539,2005
600114,科联能份,C34,2018,1.7122257884532321,22.9679352639107,0.4823704115752099,0.09834200601762996,2.6390573296152584,0.39785732838474847,0.4592464906800697,2.756290251026095,0,2.8016266678419046,5.5516273390342725,6.81704306647647,2005
600114,科联能份,C34,2019,2.2173169373251644,23.11613272277912,0.5333531995741643,-0.17600671930444434,2.70805020110221,0.05,0.4459078434070895,1.5938940987689985,0,3.732431449367135,2.9713278055295858,6.906362437827821,2005
600114,科联能份,C34,2020,2.3469164456477447,23.003631387803097,0.453251167736876,0.2302796389023696,2.772588722239781,0.4494600340746143,0.3250078307892978,1.056148781321164,0,3.5303001053327816,2.2598991619514908,6.7362553584549945,2005
600114,科联能份,C34,2021,2.273502695646866,23.072217895103517,0.20001271973287554,0.10656658793644933,2.833213344056216,0.20293624567841528,0.46380398953661883,1.2627746769837511,0,11.297359465611773,3.3955685623781244,6.9368009898335945,2005
600114,科联能份,C34,2022,2.003729778998208,23.399585313524245,0.26779781691787957,-0.26151267711869386,2.8903717578961645,0.2969189393392679,0.43904559762088946,1.1456196082635957,0,2.0433195617740396,2.1586057913641112,6.90162953207804,2005
600114,科联能份,C34,2023,1.6196671916167846,23.037122465185146,0.3596663690310345,0.3578645618437153,2.9444389791664403,0.257187788146722,0.3408402750026793,2.869078076695986,0,4.919417718117316,3.634265163460029,6.8245767728276885,2005
000482,中联智份,C34,2015,1.4605865971925613,21.187292801718066,0.5866073304816422,0.02754688412789276,2.0794415416798357,0.311142350122748,0.4671726790986602,1.6615681746032442,0,6.53444246178941,4.741045932358982,6.7211881913627645,2008
000482,中联智份,C34,2016,1.8417211766637462,21.18374290567408,0.31050187025135007,0.3310160152783548,2.1972245773362196,0.39269853223825407,0.4429657411051826,0.5,0,6.444743992437497,5.245990182888948,6.567141031010706,2008
000482,中联智份,C34,2017,1.498265355732094,21.145284404579765,0.2118108604768969,0.5348271506964565,2.302585092994046,0.31665733968212734,0.2850442253414467,1.3889158995501254,0,6.318476007641957,5.5783719716436835,6.614873693817816,2008
000482,中联智份,C34,2018,1.606429421239275,21.464059206490735,0.5414465637027062,0.3481980316710317,2.3978952727983707,0.3622106750825797,0.45246685469330417,1.5672713431873047,0,6.741429954311376,5.362589865486131,6.671148878670237,2008
000482,中联智份,C34,2019,1.651976667588932,21.320145404092035,0.5037821098057473,0.023891350977111647,2.4849066497880004,0.05,0.38891371856790385,1.467746321662911,0,7.164245495324659,4.729819804523746,6.481185777412056,2008
000482,中联智份,C34,2020,1.525396641410809,21.463823398369097,0.42777153286713615,0.3348411247514137,2.5649493574615367,0.44476446114292745,0.28634525825165913,1.849151563940528,0,7.302069922715034,4.399159738781602,6.640171533087749,2008
000482,中联智份,C34,2021,1.5979519197409495,21.522128676257,0.43109258170102494,-0.12933563408718193,2.6390573296152584,0.24807325283494813,0.27830083144383655,2.4480759256248867,0,6.924612446241571,4.952732884710162,6.834744504380959,2008
000482,中联智份,C34,2022,1.9147959266219357,21.496854869232713,0.22643999279880161,0.5953591261324853,2.70805020110221,0.6690891239986492,0.40052749365745965,1.3792097527530003,0,11.228949929899716,4.9780366546186094,6.691531683500571,2008
000482,中联智份,C34,2023,1.736015150371622,21.75342900595219,0.36893401414571986,-0.4026128147728947,2.772588722239781,0.14144535645348974,0.3840895001417502,1.8303817118196581,0,4.4358751518619925,3.959800466302044,6.637530836918221,2008
002901,智联备份,C36,2015,1.3406269669435806,25.741744392543772,0.2148224742235252,0.04675947658009076,1.791759469228055,0.2801979310616133,0.3250671566843486,2.2515968477139325,1,10.194101664760028,1.1660249441828427,6.7780997199213715,2010
002901,智联备份,C36,2016,1.0979821047616614,25.779034149270814,0.6252498991886082,0.4194171148726241,1.9459101490553132,0.37661007474467684,0.4100633938827968,3.5379860608474942,1,9.06059616547873,3.2865185720111327,6.624396871132893,2010
002901,智联备份,C36,2017,1.470396265100917,25.892696402763246,0.2766372040671745,0.24388914540489093,2.0794415416798357,0.12498966547491397,0.31835374723309157,2.5199655481967196,1,9.91840065461518,3.173814270414686,7.071342782003438,2010
002901,智联备份,C36,2018,1.290933650398716,25.971949545107062,0.35354299688110363,0.4556838149083615,2.1972245773362196,0.43053952309761984,0.31304181257500585,1.759637716715119,1,3.6047325691757295,2.251433872382272,6.801325486410282,2010
002901,智联备份,C36,2019,1.0077260321189971,26.107003216956397,0.4687167328871714,0.3383773366044739,2.302585092994046,0.2971193345970634,0.36078817374966726,2.1523633067773114,1,8.10405222903221,0.7599306832351942,6.6344727030771296,2010
002901,智联备份,C36,2020,1.5183489645866992,26.07774518135388,0.05286926337778786,0.1781145567477524,2.3978952727983707,0.1777582968222498,0.4261373360557871,2.33264333446713,1,13.240468010843,1.8992273119666008,6.718982375132977,2010
002901,智联备份,C36,2021,1.4930485010376053,26.226522268154756,0.3558404410942444,-0.13560595158459932,2.4849066497880004,0.2182827271019599,0.3919938112964259,2.0791897484300295,1,6.507505657813348,0.8203308740183002,6.615900724827724,2010
002901,智联备份,C36,2022,1.110989673469091,26.419374813966314,0.37933735325585777,0.4594654994327716,2.5649493574615367,0.3374705758430071,0.41747475127619094,1.9469209936563132,1,7.7613992908368346,0.8058856406495958,6.62472028075037,2010
002901,智联备份,C36,2023,1.2677283634618675,26.274487109069373,0.6035504133579246,-0.011710625824912183,2.6390573296152584,0.36935861454396196,0.42279219480114827,2.4320218519719585,1,3.0942920617195706,0.4,6.8911218509324925,2010
600627,科联料份,C40,2015,0.9577636446310978,22.175511191473326,0.2858556163641428,-0.10893665746983969,2.833213344056216,0.5260209204425156,0.31581109473462654,1.6830936266124645,0,11.888656434351093,1.7448428460327703,6.681399333749748,1999
600627,科联料份,C40,2016,1.0549809333699398,22.290938465201602,0.6167945321493894,-0.12639807897673982,2.8903717578961645,0.33577477652808724,0.3991228148276807,2.6982901524006335,0,6.194278361528171,2.334730141725236,6.714778739033561,1999
600627,科联料份,C40,2017,1.0996420146637274,22.420408030717486,0.28649551043727983,-0.25987957752222846,2.9444389791664403,0.3766323215261331,0.2935304572852309,1.4776587045252807,0,8.767264142964956,0.7045375514153371,6.597654683774196,1999
600627,科联料份,C40,2018,1.1033617264163056,22.59866605278224,0.6300647615255249,0.19248682591381822,2.995732273553991,0.19477887166093913,0.39048461507378684,3.0054460461934873,0,8.536589390271251,1.3080721358900849,6.719468455417926,1999
600627,科联料份,C40,2019,1.1389836457056475,22.614369823573206,0.7238656781243185,0.0009136470671762126,3.044522437723423,0.1933806557716873,0.36658216862024323,1.0638395915474428,0,6.215322194048083,3.208075423651761,6.535637923194489,1999
600627,科联料份,C40,2020,1.0813233824613901,22.69136165340713,0.5305604584584434,0.0770580202047796,3.091042453358316,0.532478615341814,0.411569423845039,1.6275460919532274,0,10.658141520627538,2.2456089245792805,6.588169394444261,1999
600627,科联料份,C40,2021,1.4006573616862132,22.7080425728443,0.5644289571865738,-0.1358231932476237,3.1354942159291497,0.05716989392473992,0.44303321948170993,2.9232159678418705,0,7.776236217693199,2.327448995600494,6.408562341286436,1999
600627,科联料份,C40,2022,1.3014099276668127,22.545857413654616,0.5099876611068735,0.27286709266662285,3.1780538303479458,0.532462211198553,0.33950071751102423,2.7043759592703287,0,8.716050139604807,3.0037918448357788,6.606058216723915,1999
600627,科联料份,C40,2023,1.3694100527884034,22.832840941805888,0.5782647052985695,0.31150551879121235,3.2188758248682006,0.33287744281540116,0.31499948164672253,1.8267508163488493,0,8.534522300482248,4.084315972537784,6.483809883420034,1999
002302,新联械份,C34,2015,1.34031411094732,21.687330088417657,0.21384859993583993,0.26290462305561274,2.8903717578961645,0.17937449109472423,0.3709484089105025,0.9317247431116565,0,5.18994191969643,5.146414061965602,6.731240572201037,1998
002302,新联械份,C34,2016,1.0708056903280496,21.89701977242071,0.4515463788879814,-0.2493106829355007,2.9444389791664403,0.5142006482245112,0.33225517014547007,1.987224486594336,0,0.43445621129198503,1.9628951618958832,6.716641469067024,1998
002302,新联械份,C34,2017,1.0775530166750065,21.83648336244243,0.7030920402490799,0.3102622293118635,2.995732273553991,0.08429877183810777,0.37416180319906184,2.3182116880971586,0,3.261173235689532,1.6499967370729578,6.478434557800864,1998
002302,新联械份,C34,2018,1.049480530946622,21.881437078358797,0.05,-0.05440704146839194,3.044522437723423,0.6227349019876622,0.3531809751001785,1.8171364818073332,0,6.846536690751207,3.581259227327504,6.436840372676356,1998
002302,新联械份,C34,2019,0.8303660994790761,21.900824717864616,0.10046806928073126,0.10607413191557262,3.091042453358316,0.2667952640959498,0.3656538560706749,1.163554381427275,0,5.17695738502544,4.7439133059696275,6.567988994792769,1998
002302,新联械份,C34,2020,1.1156299060491972,21.891393436272914,0.3663296901207833,0.3913425352243992,3.1354942159291497,0.3799662844985612,0.30623287909429425,1.8928814343911287,0,7.857021865601617,4.761658376064638,6.388773563440845,1998
002302,新联械份,C34,2021,1.1354537345759674,21.975117836542687,0.32711301860538644,0.21400191591914153,3.1780538303479458,0.33910923243929453,0.3664464055397652,1.0086283737637696,0,7.090510871230597,3.804813393430839,6.462926694926068,1998
002302,新联械份,C34,2022,0.8783121906644358,22.01495856378024,0.23151070261984563,0.2774959454716928,3.2188758248682006,0.5391102796197873,0.3916596091646616,1.7871690117837238,0,9.322426164777815,5.141186276038651,6.70759829661918,1998
002302,新联械份,C34,2023,1.256137520264152,22.32135879668612,0.22954577467432055,0.27828180721846196,3.258096538021482,0.38636074583137026,0.3849598101959395,2.664804553270262,0,8.73356294379203,3.1715581066696794,6.4961716218291174,1998
000975,中联智份,C26,2015,1.4466355417472385,22.470291278433642,0.5210579175977263,-0.092999797999441,2.833213344056216,0.37133165960602815,0.29692940207369095,2.16996605153512,1,6.335676314874333,2.104523454236949,6.473644887532318,1999
000975,中联智份,C26,2016,1.716276030842111,22.59224259292477,0.38839835599580436,0.07585628049580201,2.8903717578961645,0.07891643905742379,0.43548831929689186,2.2756118944403445,1,8.131327364078105,5.155077133200934,6.581443483152167,1999
000975,中联智份,C26,2017,1.815665411931941,22.746319128716497,0.2690005895908811,-0.04967475932218964,2.9444389791664403,0.3687394624224308,0.3319657580563461,2.896946454963791,1,7.362300023763731,2.1324856277657034,6.65069788981066,1999
000975,中联智份,C26,2018,1.537640052074188,22.77816992628518,0.32493553213883924,0.1664515261868405,2.995732273553991,0.13605448637812384,0.4037821617190955,2.707437576133669,1,6.923491812440208,2.989696292123619,6.673735197493533,1999
000975,中联智份,C26,2019,1.6378226014490875,22.790286073251345,0.49840144501525974,0.3154984424745866,3.044522437723423,0.5257863487515951,0.4490908147491844,3.4922805982410248,1,1.7114607097835717,3.334046812299672,6.711947203524887,1999
000975,中联智份,C26,2020,1.6215787761242475,22.6449066577984,0.3907584962002269,0.33659330327092873,3.091042453358316,0.600955213001463,0.3435042436165485,1.4057570081343067,1,5.457366365821315,3.0905986814754893,6.67588364389047,1999
000975,中联智份,C26,2021,1.884223683942931,22.88757132388291,0.2153071742762342,0.20618612689917845,3.1354942159291497,0.2717425705299802,0.35371105788896867,1.7692262547417759,1,8.11844500091845,3.2412132723831624,6.741173703005705,1999
000975,中联智份,C26,2022,2.1191753860318854,22.942184958330365,0.6181936800735197,0.15785203886113247,3.1780538303479458,0.34581294356029774,0.37253276469037716,1.3729093876586576,1,4.913425092877079,2.4013675374102514,6.733697238905235,1999
000975,中联智份,C26,2023,2.0126443428981093,22.97024074295207,0.3396568118941874,0.03540466674600887,3.2188758248682006,0.35092063417747216,0.3861990471483539,1.9556232409741043,1,5.68558424263421,3.555364437746525,6.816348517582226,1999
600231,联联备份,C35,2015,0.6694793210872572,23.221131344242853,0.4210881081964669,0.40834100876136803,2.1972245773362196,0.23959810953720823,0.3875624287148889,0.7508261751570302,0,3.019773831336719,4.438101042168741,6.329811643605927,2007
600231,联联备份,C35,2016,0.7476276477655001,23.311627111368114,0.21127535916287574,0.37568331014843614,2.302585092994046,0.05,0.3428776191364811,1.604055579983289,0,8.440651332793706,3.7309172423638275,6.68104275478373,2007
600231,联联备份,C35,2017,0.5693290444366265,23.545504429967092,0.569131424174158,0.3455011470800984,2.3978952727983707,0.40933597915183956,0.3932647280903504,2.279577454014356,0,10.28340628125895,1.2193766689525143,6.811474754143921,2007
600231,联联备份,C35,2018,0.5555025673549507,23.434777253533774,0.39881482883968117,-0.07799919709476931,2.4849066497880004,0.33015220313142113,0.33447285112191794,3.5069130447846586,0,4.350213329617953,2.567894662736892,6.591060344986916,2007
600231,联联备份,C35,2019,0.47410491964213647,23.63569944136819,0.5257003595147457,0.12137854204784986,2.5649493574615367,0.5058106915989745,0.3427272619655071,3.330498828649488,0,6.197089405098728,0.4981701407615733,6.804928954914454,2007
600231,联联备份,C35,2020,0.7979529918968508,23.705056165517252,0.5993763575455852,0.07478886294761707,2.6390573296152584,0.302044772018537,0.3238830148987357,0.9806745340102122,0,8.281732589536965,2.4573666024930767,6.434784842386451,2007
600231,联联备份,C35,2021,1.118965880671599,23.730576935303823,0.40674461385384486,0.16978180010058305,2.70805020110221,0.05,0.3660975268298036,1.485463323811814,0,9.969581742629332,3.3710635922940266,6.640590783554931,2007
600231,联联备份,C35,2022,1.166803556516413,23.87373715478588,0.10154665807096826,0.10422427259004816,2.772588722239781,0.43699335601345685,0.3849183708107015,0.7872020537739985,0,8.734961265707772,3.100270629911158,6.448629752207015,2007
600231,联联备份,C35,2023,1.6849269353246639,23.844897954684487,0.3987531159236789,0.17214450211321708,2.833213344056216,0.23052428447778273,0.4079120715587979,2.060146954198936,0,11.211860174975381,3.6013778705736192,6.644989641297291,2007
002495,新联材份,C34,2015,1.5189308295064117,21.752952796054203,0.4274505733892061,0.4302261881425047,2.6390573296152584,0.6012164919950373,0.4118601483456344,2.2860015815749186,1,9.858827383114404,5.188549066126167,6.558848685532321,2002
002495,新联材份,C34,2016,1.109091052416763,21.8488081078578,0.46018450941163147,0.2252704839214572,2.70805020110221,0.4222647649519149,0.37563386022167594,1.4896273288768083,1,5.874172779351578,1.5369615407898594,6.668714842644745,2002
002495,新联材份,C34,2017,1.46995461988853,21.88945297027421,0.7323540233405662,-0.076690243542747,2.772588722239781,0.49686187346388255,0.43321542772409627,3.30250450462019,1,2.6459398188296186,2.427910501904363,6.501719174168206,2002
002495,新联材份,C34,2018,1.2117475145357424,21.866682828172486,0.7540885260647808,0.11019735109443896,2.833213344056216,0.14418940509924053,0.4657057591111349,1.9277082977518711,1,2.8653037051457164,1.9416243962086537,6.6619769685451535,2002
002495,新联材份,C34,2019,1.7120151584802406,22.02773017372555,0.49388076076165127,-0.11553433586429442,2.8903717578961645,0.3202044618113285,0.44889828423299827,2.5164408347785865,1,2.1137380451562033,3.019157343510048,6.713064494856827,2002
002495,新联材份,C34,2020,2.088454426706683,22.14186186398564,0.27698173891478506,0.4162762324136007,2.9444389791664403,0.3874106348926662,0.2866667380817881,2.146013361699744,1,6.740746955881502,4.764749708236733,6.796039637788604,2002
002495,新联材份,C34,2021,2.0951276459666315,22.131587186972702,0.39559145297356885,-0.2509500198022655,2.995732273553991,0.2616319811400333,0.3436327500178819,2.147315443881177,1,4.7681803984996165,2.0191015713075933,6.683221131979329,2002
002495,新联材份,C34,2022,2.401299178091474,22.382219880245106,0.33367958053916474,-0.08648155439604599,3.044522437723423,0.12973745616823001,0.3101914381104778,2.0377090073668205,1,8.126335240929128,2.9585154498625874,6.721412806172029,2002
002495,新联材份,C34,2023,2.3659244163016484,22.4039294872065,0.3238497835712627,0.23782335173834948,3.091042453358316,0.14804237274615223,0.4250480366116243,1.271874754855323,1,9.89718892045933,5.335849657084497,6.930063400547261,2002
601640,科联械份,C39,2015,1.8680940923782285,22.482102255837066,0.5165897968044967,0.06963195603523514,2.0794415416798357,0.5007931125780024,0.3278188644987684,3.1557366876750823,0,3.3464104948555202,2.3555433874939258,6.836080375166816,2008
601640,科联械份,C39,2016,1.841517009042036,22.44745859702777,0.2701813208252294,-0.2271901743480698,2.1972245773362196,0.2724076774022489,0.39206916052934576,1.2174870805044915,0,8.111116873455892,4.02480362757275,6.582874185174192,2008
601640,科联械份,C39,2017,1.5960170738841513,22.392491110850585,0.5669201738646247,0.32896714712531183,2.302585092994046,0.21266594888190243,0.41061289906619997,1.9271309900542037,0,7.301732685881928,4.125248203132211,6.456984950337123,2008
601640,科联械份,C39,2018,2.0000234510157875,22.4982165101942,0.4748485171886015,-0.22236202451830792,2.3978952727983707,0.24963334525901426,0.3663919173379197,1.5695240015374314,0,5.79201761888285,3.021055573428006,6.736310395876966,2008
601640,科联械份,C39,2019,2.0203300346238846,22.62646583013056,0.4927528020797101,0.3438462973187455,2.4849066497880004,0.435827804192385,0.3997736781855087,1.4011671410352446,0,4.517303526775645,4.178768665200065,6.604734600025418,2008
601640,科联械份,C39,2020,1.7964617339828308,22.6688739395485,0.4662982543134213,-0.19733672149207931,2.5649493574615367,0.48527474360540596,0.341851497912318,0.7622664193755939,0,8.36065744004496,3.297759373122028,6.928213016369249,2008
601640,科联械份,C39,2021,1.858958290528732,22.784344556415373,0.35255515874456483,-0.014328805969351315,2.6390573296152584,0.3523205139556452,0.436391900828708,2.1891042718462406,0,8.334012441342287,5.301483274518299,6.6523108278985905,2008
601640,科联械份,C39,2022,1.8401410428320537,22.765363263184522,0.45324755481467577,0.10431566022571503,2.70805020110221,0.5500081294419038,0.30496065405674005,1.7316323927968607,0,7.657622991347246,2.3429984093940153,6.629867887990524,2008
601640,科联械份,C39,2023,1.6298548373705208,22.84660835001687,0.6186301239616037,-0.15965948027794413,2.772588722239781,0.26882429824886567,0.36405575975617616,0.6066868667457674,0,4.99823805861317,4.472417855814129,6.817014787930619,2008
601141,新联子份,C39,2015,2.2484147200184728,20.609417459630915,0.7688470228510241,-0.008455937562618712,2.8903717578961645,0.39235066658141154,0.3886182548725665,2.582524922239863,0,11.12396094453301,4.6769486111221745,6.534856768024219,1998
601141,新联子份,C39,2016,2.117550318633876,20.758916046950098,0.447333448167137,0.5114469046523998,2.9444389791664403,0.538725752919441,0.3350063061094152,2.671218693217574,0,13.456592588648695,5.605662243561021,6.631070321436823,1998
601141,新联子份,C39,2017,1.5731696523766097,20.697291178199308,0.11243007507261293,0.5567690325818148,2.995732273553991,0.39872164142855315,0.36696965853436697,3.0188719805282167,0,15.461323305494693,2.313908018932316,6.47483342978246,1998
601141,新联子份,C39,2018,1.4698722674084976,20.83128990363453,0.28032999212933396,-0.10907965069638535,3.044522437723423,0.4217848760447218,0.3325992202228646,0.5,0,10.146388801111996,5.137597695797901,6.459277622196862,1998
601141,新联子份,C39,2019,1.7403627324755466,20.79643045504902,0.5901405693492743,-0.014458156664730118,3.091042453358316,0.3925148464533182,0.36508300661137527,1.9598010220759345,0,10.656445730741734,3.219528084368434,6.82249039472072,1998
601141,新联子份,C39,2020,2.104843522215181,21.035457458593275,0.5920612003520187,0.14139247357379128,3.1354942159291497,0.11965065648243933,0.37169441593557967,3.2012851161491054,0,9.944073161081729,4.2794275528237655,6.528398006917703,1998
601141,新联子份,C39,2021,2.4231975244173856,21.07055343799848,0.3646867804222521,-0.21272582970204762,3.1780538303479458,0.050250455294022334,0.42949914031325476,1.6502712702262607,0,14.386847189226879,2.7793219866935037,6.9084950382088515,1998
601141,新联子份,C39,2022,2.2947690408131205,21.200407836725482,0.2227297174091306,0.4794970004570872,3.2188758248682006,0.33800397213866623,0.37444945189267353,3.182953821244185,0,12.101976849828636,4.95960602357217,6.899658668577784,1998
601141,新联子份,C39,2023,2.4246396319101287,21.148543449987642,0.330594701249404,0.1413988000065551,3.258096538021482,0.08604986060040917,0.3701311770878098,2.216929385406719,0,10.61957698335347,4.60473830369868,6.459759006320082,1998
300896,创联装份,C35,2015,0.9879885787587169,21.86558128760862,0.48776615793121136,0.10700903309236302,1.791759469228055,0.27276093320410316,0.3123023134925005,2.50698486040981,1,9.588156638899052,2.8286434427635916,6.419822648247795,2010
300896,创联装份,C35,2016,1.1954430669082674,21.904398426754913,0.3459616410333705,0.23120692855100208,1.9459101490553132,0.20250416116013809,0.34830459459842517,3.077639314405485,1,9.099937565686284,3.6085679885753543,6.664628211928475,2010
300896,创联装份,C35,2017,0.9695832525187215,21.917723558941397,0.6904146454554132,-0.05895468824162208,2.0794415416798357,0.4331910116297244,0.306212649027237,2.9219068578381293,1,6.950485570155116,2.9818682624297526,6.819573068516544,2010
300896,创联装份,C35,2018,0.8835610072607933,21.887306648841463,0.10507270879984143,0.3970883853289462,2.1972245773362196,0.2746255404031034,0.3161736186913456,3.6319888909019755,1,11.799646647423499,2.7374016007529556,6.617325631009178,2010
300896,创联装份,C35,2019,0.9810378884732982,22.09653570133121,0.4131662845732203,0.030542665361685546,2.302585092994046,0.22069801023225832,0.3135219488306926,2.569279179112231,1,8.333289063356064,3.1211583400589156,6.750833016339899,2010
300896,创联装份,C35,2020,1.3311196847266165,22.203365378314665,0.28240669303579263,-0.08402696869516864,2.3978952727983707,0.20595058193651708,0.3587114228622429,1.5842185633665724,1,7.435353954272758,3.677774036675041,6.769425528275457,2010
300896,创联装份,C35,2021,1.67630503070407,22.319344478399938,0.6083575700018439,0.03598265340105744,2.4849066497880004,0.3771366402855381,0.41415882755379874,1.7503486114119322,1,9.052302791639345,2.7275537262715663,6.835467029551774,2010
300896,创联装份,C35,2022,1.309636843235048,22.21901419119308,0.5627932112740526,-0.030955819541597058,2.5649493574615367,0.500206902550884,0.3879041827310676,1.0593451511266339,1,8.154819838666773,2.4411069505245373,6.592392531003337,2010
300896,创联装份,C35,2023,1.2129759059233525,22.423903900484472,0.27660909525127797,-0.1551236063207751,2.6390573296152584,0.25797548157853023,0.3277488800271389,2.3844505103557703,1,9.077337672363083,2.57206512357057,6.91903185535628,2010
300824,华联技份,C35,2015,0.8507940766855755,20.035266269568776,0.48849707623797545,0.04864808054745058,2.6390573296152584,0.31524966671017834,0.46035939969468787,1.6653239825001642,0,6.258873743612561,4.323439859336437,6.730953916461672,2002
300824,华联技份,C35,2016,1.2422143522623845,20.175263262227745,0.35440976596963997,0.24931870871656636,2.70805020110221,0.27297779790993476,0.3996056897639216,2.212843817088182,0,6.020024846985627,4.172524065152254,6.482995051286031,2002
300824,华联技份,C35,2017,1.3209640801454885,20.21456337359716,0.48651122580688344,0.17918604777004343,2.772588722239781,0.05,0.44042048437501025,1.3914861761662776,0,8.088199909916291,3.099820909241013,6.773350789010618,2002
300824,华联技份,C35,2018,1.0108962634200458,20.247822585551155,0.49449663181474307,-0.43272806921580953,2.833213344056216,0.3342302760774299,0.42321111236422654,3.151732922082795,0,0.0132298679112193,3.540511444260111,6.719146865782287,2002
300824,华联技份,C35,2019,0.7917651510205883,20.298578754891125,0.4305826829109528,-0.13429155850571556,2.8903717578961645,0.47454789881598297,0.4247521089587645,1.1995467440857333,0,4.612246817438882,4.45221502891811,6.565659340245182,2002
300824,华联技份,C35,2020,0.9315332905699885,20.29412541205384,0.4876961941149016,0.015726402239047203,2.9444389791664403,0.4962102606798334,0.42077816576383387,2.3890796432396493,0,2.6463938700081333,5.014782313359828,6.647414753882868,2002
300824,华联技份,C35,2021,0.7841214112497322,20.396110333184897,0.5024398136971332,-0.21725994058196801,2.995732273553991,0.2404826867598227,0.41962971720032993,1.9303115863364901,0,3.8475804519343084,2.6965166041129707,6.5754732173069375,2002
300824,华联技份,C35,2022,1.191738267644951,20.594728790042414,0.28237920164737124,0.10025290872110926,3.044522437723423,0.26912095561099053,0.32050001695393593,1.7213116006988856,0,5.854046969937137,4.53649579231925,6.350217967285907,2002
300824,华联技份,C35,2023,1.5180894483487182,20.573954555519077,0.22886813435427542,0.027599297120492063,3.091042453358316,0.09847077480444782,0.3857040458890878,0.5,0,7.131609496484454,3.195969483005853,6.721506189635361,2002
002691,信联材份,C35,2015,1.4383754694683943,23.07820874283855,0.5912141709463418,0.2650378147455114,0.0,0.08896309617149842,0.3663589250594085,3.138108305788178,1,9.991002013515713,3.8486492208286345,6.7058613033349594,2015
002691,信联材份,C35,2016,1.4537811676024832,23.174242464331833,0.16343147001219038,0.0017637546807952216,0.6931471805599453,0.39705315138338393,0.4529846911933788,2.2665859119871037,1,15.487192628099836,3.6263922623577702,6.691989419627863,2015
002691,信联材份,C35,2017,1.0690488822416815,23.04657874017031,0.5090893709453498,-0.09878556972753585,1.0986122886681098,0.2500634476469585,0.40859719692178886,2.8758791820630565,1,10.93022035787763,1.6955751595174062,6.347096957483955,2015
002691,信联材份,C35,2018,1.4299190240660364,23.029355889867045,0.6681458912635112,0.31353213354384346,1.3862943611198906,0.22358377403293483,0.36050686360594664,2.0878932097791636,1,10.739980368788709,3.4152914101169953,6.606064616349872,2015
002691,信联材份,C35,2019,1.5369162937521936,23.115236830645607,0.47146994812199855,0.23661617231765908,1.6094379124341003,0.05,0.4187356976400144,0.5481130606512787,1,7.731574194551406,4.248890183068771,6.601304002070569,2015
002691,信联材份,C35,2020,1.946771702788895,23.308736010194636,0.17411404555185253,-0.1903319098698364,1.791759469228055,0.35584230414861895,0.4305565243542671,1.7246299262691676,1,12.962129939474924,6.351040585274429,6.887063533950043,2015
002691,信联材份,C35,2021,1.6473002264402417,23.422655992284184,0.06180661887418926,-0.07654717520518564,1.9459101490553132,0.18613246462811253,0.3978487488073315,1.0415661798433544,1,15.084971768708744,2.8481037660144897,6.552658965933887,2015
002691,信联材份,C35,2022,1.6006258515577685,23.390345426827146,0.2883857747307284,0.01068667826569569,2.0794415416798357,0.18017688773603993,0.41646783732184245,3.197741981383854,1,11.7708482458028,1.0346055894045074,6.690263276810477,2015
002691,信联材份,C35,2023,1.8022964091934965,23.57915606631673,0.4844818950031702,-0.05781901537653911,2.1972245773362196,0.35983815093376426,0.35728044802873676,1.6374524701803344,1,12.385990051633325,4.341020171263068,6.607315627733569,2015
600767,远联技份,C26,2015,1.542060381840201,21.160937029130615,0.7853229208326318,-0.19917824307408324,2.8903717578961645,0.3971775406063396,0.40012281198846794,1.1646091883310028,0,3.8917115064521703,3.554544319707209,6.449765829015371,1998
600767,远联技份,C26,2016,1.4894375627877832,21.30497119522256,0.5381478404864636,0.26854827005183624,2.9444389791664403,0.257399755465999,0.38251228313671287,2.044509818482139,0,7.434044164814391,4.0918321400592745,6.839256496814153,1998
600767,远联技份,C26,2017,1.9309984052275553,21.30981697191681,0.42929744983649304,-0.07824567540147745,2.995732273553991,0.23231744934405152,0.3926944915614474,1.0978749188262822,0,7.976197689873563,3.5903545310540483,6.78349476972,1998
600767,远联技份,C26,2018,1.7456820847123236,21.214725846023377,0.3839968797379724,0.10537883686904288,3.044522437723423,0.3229915443777051,0.3252144908343114,2.350020067340272,0,7.022160462799267,2.771395020527267,6.789507260708841,1998
600767,远联技份,C26,2019,1.6985396634565961,21.39086228800579,0.3836967706506072,0.21079809470524002,3.091042453358316,0.23962013764115397,0.36185861919318574,0.5,0,5.688902730330981,5.14788272559459,6.465068699114404,1998
600767,远联技份,C26,2020,1.8862788331483944,21.46545280472347,0.5045090489872189,-0.1544098636634291,3.1354942159291497,0.3311134234197635,0.374995280593327,1.7356313544723152,0,6.756970261112749,4.291309218616092,6.55215636736866,1998
600767,远联技份,C26,2021,1.8226577753984017,21.461029857934182,0.4158271263159874,0.18471357832226878,3.1780538303479458,0.6740484079539362,0.35814340196778305,2.2511559488317627,0,9.520775919833513,5.682068831721779,6.667892853160344,1998
600767,远联技份,C26,2022,1.7840589498790713,21.608906208332563,0.12807139856116034,-0.6159951307768593,3.2188758248682006,0.5654591527831753,0.3604350383900925,2.2394110496877726,0,5.843305263825442,4.117162679683252,6.360251338881316,1998
600767,远联技份,C26,2023,1.704087480009235,21.65159156644782,0.7099230676820455,0.16939874458589868,3.258096538021482,0.0766548735278586,0.3671823178960401,2.460283112035044,0,4.771569629152796,3.488110930300212,6.684714063654647,1998
600878,通联子份,C38,2015,0.784675243570445,23.797457287703967,0.23309164304819804,0.07946058767013531,2.8903717578961645,0.5080453039316264,0.3683940794906673,1.9292041120411458,0,7.56929918689892,3.0278720179482344,6.593624038742101,1998
600878,通联子份,C38,2016,0.5518604808148944,23.814504135163954,0.7149562404202284,0.09882771549270104,2.9444389791664403,0.36269530962818153,0.35323859836521176,1.92047643792649,0,5.371866448993873,1.899473657827537,6.34357805227458,1998
600878,通联子份,C38,2017,0.7884090462556097,23.720006833206657,0.4740700992005592,0.32508441486582085,2.995732273553991,0.44605204520668856,0.2919627622344903,1.6994028326445234,0,5.338971943095992,2.5095510517275637,6.686601469394762,1998
600878,通联子份,C38,2018,0.5511543317870642,23.94578451680503,0.20007455113261938,0.12860879035259773,3.044522437723423,0.49950307834505003,0.39190457895311454,1.7944022160690327,0,7.9561992123685625,3.4747414580423674,6.594196901209797,1998
600878,通联子份,C38,2019,0.3045857305769023,24.026901070391343,0.31860013093548034,0.15521238424565836,3.091042453358316,0.3499973577779487,0.330557533815835,2.4402687022194565,0,8.274899056098338,0.4,6.433319668927739,1998
600878,通联子份,C38,2020,0.754474244472715,23.974998805718034,0.2517288328999164,0.4747243917023354,3.1354942159291497,0.19918627550268073,0.4133582402487307,1.6528222335152287,0,7.830308399167663,1.3589803291361144,6.592082106325678,1998
600878,通联子份,C38,2021,0.9877274743911053,24.040492939084082,0.1540799297067985,0.184561464908113,3.1780538303479458,0.20119182744020483,0.3636990893365049,2.029354682260769,0,7.208638423681542,1.5652694063278059,6.795164917630984,1998
600878,通联子份,C38,2022,0.9747910488368535,24.23988402180363,0.4010079864824852,-0.24062708500303026,3.2188758248682006,0.4019507616258301,0.43124872782562246,1.9379166624349824,0,6.547510956412224,1.3278326890379257,6.65047947243335,1998
600878,通联子份,C38,2023,0.9124848631179161,24.07231032613063,0.4755069009187951,0.05519303129613222,3.258096538021482,0.3752638259955753,0.35074053219313234,1.1044431598520648,0,6.2572404523594445,0.898691203801929,6.4876547959268525,1998
000479,远联电份,C27,2015,1.0117741003596745,20.557407565335456,0.42490420857449257,0.32219251324122533,2.0794415416798357,0.2741307407600145,0.41392480706613116,1.7098956342213831,0,9.996671721996282,3.1640146386714108,6.5637708956480765,2008
000479,远联电份,C27,2016,0.9322733784561261,20.660089068700774,0.14740078134518597,0.1836355093228449,2.1972245773362196,0.5327803095419062,0.3394102937815547,1.378582547965073,0,11.784352606627914,3.9547291513660463,6.685830347911367,2008
000479,远联电份,C27,2017,1.1596247517728986,20.53777320399463,0.49279825927259013,-0.04890959593123911,2.302585092994046,0.19805863993967787,0.4008818395408971,2.702286915725359,0,8.695972089677504,4.686163130392696,6.528770570704238,2008
000479,远联电份,C27,2018,0.9576470207698027,20.982661187093758,0.5805433490812006,0.2230942980001166,2.3978952727983707,0.3577532830040103,0.42408644184107247,2.061682933969951,0,6.147527265505791,3.0648007511969833,6.603185660886267,2008
000479,远联电份,C27,2019,1.1471723175963415,20.696281943997676,0.472828158738355,-0.1262269745300939,2.4849066497880004,0.5398939765484726,0.3696268094206622,1.3048362039625472,0,8.779557149517823,5.173472437742706,6.58319537479751,2008
000479,远联电份,C27,2020,1.0736697613757131,20.79543717152812,0.34802821038511017,0.02939170956263858,2.5649493574615367,0.41355957815754407,0.3327136745513467,0.902532348926244,0,8.947312166875088,3.4664014247254125,6.675056950431184,2008
000479,远联电份,C27,2021,1.4707458988130775,20.919566684162493,0.28801103486512486,-0.11562253637889511,2.6390573296152584,0.2308984825779325,0.5585670545511867,1.6200702986591775,0,7.758336688292025,3.4936022646464395,6.422812079325975,2008
000479,远联电份,C27,2022,1.2430041159340481,20.99223545960227,0.3392226394546049,0.05268130983164633,2.70805020110221,0.27142292285444797,0.33399389060541945,2.2255202005090355,0,9.064579663662533,3.0522763176569927,6.5858887127351515,2008
000479,远联电份,C27,2023,1.34214140660634,20.98226308867384,0.6033807917482341,0.08991762133422768,2.772588722239781,0.28687112340692034,0.4429371413321752,2.2912529752661177,0,11.725808227455051,4.299558136320555,6.660610497584556,2008
600610,新联备份,C36,2015,1.2182432029855672,21.321614379832337,0.5746461413100926,0.5436851984274311,2.6390573296152584,0.42964530242124954,0.432216160065371,1.029357196717253,1,10.783495474204067,2.396462173948712,6.634998274245885,2002
600610,新联备份,C36,2016,1.7730937710568233,21.534922552236,0.43643940493188266,-0.12271717573233157,2.70805020110221,0.24074339595563593,0.36678198805301293,1.7347367097366528,1,8.283340222837316,2.4696117932066772,6.50437189629494,2002
600610,新联备份,C36,2017,1.3652106414149965,21.44304537253904,0.07517357487219345,-0.17282432606196516,2.772588722239781,0.328077312057926,0.3857075326464427,2.0343839379191446,1,9.715599646669283,3.2047960801893445,6.372070452854365,2002
600610,新联备份,C36,2018,1.5411364130657559,21.477336477488958,0.6345875785176632,0.30251392543703803,2.833213344056216,0.3458998408361676,0.35504972448112876,1.6106932631116826,1,11.245678242268983,3.9752091034381705,6.4931330801963485,2002
600610,新联备份,C36,2019,1.5891231512439812,21.551489312494745,0.3260459411160703,0.16287758534144747,2.8903717578961645,0.2584355142017857,0.33974028092897357,1.153427539836358,1,11.66669854720741,3.478439800270931,6.88134492039206,2002
600610,新联备份,C36,2020,1.7231285927715818,21.577803077856537,0.32488583907654184,0.1502029503927831,2.9444389791664403,0.1330166268282884,0.36659464998218566,0.5,1,8.091632637870477,3.8405921424706166,6.498097658106022,2002
600610,新联备份,C36,2021,1.4490435250749216,21.74950683052649,0.4796360480863666,-0.14189377228543026,2.995732273553991,0.5731724443285232,0.4158290214501702,2.3095308704307014,1,9.286603047175639,6.070483494789957,6.548111630521841,2002
600610,新联备份,C36,2022,1.428041229727361,21.68814004701676,0.21803698430720975,-0.022703968324444258,3.044522437723423,0.37110079300160315,0.3207661552008465,1.7722515032558463,1,9.129422056389622,3.0765470098054255,6.642632535466559,2002
600610,新联备份,C36,2023,1.3438465931726524,21.810462064165996,0.5415285165337201,-0.3343682067905772,3.091042453358316,0.3346467732409325,0.4013372605595199,1.1240066617575784,1,8.806040361176851,3.7813151288004487,6.6936333347637245,2002
600894,远联械份,C26,2015,0.8745113760835324,22.08147515304017,0.5414429126507057,-0.14869503766734715,2.3978952727983707,0.3133988088156186,0.34302600806007066,2.274678859916371,0,3.7207169312309247,3.1863748196658763,6.616958177821167,2005
600894,远联械份,C26,2016,0.9877902498602407,22.047460594439148,0.6094088470888523,0.22823548680746297,2.4849066497880004,0.1786458371678739,0.4620220963173416,1.2630925267660982,0,7.8088684222478,1.2296819413703874,6.8070571716989825,2005
600894,远联械份,C26,2017,0.5609740554597004,22.10482794968661,0.41047112924147194,-0.08223323708049271,2.5649493574615367,0.38907634434407506,0.27666711293076807,2.506235860715083,0,4.904017089603746,2.0789453754329386,6.549784582411696,2005
600894,远联械份,C26,2018,0.49021163462587575,22.47236745636526,0.3108220472759438,-0.18960424397950862,2.6390573296152584,0.4383068696519338,0.3437659414356391,1.0595830567286229,0,8.659241336457214,2.5877014501320215,6.52383054068271,2005
600894,远联械份,C26,2019,0.7601839823700998,22.155570678651564,0.4194032697286396,-0.14387767187908362,2.70805020110221,0.35425334682846016,0.4773340267185352,2.7179680444251524,0,8.517861167827638,3.7029477994199103,6.4983797891760915,2005
600894,远联械份,C26,2020,1.1895003343318225,22.351492308232892,0.26389262297123456,-0.1933280521135784,2.772588722239781,0.3713587310715505,0.40636470025430377,1.7554093065572471,0,9.81446375339064,1.2552492591163071,6.557686508228791,2005
600894,远联械份,C26,2021,1.2390994453108806,22.484560508060657,0.43091451066807,0.6928042444181489,2.833213344056216,0.32112218801414977,0.3039179053013328,1.5690005777751863,0,12.155453364862563,4.289366104917838,6.680773185270716,2005
600894,远联械份,C26,2022,1.1939328367695454,22.570974191196086,0.26418303423549055,0.3946424199922819,2.8903717578961645,0.5311222557822184,0.45030114001059784,2.5353925436377582,0,12.376790213879536,4.09915804414857,6.621820962791952,2005
600894,远联械份,C26,2023,0.841356527270471,22.485124348941028,0.648192542208186,0.09910667155600997,2.9444389791664403,0.3520723267333354,0.4419325259180192,1.26542414542536,0,7.761018435576249,3.3476174846285116,6.506629089237724,2005
300654,信联智份,C27,2015,1.3638471584878429,21.621443470227945,0.2657338650032575,-0.18860092763415517,1.6094379124341003,0.16602522534383937,0.3782996767713795,1.5039478283631267,0,8.112509944754946,4.288724627881999,6.779414644287436,2011
300654,信联智份,C27,2016,1.4907044537480276,21.849838584836178,0.4362809623441483,-0.011505401017833327,1.791759469228055,0.142217219224546,0.35636728474218693,2.1155075270967094,0,4.015199620216098,3.9165849216566175,6.7599768946712295,2011
300654,信联智份,C27,2017,1.3439069649439097,21.90979244986801,0.23910604505959038,0.11444425287223695,1.9459101490553132,0.3542193610656643,0.3786091607323213,2.2851897322935084,0,5.762320725929075,3.827523815080499,6.636646370406964,2011
300654,信联智份,C27,2018,1.1063608040946862,21.90665327537647,0.2975082258235271,0.2851723102397561,2.0794415416798357,0.2932913087793625,0.41001571350930904,2.830414770708525,0,8.198245157389557,3.6808370883345436,6.7559746298579535,2011
300654,信联智份,C27,2019,1.1854020314710942,22.069909400607376,0.5467479719337598,-0.05714414741115016,2.1972245773362196,0.48662941089822803,0.40179904278708356,2.4329464032070236,0,1.2366886870408347,2.0547477497538846,6.548645298084662,2011
300654,信联智份,C27,2020,0.996552290599407,22.0691613720658,0.465220741560792,0.010387545803557278,2.302585092994046,0.28665312259123266,0.3326572398779326,1.2872664969557714,0,5.36205823965492,1.6255946131748016,6.820731346150399,2011
300654,信联智份,C27,2021,1.0489726017096634,22.17668099422788,0.3489418995827884,0.205030159473875,2.3978952727983707,0.5001468283519115,0.36748092963099105,1.4511840938871026,0,6.439221732631732,2.979732679836993,6.392678979911803,2011
300654,信联智份,C27,2022,0.9770591801792591,22.281733359589524,0.5029940530437754,0.08092318665478869,2.4849066497880004,0.5373719576273195,0.4395890428038164,1.9041052862501657,0,5.560941748466058,2.3222147475654964,6.496952388788961,2011
300654,信联智份,C27,2023,1.1096408486627938,22.449094759757305,0.3363930076265874,0.20035567793034342,2.5649493574615367,0.30637354255734695,0.3554046285310153,1.7893730793198113,0,5.031563985442709,4.377009956730777,6.441756443348757,2011
002189,信联科份,C27,2015,1.0960056062157713,22.540215054032053,0.4826006581518304,0.31332815873696984,2.8903717578961645,0.40360388974012007,0.4486699619016339,1.6877699006110098,0,12.193795704791656,3.6320421161568777,6.70689511522469,1998
002189,信联科份,C27,2016,1.326628095789419,22.910635326295935,0.5391961917605713,0.11721653213721578,2.9444389791664403,0.10155557117888742,0.49969734926938925,0.7319121282995547,0,12.40066822731733,2.6203817635639863,6.493347049446416,1998
002189,信联科份,C27,2017,1.278529041491503,22.642466119527626,0.3798352351297829,-0.27973350153285337,2.995732273553991,0.19154537810289882,0.33806856544108477,2.1013034291688957,0,9.311596142046458,1.8126279685696656,6.506206368036015,1998
002189,信联科份,C27,2018,0.9377187566527356,22.923298842310718,0.5587110499798238,0.3427759132856921,3.044522437723423,0.5517313527831671,0.35303473841894,1.570402707707829,0,10.048777227682713,4.325086717644381,6.569015142141962,1998
002189,信联科份,C27,2019,1.0018873629997271,22.878761814453522,0.4408574328921517,0.08562447658465575,3.091042453358316,0.2592674218971278,0.39782564117289226,0.7825095891152403,0,10.71601175786952,2.183778789180057,7.030104881964368,1998
002189,信联科份,C27,2020,1.1876125526439227,23.02769307094692,0.38243134037843335,-0.08440487256037409,3.1354942159291497,0.5414969059963044,0.37893319013158316,2.3762391491066586,0,9.509317469068138,2.463572912301802,6.884150099058035,1998
002189,信联科份,C27,2021,1.4687961643957157,22.927676253236356,0.5476541521418171,0.2479809960297608,3.1780538303479458,0.29551251374764176,0.3255738751896283,2.7631671640265663,0,9.800387700852054,4.427251889899297,6.722175506900105,1998
002189,信联科份,C27,2022,1.824886191683703,23.152004441071636,0.5831730065795614,0.06929821706091374,3.2188758248682006,0.17811090637247404,0.39802602780560814,2.650873538362387,0,10.765954925753048,2.948084149093165,6.680491490971363,1998
002189,信联科份,C27,2023,1.7198227181004038,23.112359303426526,0.4586784544346793,-0.3820907230307041,3.258096538021482,0.18964217322742913,0.330725319804746,1.6677318472115665,0,8.016774050903102,1.0521432359103027,6.629697792050256,1998
603236,新联智份,C29,2015,0.8705271702239421,22.121017857500807,0.44785140575897553,0.19368080264743326,1.791759469228055,0.44660479371128226,0.389577968442644,2.248999446446181,0,4.793544225146196,3.563420600715229,6.464876595969081,2010
603236,新联智份,C29,2016,0.6546205889041515,22.10555799908288,0.5614433151832885,0.32853809575414544,1.9459101490553132,0.28596317811876126,0.40841026264175595,1.4215503260232896,0,5.542791935536251,3.6873531562857407,6.821393089050475,2010
603236,新联智份,C29,2017,0.5707666084184745,22.05325643212975,0.4404981900740499,0.782280252204518,2.0794415416798357,0.4556189535767141,0.27265774574426294,2.7963409089978133,0,5.3826421894314525,3.6485690768638976,6.654020696291871,2010
603236,新联智份,C29,2018,0.49549829616622043,22.094209758119415,0.22400841617795567,-0.04760116295553819,2.1972245773362196,0.07620660692530029,0.36105162905322913,1.6320781567349425,0,5.183547103073621,2.067568056604415,6.7031367036797675,2010
603236,新联智份,C29,2019,0.5131626283548534,22.331403024441297,0.6954816017214162,-0.4287901360530533,2.302585092994046,0.2265566793336345,0.3494041043498744,1.934827910938857,0,2.208435501054836,4.026529542440475,6.490685033855299,2010
603236,新联智份,C29,2020,0.43387131602084167,22.418079537042214,0.41574865091951385,0.09740376788739392,2.3978952727983707,0.4173434131836538,0.3934583483971317,1.1701238214798977,0,8.50107925941234,1.6611559595162024,6.649421270229415,2010
603236,新联智份,C29,2021,0.6045375940788885,22.317893786141845,0.512087936132887,-0.5021667608829785,2.4849066497880004,0.40577305265534325,0.3723587164154248,1.8930661161154412,0,3.220962874242874,1.3256082013827462,6.682216201362136,2010
603236,新联智份,C29,2022,0.9068728091611116,22.35559341947925,0.38655762046767933,0.27817925800920357,2.5649493574615367,0.34028102084992656,0.34693884308565626,2.2699801312326655,0,8.660297620409086,4.556967895746891,6.5683102290476905,2010
603236,新联智份,C29,2023,0.9349771969157027,22.455741587783308,0.49467784667987535,-0.09308483548412702,2.6390573296152584,0.578718729869398,0.371313264653047,1.61107089921255,0,5.445291441142975,2.6301873050506024,6.589004891147463,2010
000693,创联材份,C36,2015,1.270706613465772,23.52908542413097,0.1572652818862726,0.20214892050056393,0.6931471805599453,0.3095626911539999,0.5447587798715361,0.5,0,4.887181933296928,1.5523769070189415,6.782439075704785,2014
000693,创联材份,C36,2016,1.0868243520101044,23.823238132774968,0.5399652228187187,-0.05819374128869764,1.0986122886681098,0.3925058481283029,0.29592100221853423,2.133203674074166,0,0.6331563589003157,2.694701494505884,6.821672230805209,2014
000693,创联材份,C36,2017,1.5566185884005683,23.896376975684547,0.2922035270776677,0.22070102986592505,1.3862943611198906,0.42910213600816133,0.33707458266816176,1.8282551284116766,0,8.247391736535961,2.7096763175585648,6.981761024355868,2014
000693,创联材份,C36,2018,1.5618331841571638,23.85320438979254,0.7029718049038853,0.3991907436999437,1.6094379124341003,0.36781459098330493,0.4118170149268122,2.510281936335926,0,5.253217781646906,1.6431321193296702,6.644163580450296,2014
000693,创联材份,C36,2019,1.5507804805377878,23.767538518690124,0.5922281366148424,0.32913814825734966,1.791759469228055,0.3259014799346574,0.46218067926602435,2.8673941801530414,0,6.093280967312498,2.301033016295773,6.818492670981564,2014
000693,创联材份,C36,2020,1.3128777696126184,23.846455601303088,0.5295593212307912,-0.09451328071828073,1.9459101490553132,0.41471920907153537,0.41281330755090434,1.2433920396039537,0,4.293703417883667,1.4627749018616076,6.908057099701982,2014
000693,创联材份,C36,2021,0.9741192439856858,23.968550208328974,0.4736410557804273,0.13131174773104184,2.0794415416798357,0.40153117401986393,0.42212938677405143,1.6458911561621312,0,4.880810146732357,1.059915090318377,6.462274443369349,2014
000693,创联材份,C36,2022,1.3116301510037993,24.05889739365648,0.5072792803825512,0.1640014596267889,2.1972245773362196,0.2549114031233494,0.35076411639270655,2.249843038834608,0,3.3053110479717347,2.8888490512923135,6.632941247204386,2014
000693,创联材份,C36,2023,1.3934838250095738,24.036495562709337,0.38640682382185354,0.46234459630672153,2.302585092994046,0.1570135764962669,0.3846673221795479,1.8155511525862995,0,3.935703431598725,1.675080794167874,6.498019322393547,2014
600292,联联子份,C40,2015,0.9771110409565046,22.485111223720374,0.4522853369804039,0.2867991073647892,2.9444389791664403,0.2746691828485333,0.3549440334396932,2.1717242000034918,0,4.133853270562943,2.822174381324894,6.681270224008821,1997
600292,联联子份,C40,2016,1.3823691642065874,22.552826054927323,0.6227550827187665,0.30923349584404936,2.995732273553991,0.2930464577025164,0.4340158506483888,0.9749236722305575,0,3.246333896894192,2.717193698322448,6.775916013996949,1997
600292,联联子份,C40,2017,1.253918658805158,22.67345446897284,0.3135420468502802,0.09559494875744748,3.044522437723423,0.36792288647275956,0.38035669652474025,1.1033590625607173,0,4.208693922165005,2.448068598647601,6.6883055089577725,1997
600292,联联子份,C40,2018,1.404745598611969,22.797917705181373,0.40575868972387125,-0.1396948951747644,3.091042453358316,0.16646010913481507,0.41156666024264427,1.9075375809444783,0,-0.10423419436365912,0.9079940585661999,6.706730607853513,1997
600292,联联子份,C40,2019,1.0008764910620482,22.743946567151465,0.33603738753941287,0.10974428993885336,3.1354942159291497,0.34243754625385714,0.3788367453806943,1.3150692301600202,0,4.434215916436958,2.479786290436247,6.66174359146269,1997
600292,联联子份,C40,2020,1.2107402137009866,22.764392053126393,0.2798509813483186,-0.09911750847484917,3.1780538303479458,0.21464959510324655,0.28184213254985113,1.8022439121175113,0,2.5131691388970143,3.7434143345544557,6.769082042213689,1997
600292,联联子份,C40,2021,1.4497991614516241,22.831488392404747,0.7076905873470284,0.012397144957429003,3.2188758248682006,0.24024058478443128,0.39630279766749743,2.3625736762833216,0,0.6662379768355545,4.647324249311915,6.405896167628469,1997
600292,联联子份,C40,2022,0.9622513515415374,22.95502241569818,0.4985997549415317,0.37897019346256655,3.258096538021482,0.45351936536352355,0.4222428338798342,1.0763712139149355,0,2.0092787166200483,3.1794764171405228,6.620288445533044,1997
600292,联联子份,C40,2023,1.0127992618536807,22.97330683795465,0.5072446391925003,0.3283516132943415,3.295836866004329,0.34017275257051904,0.4779668615497179,1.2864150303626438,0,3.2958653510483353,3.424319907794822,6.584336455899477,1997
002517,创联械份,C39,2015,0.8095402129546422,20.932046236167725,0.6468574384038706,0.7364947143847982,1.6094379124341003,0.36105865176619606,0.3346978118797529,1.6268093547856721,0,3.169019331740161,3.5806657422146975,6.459820510073286,2011
002517,创联械份,C39,2016,0.9499369590150712,20.998530462707706,0.4267919619666187,0.20506871035255486,1.791759469228055,0.30126420571939627,0.4270857847269637,2.513017179448603,0,5.632302533071268,4.695347300385168,6.712306784897474,2011
002517,创联械份,C39,2017,0.966771338674784,20.957120808947003,0.5355645273301431,-0.03803710759323677,1.9459101490553132,0.2696106930667009,0.3452691682735871,1.2488205604799894,0,3.319448092749761,3.649379430771923,6.386794071927071,2011
002517,创联械份,C39,2018,0.9900952066626358,20.9825360701421,0.23930303415115783,-0.02913451547891147,2.0794415416798357,0.4223042921350764,0.36808350888358976,0.7367924152693066,0,6.340228135386491,3.164671004780687,6.468647026921079,2011
002517,创联械份,C39,2019,1.325974970176164,20.86365533586313,0.19766158074900292,0.12376669353689974,2.1972245773362196,0.3943894951596799,0.36251732714828977,2.6031151128346126,0,7.338232783162788,4.7020882887634015,6.473932127313473,2011
002517,创联械份,C39,2020,1.1724174427941916,21.15939388969975,0.5809525167995023,0.37298365867888483,2.302585092994046,0.42888910140021413,0.3147763417070945,1.6385113610737148,0,2.310580100547686,4.331294593634316,6.691104217804527,2011
002517,创联械份,C39,2021,1.4003759721750788,21.152380703416913,0.08852147379994435,0.1486362383204163,2.3978952727983707,0.6161575074969923,0.3666337535791887,1.9752229692554235,0,8.893499388919453,5.667321517940734,6.578042248571792,2011
002517,创联械份,C39,2022,1.573294263065062,21.253086162175595,0.3029844709045968,-0.21653548247825066,2.4849066497880004,0.45979371535010105,0.4221298073067371,1.2447065099456815,0,6.789759996089477,1.7564646331184632,6.416776355298272,2011
002517,创联械份,C39,2023,1.503974483945764,21.394428095618103,0.6268389735528971,-0.06889714898521362,2.5649493574615367,0.26810779004188184,0.358271355764099,2.2679895893583693,0,5.809253220587291,4.915158690262752,6.6175937225783015,2011
000548,联联技份,C36,2015,0.8511146862142889,23.096223073570027,0.574356880293819,0.02563736276839247,2.4849066497880004,0.430102750499266,0.37715188952355866,2.724043351281577,0,2.2809513086283286,2.7004631435120863,6.718165067007731,2004
000548,联联技份,C36,2016,0.9603723887829891,23.17399479986911,0.6875927217088104,0.010531779819674934,2.5649493574615367,0.39409042850526477,0.37946643323708024,2.6340057685773917,0,2.255321141556183,2.2654401691130976,6.866134708743385,2004
000548,联联技份,C36,2017,0.9069332882816545,23.34216745552899,0.4946495806072754,0.08775003481200855,2.6390573296152584,0.19621962494058479,0.36370529101917853,2.3570076621748153,0,2.393326057039682,2.4679693377831295,6.494026832817348,2004
000548,联联技份,C36,2018,1.0571113268157644,23.186714749038178,0.17712979282547767,0.2387616652387723,2.70805020110221,0.06481983981135453,0.34876757451472706,1.755849204482075,0,7.887250487852721,2.9158089203314748,6.618920179525615,2004
000548,联联技份,C36,2019,1.0182606773764167,23.34335304422696,0.2798502443335086,0.6679783209110645,2.772588722239781,0.13624210360391764,0.38182864126316185,0.5,0,7.114716409714307,1.9646705236645623,6.657050996609659,2004
000548,联联技份,C36,2020,1.1595213077524578,23.424514133022395,0.29484364967891485,-0.04446943818635704,2.833213344056216,0.4877395241264788,0.3844213813067933,0.5,0,4.854226243558332,2.7255554045928685,6.516734828142789,2004
000548,联联技份,C36,2021,1.0195626836012495,23.480280549983082,0.19596961588947337,-0.1101668629108872,2.8903717578961645,0.2873920771581819,0.4078505409041791,1.383677027056041,0,1.5343962530491793,2.1111074693521417,6.8024769112187675,2004
000548,联联技份,C36,2022,1.0348619408397288,23.553975247926328,0.5815499167284304,-0.06894545040678882,2.9444389791664403,0.4540792295482955,0.45262821266805037,0.56707497926033,0,0.4633588201767947,2.7450538396068005,6.702567566209617,2004
000548,联联技份,C36,2023,1.1589111296989714,23.47647359936368,0.6025272005455068,-0.12991046970735554,2.995732273553991,0.20000599068918223,0.4229812477805154,2.5416551354924874,0,2.5466692008305967,2.5087488863415714,6.38309471372149,2004
002980,通联电份,C29,2015,0.6042083238104379,21.680899444805956,0.6354532105044826,0.08446652840056401,1.3862943611198906,0.22763406676984446,0.3769926928462986,2.8755360568723005,0,3.760105146200298,3.5898615989617952,6.386711267254664,2012
002980,通联电份,C29,2016,0.5587274852536844,21.682168157366764,0.4827996453888666,0.07068430504654624,1.6094379124341003,0.3114000475741427,0.39194962336226224,1.7138548629209025,0,6.933705051435303,4.470724205282922,6.537879414161808,2012
002980,通联电份,C29,2017,0.755693864184186,21.800744187341994,0.5000141254476471,0.22382649435648452,1.791759469228055,0.352090837495561,0.36208467747000683,1.31487729962371,0,4.551768391863993,2.594329044318335,6.449098637359101,2012
002980,通联电份,C29,2018,0.8840082933409006,21.941061081609124,0.37996485292216237,0.007030883909294929,1.9459101490553132,0.3311371406951871,0.4231967543666615,3.0013305508276282,0,6.338326991503501,2.9773131446296968,6.838310907826576,2012
002980,通联电份,C29,2019,0.8126658404470035,21.954529915537957,0.5138450167892892,0.2346396916992879,2.0794415416798357,0.2967625294652138,0.30498392379861483,1.7735425612241142,0,3.0840158355269676,1.2276221093262591,6.311355263288333,2012
002980,通联电份,C29,2020,1.195256441749983,22.052760776824893,0.5199866033534772,0.21585177103278036,2.1972245773362196,0.3794708705000381,0.40082619693491495,1.7721575326848613,0,2.2551368659998663,0.6148787893105347,6.484146871080481,2012
002980,通联电份,C29,2021,1.2601235167433122,21.928295974919582,0.3311765453943095,0.23172844245087756,2.302585092994046,0.2811590550793998,0.30065762209807234,2.1596484566946694,0,9.18444336972774,2.884990875898873,6.576384513646931,2012
002980,通联电份,C29,2022,0.994888928864318,21.975099491238975,0.2574183188055971,0.26104729321575554,2.3978952727983707,0.4234653361036091,0.38734350309263377,1.1356456952856222,0,6.948637287917392,4.933582092980629,6.608647829210545,2012
002980,通联电份,C29,2023,0.8340922431304675,22.141209354609632,0.5826906127295219,0.07921760570434702,2.4849066497880004,0.31664966817539925,0.2987007557434183,1.1955414166676483,0,7.842267912172865,3.0760332438646816,6.696223619521891,2012
603441,新联科份,C27,2015,1.3011304088813316,23.725395367830266,0.2571779761457389,0.2176688454047507,2.302585092994046,0.33091182107577843,0.42782766429318064,1.629619934695581,1,5.823535495043161,3.45253805149215,6.515205627602905,2006
603441,新联科份,C27,2016,1.1580519675410077,23.79091686647788,0.22503626398122986,0.07451646134175467,2.3978952727983707,0.5412996838101153,0.4138188064222995,2.053158343863085,1,7.485128699817017,2.536291872165947,7.139525693060586,2006
603441,新联科份,C27,2017,1.3834367934542218,23.85817162364272,0.4496493843142088,-0.051952293847689644,2.4849066497880004,0.3997327015048472,0.4237569350487622,2.719879906626562,1,3.842702945513975,4.085560725345356,6.506416903292048,2006
603441,新联科份,C27,2018,0.9791586805653507,23.821731815374683,0.34931276845067705,0.2085055251150933,2.5649493574615367,0.40900694282717276,0.3476375167530042,1.6244981303088601,1,1.6162170852996858,2.8643751132295394,6.668930667192132,2006
603441,新联科份,C27,2019,1.16262056628829,23.937209886151976,0.8603752249294172,0.08113093859738603,2.6390573296152584,0.45696399401269744,0.3843237761536724,2.993612237952493,1,0.3729932868048786,1.6227325162194484,6.553085136903843,2006
603441,新联科份,C27,2020,1.395264824439776,24.050217286071867,0.682303256401002,0.30353385782618925,2.70805020110221,0.2738002125572471,0.408120515698104,0.6807147611485147,1,5.02165124097829,3.522733894889662,6.664610871949437,2006
603441,新联科份,C27,2021,1.8993014959376786,24.158978404126778,0.37276720954492604,0.2707082547829356,2.772588722239781,0.3689511948438371,0.4290815183266077,1.0010297494762979,1,7.347022563210452,3.0393534038270467,6.646492732392971,2006
603441,新联科份,C27,2022,1.3560941878212271,24.10340635601317,0.33918648572498517,-0.20101465192336287,2.833213344056216,0.4081290257167629,0.3248479576599846,1.7668939917089752,1,4.519896208084473,1.6933366597517818,6.643148521524593,2006
603441,新联科份,C27,2023,1.8385840841507761,24.386582690377075,0.6296720410067012,0.09664778078368882,2.8903717578961645,0.570963333828673,0.3825831076480104,2.3136410351520045,1,2.170303953649326,2.843952972089494,6.765920428157793,2006
600979,联联技份,C13,2015,1.2996663586419348,21.97736393248705,0.49912325691713644,-0.16348448830020793,2.3978952727983707,0.7099346976642291,0.34318659195218226,1.539016680135667,0,3.36871506329229,2.9901830125408013,6.54304226875756,2005
600979,联联技份,C13,2016,1.21932165471156,22.111479935065244,0.22730422247680016,0.4173414072634326,2.4849066497880004,0.05,0.2897298577945967,2.311345842732148,0,4.540032499731187,1.8976238781514716,6.698181481812623,2005
600979,联联技份,C13,2017,0.9679577655291194,22.3453224573001,0.4204639937053094,0.027299603654344827,2.5649493574615367,0.4738780733172935,0.4629095975294971,2.376493283222418,0,-0.5238990863791343,2.0507284473747336,6.624155384056539,2005
600979,联联技份,C13,2018,1.3968081591612325,22.247429819761646,0.4452974309964101,0.23410498989227602,2.6390573296152584,0.46937403726529464,0.29569193602405286,2.21026078716781,0,5.905736624729227,3.376940202905256,6.639497956278744,2005
600979,联联技份,C13,2019,1.261713675913819,22.26946260852425,0.44995439425855205,0.3272557291875978,2.70805020110221,0.1997653060450023,0.4135363987600263,2.185721654055185,0,6.268574724452533,0.4,6.560063341100894,2005
600979,联联技份,C13,2020,1.1917024121017914,22.41420073187262,0.5028647709848341,0.5810324381715485,2.772588722239781,0.3440775366930037,0.3855205708857089,1.4395336653139803,0,4.793404003496396,3.7876588399311233,6.720455563436927,2005
600979,联联技份,C13,2021,1.3442603250510776,22.48378357487938,0.38258377117543413,0.05945963784554451,2.833213344056216,0.33237386399188973,0.3460103745356624,1.618020316365959,0,3.0381231637827395,3.6173067204725826,6.439191454024033,2005
600979,联联技份,C13,2022,1.2971117844249982,22.483669204087388,0.38034642954599307,-0.41626642568786953,2.8903717578961645,0.11037400444332787,0.3451580599155497,0.8721743613878838,0,1.6525639844698106,1.8247826356525012,6.5431784955921515,2005
600979,联联技份,C13,2023,0.9659562602645303,22.536729145329314,0.7077931193277813,0.23618116232872613,2.9444389791664403,0.371088807241427,0.2917579042579276,2.1296905407183786,0,1.9948094318192204,1.051255627778556,6.550061828069467,2005
002597,远联备份,C27,2015,1.2400280506846557,22.204626044974244,0.45152366404473676,0.052280969572532913,2.995732273553991,0.40036545141106733,0.4537536726830707,2.62480651551685,0,5.77896220534094,4.351235945200022,6.579461375568589,1996
002597,远联备份,C27,2016,1.507076212858888,22.264943139135617,0.45974836547976894,0.20853169402263735,3.044522437723423,0.3385678466598796,0.31239957717793193,1.2944820602629905,0,5.852923824298021,3.596711748612192,6.7415436434627996,1996
002597,远联备份,C27,2017,1.2300508114601927,22.301264521919492,0.2958196264193737,0.03692126673594908,3.091042453358316,0.46884340550789616,0.3690245041574547,1.5380362154399276,0,8.218377985925066,3.2471818652626276,6.577022293106136,1996
002597,远联备份,C27,2018,1.1578370905819473,22.375592861819197,0.4009216235216698,0.33894200063443114,3.1354942159291497,0.44853774317289374,0.3461426721300299,1.4544733142896251,0,8.016041487571549,2.4114708106345346,6.9244237479805815,1996
002597,远联备份,C27,2019,1.011087846936348,22.34082948317623,0.16982223979088404,0.2617128717877846,3.1780538303479458,0.44112655947502355,0.32775943834703336,1.8862484085071543,0,6.164564567420059,1.7212426407586088,6.368894212792371,1996
002597,远联备份,C27,2020,1.4003895719551793,22.632868147961478,0.4870033627772361,0.175550389075842,3.2188758248682006,0.40528837118006306,0.4280005334173353,2.0591515272192598,0,3.421472579782556,3.407159432401151,6.558713200928954,1996
002597,远联备份,C27,2021,1.8960961921118376,22.47221577473566,0.5704548582244381,-0.3486436871513817,3.258096538021482,0.3621151292122404,0.4369704619262176,1.829506108636525,0,2.680225851979443,4.909815336877767,6.690472254702451,1996
002597,远联备份,C27,2022,1.772314987243431,22.476792914804914,0.32612468943617434,-0.05535759663686232,3.295836866004329,0.24067704884923502,0.35852604927558396,1.0926009158071164,0,2.9669058290183203,4.265621970633575,6.766234017724486,1996
002597,远联备份,C27,2023,1.5130607761839168,22.65332991312018,0.2872300121550005,-0.03766673361928141,3.332204510175204,0.35308602768597963,0.4347128642540812,0.5999477342521442,0,5.328342235494142,3.5593154285679813,6.701778589845525,1996
000148,华联能份,C36,2015,1.7014390911487522,19.374586619297215,0.2186332807386875,0.3929268918128527,0.6931471805599453,0.3207592344922125,0.3028481118359811,1.5958892264684081,1,8.98252188208854,5.494110605659751,6.724320290026386,2014
000148,华联能份,C36,2016,1.6304997691870178,19.577451393849973,0.6022149323643777,0.1621288849530264,1.0986122886681098,0.2716202965399936,0.36246909997141696,1.1113825302745992,1,5.766405204620605,4.29887199309711,6.790372179549417,2014
000148,华联能份,C36,2017,1.8932253652862046,19.625294200995565,0.3999226668867992,0.03698410228060204,1.3862943611198906,0.28421544031817564,0.3305247920985263,2.3879155020688505,1,5.49208709012022,3.7125013233771047,6.810888150299644,2014
000148,华联能份,C36,2018,1.7433038294163576,19.53769102248139,0.5027124661218703,0.009050492787141578,1.6094379124341003,0.2902114332716551,0.41041940352057443,2.7308356769102855,1,9.160847995130544,6.11158001970775,6.683581439491831,2014
000148,华联能份,C36,2019,2.0165441813253184,19.741629826777572,0.4046980761281235,0.23743553073837864,1.791759469228055,0.2932758191951457,0.414500245391183,1.4499511829159428,1,5.931739225993832,5.207613104832109,6.659286356403958,2014
000148,华联能份,C36,2020,2.2694049438164243,19.710406153936418,0.5690937219702829,0.20853815599760653,1.9459101490553132,0.5202664612523568,0.4171977564840498,1.2567056950001902,1,6.367838214779828,3.7343987870386783,6.3596758992275335,2014
000148,华联能份,C36,2021,2.01257727817438,19.675806948715408,0.7053617917744185,0.03255723633592045,2.0794415416798357,0.18700589560295336,0.33022093912562367,2.5965399040908927,1,4.947248935125372,5.408110264069378,6.708013480717302,2014
000148,华联能份,C36,2022,1.7297309860787853,19.89311199159454,0.6756213415284853,0.08899903352319428,2.1972245773362196,0.2865338483411918,0.4267712736419907,1.347634443712923,1,-0.3775544577866122,3.1590891787033417,6.494203802505882,2014
000148,华联能份,C36,2023,1.7414540815253434,19.92276994202122,0.49326688191571555,0.03293795257476945,2.302585092994046,0.16670726376670525,0.3139431534117808,1.5709517482361228,1,5.458160158841386,3.8532909854678206,6.675307325203879,2014
600203,创联械份,C27,2015,1.4188064062930477,21.09752732075285,0.36116546565433966,0.5130656393142633,2.4849066497880004,0.29968028079850384,0.33468849687912006,1.6383631131520273,1,8.364112237149943,3.162291218167577,6.7814939998643675,2004
600203,创联械份,C27,2016,1.6086235400111946,21.1018428630547,0.5022061734290759,-0.19017913301326353,2.5649493574615367,0.12780154326709356,0.35271821624940364,1.8775367116662696,1,4.936617508307127,3.7692922309778494,6.652817311608547,2004
600203,创联械份,C27,2017,1.545384429114477,21.332466730018613,0.43667419339968533,-0.13217039307094347,2.6390573296152584,0.2773397930367359,0.3486803253263479,2.4753183452067726,1,6.800266566471176,4.218322988418997,6.559752195820682,2004
600203,创联械份,C27,2018,1.5327926556501392,21.283523989587078,0.48443868135860074,0.2929387313567803,2.70805020110221,0.40820873768858373,0.40472047506504116,1.926300977011552,1,9.348942271984454,3.82960519617993,6.749772410981476,2004
600203,创联械份,C27,2019,1.8952494091958059,21.331439066304323,0.6079168249793804,0.23021974177978888,2.772588722239781,0.22403793744671074,0.27757994822732035,2.1580756274552724,1,4.917302356833824,4.215404748432434,6.739660762823987,2004
600203,创联械份,C27,2020,1.9570255898265747,21.527057015568932,0.44126690145088965,0.10077614976271133,2.833213344056216,0.30585363359469886,0.4148726705533708,1.2754888205612496,1,9.367601752646094,2.6051201196383373,6.9020122477352865,2004
600203,创联械份,C27,2021,2.027740521118756,21.4564689745349,0.38161537312558674,0.018420753701848633,2.8903717578961645,0.4511326666369026,0.3736118038198592,1.8143566240015536,1,5.287931135756797,3.9352037131844253,6.666987934144856,2004
600203,创联械份,C27,2022,2.080804599135156,21.52583505300025,0.6135590840370594,0.05149897313157818,2.9444389791664403,0.3021838318752741,0.2923397199812341,2.5756401664546655,1,7.406858759988482,5.371166897268209,6.565553227113423,2004
600203,创联械份,C27,2023,2.2970086218391823,21.470140567797625,0.620326656809544,0.1876398918550053,2.995732273553991,0.40498816325300496,0.3784976575058609,2.5926678792875926,1,3.5403503411023483,2.7224542028093803,6.477365839990139,2004
601305,通联能份,C29,2015,1.0721982392669063,22.18973188235856,0.6548403646914418,0.28997528429064323,0.0,0.05,0.42233463528599435,1.911480074747793,0,-0.7086200497285758,3.785222619357522,6.41278278958925,2015
601305,通联能份,C29,2016,1.4210081576524003,22.1333608023171,0.11583255866862835,0.2565784296853287,0.6931471805599453,0.27851479068436213,0.4818781700378416,3.5724599245787525,0,6.107287553387728,4.303385268341165,6.7384792675452685,2015
601305,通联能份,C29,2017,1.0696769886858748,22.242454526111754,0.4572438306286121,0.05247725241961906,1.0986122886681098,0.26159277045950025,0.4153095295048946,1.244313053798018,0,1.9916678408706436,0.9240864365574712,6.742899261445031,2015
601305,通联能份,C29,2018,1.561937963010492,22.362641654642413,0.2889630868939618,-0.016974069613680715,1.3862943611198906,0.17117794515114793,0.4565588395954928,2.1764410543782686,0,2.813205374156908,2.5445045597289107,6.897810963711827,2015
601305,通联能份,C29,2019,1.3257749171789177,22.678346581350297,0.3082588575674181,0.18686850925273274,1.6094379124341003,0.49989303015539155,0.3476852600143764,3.059359657589432,0,-0.353972991514577,4.126112587282784,6.577685356842899,2015
601305,通联能份,C29,2020,1.7300728112551766,22.594652706579325,0.2679361011103116,-0.012569380875245808,1.791759469228055,0.3035248240645824,0.3508115510805119,1.9136552629967412,0,3.575577708833342,4.44053730039389,6.434699014943826,2015
601305,通联能份,C29,2021,1.8710459965398158,22.530065318062295,0.42434659534198127,0.1619479428518675,1.9459101490553132,0.39282671124665935,0.38840456926087863,1.6402412314649704,0,4.079824545646171,3.950218363766309,6.638563099825245,2015
601305,通联能份,C29,2022,1.9340327498425465,22.623440407406314,0.46827987823847944,-0.06360677016904537,2.0794415416798357,0.2098094963605664,0.38264807052601885,1.3131978664836044,0,1.585325200733384,3.7649115865925262,6.782447295603617,2015
601305,通联能份,C29,2023,1.6792181804315174,22.63832190376408,0.07768354647871169,0.10462660778136426,2.1972245773362196,0.3776549815123105,0.46729625635107763,1.5018577615273694,0,8.03502629847922,4.029245074078133,6.580710441519681,2015
000573,华联科份,C40,2015,1.7681480507820204,23.374455567326866,0.4405182597045125,0.21760437277198028,1.3862943611198906,0.3799019267431318,0.3293966926467274,0.9669656203807532,1,9.44580203481004,2.4150024031632564,6.588278888872601,2012
000573,华联科份,C40,2016,1.6549651173198943,23.421023129916875,0.549827857037278,-0.19085349588354114,1.6094379124341003,0.22186561539981492,0.2905049513387954,1.9757465089404187,1,6.574703778485438,1.9416567556838245,6.767006943860562,2012
000573,华联科份,C40,2017,1.9123653415536845,23.5216594563461,0.05,-0.42215209046741886,1.791759469228055,0.164980912500218,0.38060522194448065,2.9633581552399963,1,11.924088439613447,2.730316265191667,6.725503860356358,2012
000573,华联科份,C40,2018,1.4742376353397175,23.44949952321402,0.42653935300395907,0.2749603504242033,1.9459101490553132,0.08158627108716801,0.3759416280457619,1.275935244366597,1,10.438594358832551,4.009341627755399,6.675131012051218,2012
000573,华联科份,C40,2019,1.2678341915832358,23.476179753214062,0.3437455763564855,0.3816137319375711,2.0794415416798357,0.513045754801383,0.35365338226610626,1.902362416628679,1,9.199827781654177,2.122867875257152,6.693519824824272,2012
000573,华联科份,C40,2020,1.4086932783628772,23.52094606071178,0.6707250735963789,0.24166694945576342,2.1972245773362196,0.1434918075738716,0.424743448610151,1.2133237729287831,1,7.933689210737081,2.497544126908834,6.798536641429166,2012
000573,华联科份,C40,2021,1.5135169451629145,23.518764395258106,0.2637057140009639,0.15097973312016058,2.302585092994046,0.2722293260251401,0.4344081560534885,1.804419164179894,1,7.436796364461154,3.3089587691408355,6.572702243182085,2012
000573,华联科份,C40,2022,1.7350224331045332,23.72763151875947,0.5379811857028195,0.3363555069551837,2.3978952727983707,0.4080662778930794,0.3323281089511012,1.5093610652461082,1,6.1726463507589235,1.6120474930361257,6.601808484118296,2012
000573,华联科份,C40,2023,1.6732971035721131,23.759367102299482,0.6325200695562614,0.4019545381577999,2.4849066497880004,0.11288625814101258,0.3355139359179808,3.1155146504261797,1,1.8120044341092192,1.487341222464829,6.516799562982869,2012
600224,通联装份,C13,2015,1.060933915951155,21.416995896691667,0.7286205100335856,-0.32614539600228465,2.995732273553991,0.16696682150432074,0.34825794548366273,1.8852305284498332,0,2.5196298296876423,2.4514879498605406,6.494296892884367,1996
600224,通联装份,C13,2016,1.0102776311119976,21.440160582564744,0.44982560499249724,0.18854898972843442,3.044522437723423,0.3478542019999616,0.28379639647411864,2.4695977342213324,0,6.027128181224799,3.440078896584855,6.596276646863165,1996
600224,通联装份,C13,2017,1.074673855245142,21.443751402321855,0.1957511849234937,0.2226266019593698,3.091042453358316,0.3175729278951307,0.38124888016755304,3.296220242365706,0,6.047297598227875,2.264073761597629,6.449189334881524,1996
600224,通联装份,C13,2018,1.1624794928779574,21.573654090252866,0.15717933365443587,0.13029848679551775,3.1354942159291497,0.5609155653139762,0.31235901335582994,1.4342255718707455,0,7.759549529757985,1.3186724239025747,6.562521144277871,1996
600224,通联装份,C13,2019,1.1620714165727133,21.60923585785514,0.6320198558277677,0.24148237810446976,3.1780538303479458,0.11644422626795808,0.3153804894919678,3.1103199683855784,0,6.417081963855506,3.950770134444415,6.797501575341861,1996
600224,通联装份,C13,2020,1.1987540024593866,21.584191057850152,0.3424649703637183,-0.019241138421211817,3.2188758248682006,0.28294019240408635,0.4046767050710902,1.4509771904921263,0,8.930501436993373,1.8384560440786402,6.700600464210151,1996
600224,通联装份,C13,2021,1.3536113975970598,21.7271959375108,0.18534842927232603,-0.3046442070545805,3.258096538021482,0.272749817521749,0.3398743152640745,1.924255216709798,0,9.418397250213213,3.737611717305767,6.745435447969437,1996
600224,通联装份,C13,2022,1.2973470982418718,21.67623908124021,0.6186837089240627,-0.03302453142942341,3.295836866004329,0.4532899166374264,0.3954369540142693,1.2895284798044102,0,0.9262563140569974,2.870089380980682,6.793152281909945,1996
600224,通联装份,C13,2023,1.5186874085333566,21.74650313724123,0.6292188598414624,0.37394119471124854,3.332204510175204,0.1801600834509586,0.39887006122961743,2.3592325875337936,0,7.999687704516415,3.7963321557222574,6.76631003970217,1996
601307,华联备份,C39,2015,1.049104765962234,22.402689603303227,0.506134564129041,0.12918176431048004,1.791759469228055,0.48139193999560015,0.36671208599389693,1.661293660703876,0,10.4065202639186,1.9706863488180426,6.8149202746784825,2010
601307,华联备份,C39,2016,1.0655159079492076,22.60354964921452,0.3081311334967306,-0.18099846765266012,1.9459101490553132,0.4199851939883005,0.35070239418136856,0.7791832528441245,0,14.676601267914622,3.289050602773529,6.61736522603696,2010
601307,华联备份,C39,2017,0.9677648008144679,22.55237186300585,0.8208800081271265,-0.03397555039139085,2.0794415416798357,0.5289473772220933,0.4192716648946303,2.298914251909712,0,10.402660224438442,2.8746314412242118,6.685237880044855,2010
601307,华联备份,C39,2018,1.2192908501601458,22.68165781460248,0.28795381218083504,-0.0832283465407319,2.1972245773362196,0.4325934688497459,0.3857756037521832,1.8428588069163259,0,13.491828409274632,3.5577828368709197,6.3807318479049515,2010
601307,华联备份,C39,2019,0.9328646900937614,22.631106164682205,0.37161247202506414,0.5338622723007761,2.302585092994046,0.21334346999861487,0.34336789991489086,1.34814510323719,0,12.982409901340109,2.8464879238200966,6.302701371069018,2010
601307,华联备份,C39,2020,1.0232067951559072,22.781885778502193,0.2685598894463835,0.14966782076923085,2.3978952727983707,0.4313843944830401,0.39386410949848744,0.9761808974941282,0,15.865187016886475,1.072974738673362,6.27258435782605,2010
601307,华联备份,C39,2021,0.9833523692048494,22.867140189316597,0.459812513066021,-0.09238277910592657,2.4849066497880004,0.3022896566527289,0.4401620787487599,1.8277080290167746,0,10.073157394041498,2.280937698411329,6.6041134379112005,2010
601307,华联备份,C39,2022,1.194258626134351,22.918199065450064,0.4374468298149729,0.3736928143979795,2.5649493574615367,0.22823716869172467,0.43489862960940506,1.97397598366787,0,10.936820924983095,2.4618839792674,6.650098970197248,2010
601307,华联备份,C39,2023,1.4332213818544757,22.945229952596467,0.15533429931269022,-0.16814202278788107,2.6390573296152584,0.36676543389160793,0.372489263800581,2.0003341116069477,0,13.27724632079178,2.1566362210522727,6.507005884802772,2010
600600,远联材份,C29,2015,1.0578064095713424,21.508745217796477,0.4446216069898092,0.2866827437758449,2.6390573296152584,0.4224815696699464,0.4345230276144627,0.8530557133824916,0,8.234694119570166,1.929777874977169,6.622411152131856,2002
600600,远联材份,C29,2016,1.1346215643684312,21.532888042300637,0.4807928316405898,0.3109310363027414,2.70805020110221,0.4855565500065453,0.31883030232565995,1.6262588505654583,0,5.970935116244534,3.422051357890144,6.745463422537635,2002
600600,远联材份,C29,2017,1.3960534232617674,21.682326426107213,0.3441084564676123,-0.022928051295064457,2.772588722239781,0.43745264361533626,0.41043366552288574,2.899558681174523,0,9.964850744259477,3.0553043083832803,6.665873166763903,2002
600600,远联材份,C29,2018,1.2773380311190892,21.78025827132224,0.40395996074142304,-0.03189611362330601,2.833213344056216,0.4603924226867864,0.33833664010651243,1.6695018898072738,0,8.621284278459687,3.816905973270836,6.743556374550398,2002
600600,远联材份,C29,2019,1.0769781812750585,21.767873641944934,0.31715665514863645,-0.07108424053682265,2.8903717578961645,0.5135527135920264,0.2971132142971905,1.6771294199073192,0,6.774994562477494,3.3721110160759946,6.550593710663112,2002
600600,远联材份,C29,2020,1.1806001812384916,21.75196780497473,0.483763659940537,0.24588777791047892,2.9444389791664403,0.4289688990996968,0.37650118887298,2.0527556634591853,0,7.156696057139699,2.996187048964334,6.726318823632002,2002
600600,远联材份,C29,2021,1.1889842827012265,21.878741540033094,0.5288825845726904,0.11831188251566402,2.995732273553991,0.27087864079464313,0.4680778282248994,1.9427570384919841,0,4.101979101821921,4.39026206846669,6.781963239041993,2002
600600,远联材份,C29,2022,1.5344346363483607,21.8926435025282,0.5545459749430377,-0.08458594920242718,3.044522437723423,0.3943676878659354,0.3273638218453305,2.3065091805968323,0,8.929766691793342,3.9091095402580063,6.591967985379646,2002
600600,远联材份,C29,2023,1.4161115894844107,21.953437832524017,0.3374096538861723,-0.19951813322367978,3.091042453358316,0.3287892252907874,0.34890697336996096,1.1843462933226565,0,8.883449707465212,5.361940093975208,6.956824802248341,2002
601789,华联装份,C13,2015,0.8027188705895753,22.987034756244356,0.43307836964478774,0.0010775798436481882,2.8903717578961645,0.539598919471555,0.39741416330559387,1.0993899903290894,0,10.859839998437279,3.113294075965938,6.7733342600737805,1998
601789,华联装份,C13,2016,0.7861078197489612,22.995196500133982,0.5929601077878525,0.3490398245707236,2.9444389791664403,0.4418326203986262,0.32431326670257865,1.6973353784776064,0,8.64372558961089,2.3041105334709346,6.664938414590143,1998
601789,华联装份,C13,2017,1.074950274989933,23.119868718964703,0.5942263192772087,-0.07139072082020981,2.995732273553991,0.5697750245202116,0.3861523027162098,1.958327794699546,0,7.103146251360203,1.2158092223742174,6.424378949497805,1998
601789,华联装份,C13,2018,1.1245821484779677,23.155607398785403,0.3390272650624601,0.25825727510427104,3.044522437723423,0.40790470017229913,0.3609788064937272,3.4952125778800767,0,6.5638608636071325,0.7727588521382556,6.570860948921028,1998
601789,华联装份,C13,2019,1.0593067589762963,23.24694889259413,0.4989097610225469,-0.2442216111768824,3.091042453358316,0.4262945814460459,0.2813521227379785,1.593583181436508,0,4.3651769383602765,3.448357079127992,6.902658613604465,1998
601789,华联装份,C13,2020,1.588722614071055,23.16630160953415,0.7678890216383326,-0.27321741165689195,3.1354942159291497,0.19366073058239613,0.3183963810518502,1.1609022941226546,0,1.7080502597332377,2.6734753063949794,6.523707708866283,1998
601789,华联装份,C13,2021,1.6169647839215446,23.450965549061618,0.05,0.005459489676747524,3.1780538303479458,0.10169211226593006,0.3210922041216616,1.3337337351964207,0,10.351210467122934,4.633247539402506,6.672089595002193,1998
601789,华联装份,C13,2022,0.9681162938356548,23.530455755312545,0.3124746344686365,0.6287528402206983,3.2188758248682006,0.22947798211387893,0.3186069874377623,2.0108214437988523,0,6.667566257553567,4.602159463343284,6.788044067957039,1998
601789,华联装份,C13,2023,1.180175672780287,23.386290851197113,0.528806531696457,0.22758406527533018,3.258096538021482,0.32206543247927794,0.43267687453833525,2.592039638143789,0,9.300590768572793,3.5960999665667335,6.659765624786009,1998
002209,通联备份,C35,2015,1.6591345169255745,22.87313846556216,0.22887676329471396,0.10976957257792962,2.1972245773362196,0.25621915369653436,0.3454253092348892,2.7532175306668836,1,6.452285515448122,2.2234132729800233,6.6629597270276,2007
002209,通联备份,C35,2016,2.0138077384527873,23.10037702256273,0.26923894807623555,-0.32898447886454707,2.302585092994046,0.34040726888826744,0.3871792370389864,2.126108402306408,1,5.159897454830753,3.759241968985869,6.762994974391359,2007
002209,通联备份,C35,2017,1.8687004400316165,22.952486154003044,0.4574673319280163,0.09103972191271942,2.3978952727983707,0.0767668770464145,0.3956068281802294,1.044728539213902,1,6.038082756707612,3.2123460240403356,6.686494010571425,2007
002209,通联备份,C35,2018,1.6404194261947609,23.080646148105156,0.42416486802798087,-0.2817745287489831,2.4849066497880004,0.4305625741094413,0.3395370677623539,1.685442174565564,1,4.425506778541542,3.4509993903000016,6.860053570207858,2007
002209,通联备份,C35,2019,1.3738544695309525,23.173280592583914,0.22968650665151233,0.5125540547707524,2.5649493574615367,0.4229805892414251,0.36701417033169026,1.7961440797134804,1,2.4332583468438513,3.0940431304270413,6.95694139894113,2007
002209,通联备份,C35,2020,1.8517604711076454,23.151793942524915,0.45455165265757735,0.1150834655330515,2.6390573296152584,0.3729277431983053,0.3861040130126072,2.1596133005857943,1,4.357836836580006,2.417071045560875,6.638754765780041,2007
002209,通联备份,C35,2021,1.4173066899209052,23.184812605684883,0.3835155526516195,-0.18661515729441963,2.70805020110221,0.548939127294726,0.3584372287826704,1.7524951850535946,1,4.692165689883495,0.6271822357697809,6.590531237835877,2007
002209,通联备份,C35,2022,1.5743246894952239,23.4190592938987,0.38921243199411865,0.1031249442655078,2.772588722239781,0.32698089070954317,0.3483107871175395,1.2896726370055187,1,5.20113560164247,3.489653495934335,6.685788124192952,2007
002209,通联备份,C35,2023,1.698405374166355,23.459125579501574,0.17715638395100586,0.25256231937718354,2.833213344056216,0.5779783687928668,0.2884504714515105,1.4136438457932263,1,6.057193108789471,3.3549899763821895,6.9161417778576775,2007
603401,通联技份,C36,2015,1.8988615594328615,20.77544956049762,0.515876092532474,0.13354253310361586,2.8903717578961645,0.16503379959077485,0.25,1.4384001110342628,0,12.103171050517904,5.267415528127592,6.503136513365023,1998
603401,通联技份,C36,2016,1.370813745051503,20.97751331478488,0.6555148973752555,0.010341502572955342,2.9444389791664403,0.3206023515970734,0.43845536459072315,2.2416504849647225,0,8.611197933572914,4.852839891906455,6.347541238692349,1998
603401,通联技份,C36,2017,1.7998699396164963,20.90708646268336,0.4460491228223747,0.11042767461927863,2.995732273553991,0.5098523217138538,0.4130238354272341,2.243067748484733,0,12.932020196464974,4.410127680509057,6.795526855428087,1998
603401,通联技份,C36,2018,1.8612907550117077,21.052509110517278,0.5302771887703117,0.5689807294002914,3.044522437723423,0.5240694167916035,0.34934369174377505,1.5582084275273689,0,14.830473942006538,4.940696833384962,6.609945602082253,1998
603401,通联技份,C36,2019,1.895317931761652,21.30336556629688,0.36471011895775957,-0.09305185238082835,3.091042453358316,0.22617249173273327,0.37341961654967554,2.0093314388429,0,9.374364485928382,2.9630250941715985,6.464392659567932,1998
603401,通联技份,C36,2020,1.9637993421217061,21.185159694650405,0.7796815181970085,-0.3812783277540628,3.1354942159291497,0.34298706956711844,0.3738020492169327,1.9323168254136387,0,7.713010145215732,3.985645178581806,6.799125733227834,1998
603401,通联技份,C36,2021,2.042948876798352,21.138425376821505,0.314205731488777,-0.03446601806590092,3.1780538303479458,0.5229956412403192,0.35891827229842854,2.026450141347554,0,10.263294178171963,3.8600844733067823,6.507341012441099,1998
603401,通联技份,C36,2022,1.8394241510922318,21.536473734528837,0.12187756360413067,-0.15877471947308547,3.2188758248682006,0.3532592186129729,0.3625167192765,1.0827028592043884,0,14.769291123671058,3.3783138416055625,6.7654462639508175,1998
603401,通联技份,C36,2023,1.8810689166153869,21.56155845813688,0.42700706166134844,0.34214597743312525,3.258096538021482,0.3730387883177051,0.39816404918969855,1.1465816167434344,0,10.29534060627574,4.47611849972583,6.780398580648704,1998
603952,智联技份,C34,2015,2.5190908130404703,24.92338691539398,0.29002619217389486,0.5356100935873498,1.791759469228055,0.22836179936130294,0.3670299425228384,1.2858560589856465,1,6.30149337839871,1.939163983656778,6.845069223193137,2010
603952,智联技份,C34,2016,2.4705341112856836,25.010661462155852,0.44691803671338587,0.015299428335586788,1.9459101490553132,0.2179423097988678,0.3304013914731804,2.174896540117438,1,-0.18346498124502986,1.6946061537435821,6.914413686406103,2010
603952,智联技份,C34,2017,2.348076867136282,24.95798971391335,0.3042884150068117,-0.1303716134639227,2.0794415416798357,0.2923151075093136,0.4395753717294445,1.2779293686783997,1,3.7157594997258654,2.4873850006563396,6.9176615880189845,2010
603952,智联技份,C34,2018,2.409604574598818,25.138137656093797,0.47719715094357323,0.12832476676435456,2.1972245773362196,0.5105683804341817,0.3577630100150038,0.9780609172238747,1,6.587980384951034,2.524626737423793,6.761167544942094,2010
603952,智联技份,C34,2019,2.5507994688336297,25.107926648559665,0.5543225326591514,0.11800923065971018,2.302585092994046,0.2440605668463714,0.36085201588474775,1.9900301895613453,1,0.7835319954517087,4.305221597600015,6.874745501591571,2010
603952,智联技份,C34,2020,2.607583788482278,25.15019283069588,0.42526648092973374,0.025754632645925164,2.3978952727983707,0.3894985061054015,0.409380687405129,2.3877319160841766,1,1.9996257080648938,2.3525221972995176,6.623618313052993,2010
603952,智联技份,C34,2021,2.653020483830909,25.193419839145,0.5179281320085153,-0.1174943006772885,2.4849066497880004,0.2592112923863003,0.37536223756560233,1.1678294161296596,1,4.308347637470035,2.7058119626835735,6.922201918612016,2010
603952,智联技份,C34,2022,3.2491889573999715,25.329464920512905,0.5309322528183847,-0.7516999211564187,2.5649493574615367,0.39924782498113237,0.4057932006315839,1.7869197697336923,1,3.3564258573674346,4.374167772271149,6.978976471301952,2010
603952,智联技份,C34,2023,3.181819846118153,25.299064592182706,0.5192264926888521,-0.10968243483496157,2.6390573296152584,0.13766801842003798,0.3543497108985426,1.8588380889676575,1,-0.14515921746958532,3.5541979816065914,6.864424515122331,2010
000262,远联装份,C36,2015,0.7694097563138736,21.24871042015448,0.3163405715573317,-0.2884684958497262,2.0794415416798357,0.4430203075584131,0.4242393948506123,0.8289800277783366,0,9.902377244735725,4.180694438656659,6.359137662908228,2008
000262,远联装份,C36,2016,1.053104858294499,21.30534438365026,0.6185524958602066,-0.11896173608503408,2.1972245773362196,0.32171404602870995,0.4091915342511889,1.5795391743644824,0,9.613742118325211,3.3524914760588773,6.577737020249803,2008
000262,远联装份,C36,2017,1.1176496437794325,21.35107571742627,0.3770085554492221,0.4282909008834307,2.302585092994046,0.34387773206686717,0.40509898469117106,2.059505756702033,0,8.878377661694072,4.129337439895939,6.57019255111283,2008
000262,远联装份,C36,2018,1.1722915193690309,21.51049039872825,0.531122614892094,0.42658729498302084,2.3978952727983707,0.4482277606661347,0.40034989153468153,2.115741681585086,0,6.90149332941796,2.3089516034888673,6.718108937403515,2008
000262,远联装份,C36,2019,1.037511650748754,21.46804527520775,0.2144883840309832,-0.04495412909550127,2.4849066497880004,0.40420100689073496,0.324385239026327,1.5756895847035404,0,10.804012785292425,2.3147955792248864,6.42455566025518,2008
000262,远联装份,C36,2020,1.141720912332179,21.533463742007804,0.647717130711387,-0.14730231041581124,2.5649493574615367,0.08366278438664065,0.38902746540566097,2.250240322231052,0,8.329799360501463,2.2620198504300366,6.31478224055885,2008
000262,远联装份,C36,2021,1.4694985526061606,21.795285386182062,0.3441005185853109,-0.0863463779537656,2.6390573296152584,0.3325883559405698,0.31180189967942695,2.4382631105663437,0,10.391376194095121,3.2428404967055733,6.9235825652715235,2008
000262,远联装份,C36,2022,1.6538981368621557,21.6515715091635,0.49193559151067107,-0.3011461172232448,2.70805020110221,0.4593920756931852,0.38662708897839543,0.9910065137868537,0,13.8805695554421,4.70521592567854,6.930097535930004,2008
000262,远联装份,C36,2023,1.802598265947649,21.67652404405276,0.5811352124706317,-0.1591806462724792,2.772588722239781,0.3730891031013333,0.3092792158492259,2.4877839137809383,0,8.712415108555808,3.2501318441027602,6.391132970317123,2008
300924,华联技份,C38,2015,1.6960711427499597,22.063800364289193,0.21837110364166595,0.2967690813130702,2.8903717578961645,0.37334336722940265,0.3677884173161203,2.6660927019781337,1,9.229909305768782,2.4627064008596307,6.474391281533203,1998
300924,华联技份,C38,2016,2.1574939952813073,22.078275028292133,0.48639362104828837,0.262333911105853,2.9444389791664403,0.41903406638243557,0.3700261785499095,0.5812221122387073,1,7.699899547485037,4.6124025500999455,6.648641341208826,1998
300924,华联技份,C38,2017,1.7790259248578115,22.35640471755834,0.31077680660802776,-0.11606315477665455,2.995732273553991,0.37492390979748563,0.39303053573195046,1.2817903864553433,1,5.0172313680334995,4.629186581196427,6.669088965403566,1998
300924,华联技份,C38,2018,1.9134715192393617,22.283089045353865,0.6295071510400956,-0.15670465338427184,3.044522437723423,0.3842247861480212,0.46269256312999224,2.6179761450520482,1,8.286003395046373,3.0242322969846653,6.646286745731015,1998
300924,华联技份,C38,2019,1.897886074795553,22.236874786188494,0.3322102566185714,0.23045512824070474,3.091042453358316,0.40306338238156125,0.4262651189738366,2.218429809291947,1,7.2530353729026205,3.333462631191241,6.995302675186405,1998
300924,华联技份,C38,2020,1.6594355257158724,22.34332051516866,0.07666425215089034,-0.267279186057585,3.1354942159291497,0.1684377595192455,0.3325236657137808,0.8264750627229966,1,6.941744514945038,4.273310885148025,6.7055308323470815,1998
300924,华联技份,C38,2021,1.398838724934024,22.39301310183446,0.659810661390351,0.3143137324103168,3.1780538303479458,0.27378108715935673,0.39043953110300234,1.667711917839316,1,6.822655716006802,4.265262630820148,6.698935738069144,1998
300924,华联技份,C38,2022,1.8476122626485267,22.56058169488711,0.56190672057221,-0.14790442482501076,3.2188758248682006,0.05,0.3088327159870089,2.490839819459661,1,3.2467900120355906,4.207100746867419,6.479274097507782,1998
300924,华联技份,C38,2023,1.8815020438299974,22.536094419653164,0.21903893379903924,0.37959062644233055,3.258096538021482,0.501179066237607,0.36000859298047555,1.777535055902704,1,11.778181908542878,3.2092694285350283,6.682732544103982,1998
300208,智联料份,C38,2015,1.2233475990599951,22.294054693809375,0.521808122183323,0.06976636885410206,1.0986122886681098,0.24505869926391588,0.3826266353791428,2.045851482417295,0,8.059061867380764,2.479917875516046,6.669774491294175,2013
300208,智联料份,C38,2016,1.36048605106539,22.158378220224183,0.2901178403345998,-0.07373969277306167,1.3862943611198906,0.4720535386555627,0.39469099180044065,1.9341136177361111,0,11.210199134733637,3.4332539514904576,6.633755644622204,2013
300208,智联料份,C38,2017,1.832314804622181,22.2722868236864,0.472473918212763,0.1679042402370472,1.6094379124341003,0.28153087886223344,0.35983393640415956,1.6819864302711784,0,9.641780746965816,3.432021969443457,6.801952993475124,2013
300208,智联料份,C38,2018,1.4274506617172387,22.258754698818393,0.43415352773305155,0.48684779809749834,1.791759469228055,0.26058064153148686,0.3402898830118333,1.9953685554388723,0,12.460400500724012,2.74270010685067,6.930882816905244,2013
300208,智联料份,C38,2019,1.6257943288233594,22.315680293761456,0.28403091398623953,0.21249950737294077,1.9459101490553132,0.2570856292201776,0.3896715554648404,1.6827405916897091,0,9.218599714250956,4.876394458825745,6.629268107353179,2013
300208,智联料份,C38,2020,1.8617446927843044,22.565722177132802,0.1967227794252796,-0.23506230986308274,2.0794415416798357,0.17052712569294137,0.387406451695552,2.6329307960720634,0,8.118298034485136,4.683086313695441,6.543799393276951,2013
300208,智联料份,C38,2021,1.7445169449878999,22.355251470906534,0.530135036911477,-0.21633712576382302,2.1972245773362196,0.17931985511261866,0.35305145956744316,1.5739294870281786,0,8.317816975765743,3.4355499495422537,6.518912719412297,2013
300208,智联料份,C38,2022,1.6977654089939225,22.491090872024518,0.5312730682831087,0.47076734470712334,2.302585092994046,0.1655768600165249,0.4383687893043139,2.7811085194463763,0,9.422851054293776,2.6333437817153564,6.721766573471876,2013
300208,智联料份,C38,2023,1.8918910565224392,22.45498851341921,0.44248058367084053,0.04740803196873554,2.3978952727983707,0.4115885581660357,0.314272575442202,1.2283036585857516,0,5.786961457805652,4.510479942778436,6.703085186377106,2013
603449,中联装份,C29,2015,1.1943402444324271,22.353666910562033,0.31663212388781736,0.11845850264969278,2.4849066497880004,0.10762214967272457,0.4137933887450072,1.478358214207368,0,10.411770261494121,2.5814152733459323,6.849138062491869,2004
603449,中联装份,C29,2016,1.5262479658107255,22.554480590624163,0.11664339165808163,-0.011945138197619786,2.5649493574615367,0.1836495049986856,0.3882482112200301,2.451460733740999,0,12.482618965312255,3.6539965722506493,6.8172631014872875,2004
603449,中联装份,C29,2017,1.7069803704702413,22.455584248799024,0.1616386855767345,0.3121335550711571,2.6390573296152584,0.12761302003849911,0.44994478359111095,1.499537781298948,0,12.042510397084165,5.082143586390297,6.644208458572709,2004
603449,中联装份,C29,2018,1.9016378390214677,22.635358043672053,0.37516208534724116,0.317388938474509,2.70805020110221,0.3056990827379759,0.3908686294389902,1.6158725747715756,0,13.452560402511493,3.4239905996787368,6.9722128539362185,2004
603449,中联装份,C29,2019,2.194194980613991,22.691322382851634,0.33810783695624036,0.19126043044016205,2.772588722239781,0.4562913146024277,0.3475117155443644,0.6745077497136738,0,11.571575864303304,4.033498024940494,6.8245109101187325,2004
603449,中联装份,C29,2020,2.313378223170856,22.563049939700413,0.1967545511576143,-0.3765406689541624,2.833213344056216,0.3977660033131509,0.35578556517330917,1.562477266341339,0,11.565682686855233,1.8926569397339719,6.930606418004761,2004
603449,中联装份,C29,2021,2.3410198761671865,22.67682765565847,0.36391888588868093,0.054472234368820656,2.8903717578961645,0.532561062175553,0.35547551496894564,1.065218447201644,0,10.96575922895304,4.058736974216162,7.020242305198051,2004
603449,中联装份,C29,2022,2.187048292594923,22.831411250241572,0.4807977513365474,0.08952610957882871,2.9444389791664403,0.4379853521720009,0.3931780636593558,1.8826856289316243,0,10.168153070678972,3.0957131558767874,6.843803504806937,2004
603449,中联装份,C29,2023,2.654530195047809,22.847351917778738,0.2694891879269867,0.17472104594407176,2.995732273553991,0.33892706881911183,0.35899744398721317,1.5606547308872167,0,14.66470519894322,3.270417996847132,6.608299897208113,2004
601106,联联智份,C40,2015,1.2750552410345435,22.35129040579197,0.3721134507366024,0.1722830278105396,2.772588722239781,0.34230588590862593,0.38680705651846625,2.7972517548990514,0,6.839913161017785,4.426479295382837,6.54951415633035,2000
601106,联联智份,C40,2016,1.4103631044601277,22.504025842053878,0.4636647590906283,-0.0036049645413915414,2.833213344056216,0.5365668084555724,0.30488288237067895,2.0647272201901794,0,4.107194154752106,2.001102556960628,6.773162384688422,2000
601106,联联智份,C40,2017,1.6480730110993107,22.486944551924477,0.3512603335596441,0.08114159363560358,2.8903717578961645,0.44579700041294845,0.44393589422635243,2.5439905599791683,0,4.459279919101887,4.15151561204495,6.705070100727105,2000
601106,联联智份,C40,2018,1.6618336071138384,22.51702485271936,0.3712243399611648,0.14803527237592015,2.9444389791664403,0.49159365176735115,0.3770617099714332,1.6034679104356138,0,7.268785484192473,4.116448048342353,6.722489091984409,2000
601106,联联智份,C40,2019,1.4052586453722349,22.763126794551297,0.23964960239562633,0.11186825845212857,2.995732273553991,0.17288681081340684,0.4213544594684509,2.282228634573135,0,4.453251508397874,3.5575261247318126,6.969986650149897,2000
601106,联联智份,C40,2020,1.596934174687171,22.740916404424826,0.053845341127447995,-0.20274772187179863,3.044522437723423,0.4928998697138637,0.39405900312657083,0.9592475975504154,0,3.9696089887288206,5.671177778525301,6.6654324478722256,2000
601106,联联智份,C40,2021,1.3749066957991118,22.7881100126933,0.12633442197355899,0.1339167252226017,3.091042453358316,0.3636706163561211,0.351272403297233,1.1695905212713278,0,4.720716903734787,3.243422979152835,6.7156553449139365,2000
601106,联联智份,C40,2022,1.4014980153369203,22.886943473329467,0.06770550158589529,0.23827319561794216,3.1354942159291497,0.24088504125728283,0.31629195778517305,1.5189337639700562,0,6.7574554088776635,4.140918621233812,6.528179106489918,2000
601106,联联智份,C40,2023,1.9043505582339,22.87959335880217,0.23667719967828152,0.10848725573026868,3.1780538303479458,0.4868681977867328,0.4016845363320106,1.6029941293569152,0,5.868104039543705,4.2972529685877845,6.708028233047473,2000
000245,华联械份,C38,2015,1.1394877614971555,21.13737575205622,0.6473891506424307,0.30352069048793523,2.5649493574615367,0.1235658796444212,0.3536574841044946,2.170479660611695,0,11.729137559581014,2.6176758907958515,6.839719853812647,2003
000245,华联械份,C38,2016,0.893310154378096,21.24502906901985,0.6025822711051052,-0.2430804881733639,2.6390573296152584,0.15458505289350424,0.3933795856009663,2.033208927109011,0,4.177524289488104,2.877795765530929,6.768746900632697,2003
000245,华联械份,C38,2017,1.2736642214913219,21.19678247728213,0.6156440431130669,0.30893308902497435,2.70805020110221,0.27095487474293567,0.34197194135596276,2.28734675913503,0,11.249088431968742,2.886499485818435,6.785182223067535,2003
000245,华联械份,C38,2018,1.3958478197862574,21.140606398491546,0.2857692665170111,0.2376681060272285,2.772588722239781,0.34021415595907584,0.3442375638699661,2.806206653509908,0,8.243823141468944,3.383264064204098,6.643876879906277,2003
000245,华联械份,C38,2019,1.1756923408019955,21.35038404022941,0.2687035269633786,0.3458219910354381,2.833213344056216,0.3521537996741007,0.4183533655470153,2.764580790859454,0,9.281685454869773,2.5821865147656977,6.909514465576066,2003
000245,华联械份,C38,2020,1.2927708238063567,21.38849913079653,0.17712197527155038,-0.4160818903224702,2.8903717578961645,0.38372230545073877,0.3918004606234339,1.9782885929211262,0,7.255985795804447,4.796296043523376,6.689645287272752,2003
000245,华联械份,C38,2021,1.2944905264145958,21.566739710921627,0.2994224387376138,-0.05574797808059526,2.9444389791664403,0.23373681955670367,0.31101526323826184,0.7256017077134393,0,12.104068743308598,2.2733289087300816,6.639084591465272,2003
000245,华联械份,C38,2022,1.2533758200430896,21.678074926351226,0.569810810806054,-0.31572371886798767,2.995732273553991,0.2925408668199544,0.3565586326346895,1.4887716951065415,0,4.564742389157475,3.4514275966740664,6.6501526512445555,2003
000245,华联械份,C38,2023,1.269417715708168,21.660042061523615,0.2290298057566372,-0.12214995604276938,3.044522437723423,0.37291417601343607,0.36068274622225727,1.3175110701290005,0,11.099315315939009,3.3603110169024175,6.87267662590791,2003
000406,信联材份,C13,2015,1.588130478976906,21.80529688221725,0.46088050553667653,-0.16946068640197556,1.9459101490553132,0.37096830620129434,0.37383184963189536,2.154327992761395,1,7.4527462328126,4.069055648837931,6.755627304870344,2009
000406,信联材份,C13,2016,1.9868576583867603,21.88761317965579,0.4208128744672211,0.142276187042625,2.0794415416798357,0.37290982285014573,0.3892002277925237,1.9792564602143057,1,8.723149506128149,4.762576627090654,6.802171911849373,2009
000406,信联材份,C13,2017,2.1406507790079674,21.923023434695583,0.6213349852659599,0.30493186937603145,2.1972245773362196,0.1922225389686443,0.32536580493704625,1.3364337079019228,1,9.60211234358326,4.975528116959694,6.833856036188728,2009
000406,信联材份,C13,2018,1.8085035121021857,22.040273695817245,0.1872548740776131,-0.20269731655030518,2.302585092994046,0.48176459924823856,0.4232028582791015,2.1749558649220746,1,8.478140164379399,2.919500342893224,6.764898069660894,2009
000406,信联材份,C13,2019,1.7532574127107905,22.212994116126797,0.30852681820976524,0.13791364515397436,2.3978952727983707,0.3156608137995668,0.38478782619333957,1.2860539580062589,1,9.207969010917557,2.6869805821869734,6.58865104458243,2009
000406,信联材份,C13,2020,1.6539354957704855,22.223521574820147,0.5555494177138732,0.0682072749753758,2.4849066497880004,0.286791138990154,0.46839186048463066,1.6173989569964033,1,7.028604375121949,4.4100293829823975,6.6237158649844625,2009
000406,信联材份,C13,2021,1.9048244661041451,22.264653731776278,0.606931808728648,0.1219485217597199,2.5649493574615367,0.26959717770530706,0.3159156784374264,2.7138393967724204,1,5.815804236476267,2.017505265063341,6.763079269237582,2009
000406,信联材份,C13,2022,2.0730728416119084,22.329894180380638,0.36918638595460723,0.1443052372140485,2.6390573296152584,0.24872652267469172,0.34207458956516734,2.851363035368991,1,13.06460610475488,2.6944148005485866,6.553519641304053,2009
000406,信联材份,C13,2023,2.236168974424165,22.230324925667222,0.524652676357097,0.4045908490190212,2.70805020110221,0.30808666672594787,0.3507426877590245,1.6219827901194492,1,8.528960738382432,4.9071019840583645,6.720456936962973,2009
603272,中联械份,C39,2015,0.9581718624740163,23.037091149038616,0.3161785786895401,0.10796140007781081,2.3978952727983707,0.4886442070144415,0.2841977276798159,1.4930245543416825,0,2.1167785305568008,4.235079268659768,6.613621192105216,2005
603272,中联械份,C39,2016,0.6079140850990183,23.17181892251903,0.06390803156534075,-0.4020909889226234,2.4849066497880004,0.16423801731849635,0.4246287608316213,1.2305742902321049,0,6.812410786499551,3.7071792302102784,6.748275011972619,2005
603272,中联械份,C39,2017,1.2217729038026717,23.256394271461314,0.3342230182648805,-0.02958816129475799,2.5649493574615367,0.26619505899306223,0.36918403116944415,2.3045816678952518,0,5.339212550508387,2.3387664958564702,6.813783164445747,2005
603272,中联械份,C39,2018,0.8965728340038209,23.35828131608617,0.49663468601210464,0.07927270848960952,2.6390573296152584,0.485094290941433,0.41524891172682976,1.2947002226910136,0,4.96298451570348,2.008239844788493,6.5979937568928495,2005
603272,中联械份,C39,2019,1.153067726997452,23.34543180253779,0.30728838757596244,0.19171775321093737,2.70805020110221,0.32892131568096794,0.39476812146751983,1.9870608779430838,0,6.191264205407889,2.387517911660327,6.449765980725195,2005
603272,中联械份,C39,2020,1.460381912717998,23.374342193234003,0.4649160064183249,0.6151359325260302,2.772588722239781,0.33800190545039555,0.30800849298510596,1.8361185076860853,0,7.139081230311575,3.9307674727045514,6.67577137413934,2005
603272,中联械份,C39,2021,1.3881347343044081,23.401589732194935,0.314266695182358,-0.20785168103313867,2.833213344056216,0.3815971562302892,0.4082828037858141,1.2442261987619088,0,7.870092938377839,3.603459536476384,6.568947056073456,2005
603272,中联械份,C39,2022,1.066665652972216,23.42272896580343,0.3515906259167366,0.07650500783368575,2.8903717578961645,0.3483168178069856,0.37148695899128675,2.1882460350287682,0,6.4236720568974786,2.9669839176836073,6.443571092516126,2005
603272,中联械份,C39,2023,1.2740860249397892,23.50537635985245,0.05,0.305077890445303,2.9444389791664403,0.05,0.4073903132328421,1.9233199034789967,0,9.192411903298812,1.4444331808461583,6.544036296202542,2005
603156,信联备份,C29,2015,0.8671296359904267,22.425529887647922,0.4851250509261573,0.5722909419136903,2.0794415416798357,0.3490069499222511,0.37499032889549977,1.9163478800026998,1,5.08892687774063,2.9563097269143794,6.423018189672359,2008
603156,信联备份,C29,2016,0.6814053850015643,22.526883576248235,0.5733595444330513,0.15718746823995305,2.1972245773362196,0.2518996313428842,0.3869445873441922,1.7239959767853563,1,5.67520644087142,1.9219152000985513,6.677452125021654,2008
603156,信联备份,C29,2017,0.5099037559173096,22.667979243107478,0.5713558437022225,0.03886969963746683,2.302585092994046,0.5240678799262409,0.36835033338672873,1.8415411462407743,1,2.301662553598225,2.112861287095315,6.579286379952897,2008
603156,信联备份,C29,2018,0.8961220320890478,22.584463928465826,0.3913304195968291,0.2677810328214769,2.3978952727983707,0.24419595573815528,0.37980278148470614,1.7738869685092777,1,6.39281665621024,3.507880791221463,6.507730596427874,2008
603156,信联备份,C29,2019,0.7426216944013784,22.88713123821724,0.34027565482139077,0.21014439982123428,2.4849066497880004,0.5107114129687538,0.5291672391627966,2.4500722415043814,1,4.694904083994498,1.8342282833478567,6.766213957565173,2008
603156,信联备份,C29,2020,0.9370063230987938,22.836899646350897,0.3108687749052426,-0.04128389465276268,2.5649493574615367,0.1949086508506838,0.37550842504655557,0.7818708558110248,1,6.413294180179772,1.420553741098201,6.800528467439471,2008
603156,信联备份,C29,2021,0.8057585035031202,22.722039759949272,0.26390016531270166,-0.05070570577498421,2.6390573296152584,0.42220750252045114,0.4166387563499502,1.8187404242224672,1,7.031191554035134,1.8456573073956464,6.558174855503796,2008
603156,信联备份,C29,2022,1.298961298886806,22.938001603787335,0.2141295741674456,0.47812022880198146,2.70805020110221,0.5174691807201566,0.32620491029134,1.4014520259087688,1,10.855486490157965,2.3250027448305355,6.461960614879932,2008
603156,信联备份,C29,2023,1.4665924050799442,22.951353102215407,0.2535619793504227,-0.12160725844909157,2.772588722239781,0.27644578204499703,0.3712165043045868,1.414453530458055,1,5.317400976710599,3.6365725433095224,6.712730480420759,2008
000660,联联电份,C38,2015,1.633019930029052,22.99405583564132,0.3864650138842005,0.5244024564486385,2.3978952727983707,0.3611793267934451,0.30818943559445766,1.3748220956324166,0,7.158199021098362,5.304117788639408,6.4930166500358855,2005
000660,联联电份,C38,2016,1.7041864782987453,22.9072577053172,0.4451742874300988,0.0035095658501463657,2.4849066497880004,0.4675793036121767,0.3523261965858502,1.9712986589881403,0,6.486195659197004,2.745036334343374,6.666992375880963,2005
000660,联联电份,C38,2017,1.9486098347411884,22.955148888936595,0.6964334555496764,0.42848848835954156,2.5649493574615367,0.4669291745817698,0.3077141777134531,1.6636326858628963,0,3.826805722854168,4.982155747561818,6.937887689622875,2005
000660,联联电份,C38,2018,2.068202555304154,23.05218187348768,0.154940690029023,0.09478884529186894,2.6390573296152584,0.23848061776585802,0.44225043282485943,0.8738887236323907,0,12.025800953529759,4.592666646313955,6.774814589657183,2005
000660,联联电份,C38,2019,2.4183587459393947,23.042425413248665,0.24025078572076852,0.026268313481751328,2.70805020110221,0.3889564439871225,0.38548246691681826,1.812913900501645,0,7.057107281460362,2.442751168285394,6.773798636170772,2005
000660,联联电份,C38,2020,2.411562343351679,23.23938059174532,0.5125092471665155,0.053053001489754045,2.772588722239781,0.41551565726853523,0.35873630362928033,2.130265427162818,0,3.371996078395444,3.571877204140263,6.649360087557252,2005
000660,联联电份,C38,2021,2.2134707870262433,23.24494581706522,0.5203775934898166,0.269066788516468,2.833213344056216,0.30660289474061836,0.3347069738252878,1.7285179486840647,0,6.996173812037449,5.217706931884757,6.7568509720003505,2005
000660,联联电份,C38,2022,1.947897911591336,23.33794831808439,0.32588932928032893,-0.27781799087931,2.8903717578961645,0.3732376296174705,0.39287894179144317,3.0834556201712244,0,6.229566998905763,1.7375724690950776,7.073458282517423,2005
000660,联联电份,C38,2023,1.894146293725663,23.379325453216854,0.38583870322885827,0.041193714715834315,2.9444389791664403,0.40161163276146994,0.3053051288022161,2.348592265274811,0,6.009949660172475,3.000238913428113,6.53955313854719,2005
603991,信联机份,C27,2015,0.9816756395022525,22.564331015980546,0.4533689800700187,0.12885885508296072,2.772588722239781,0.49838095086173007,0.5188463873726462,1.1628293292138898,0,7.357577476840073,2.540798643112481,6.571425249930642,2000
603991,信联机份,C27,2016,0.6384538774099665,22.61135160775161,0.4933763178267862,0.09768207325829692,2.833213344056216,0.40776283520205336,0.3027026810790933,1.4817759623646594,0,3.3584344405515996,3.54955907368742,6.505099797318018,2000
603991,信联机份,C27,2017,0.4184731509949386,22.511031758880897,0.33460051724518514,0.3584313478178017,2.8903717578961645,0.35645996119878737,0.37393278033684096,1.0635683899666164,0,8.603460765480955,1.2576220920821575,6.634609005208443,2000
603991,信联机份,C27,2018,0.9943755044273904,22.6759247009712,0.7428167194051541,0.5458267805965249,2.9444389791664403,0.2466608726397445,0.3453878041118795,1.1515426941307223,0,2.976725720205936,1.9194439623627937,6.786008199134695,2000
603991,信联机份,C27,2019,1.3043769773627643,22.713173789466236,0.4163104109816602,-0.07449031077834782,2.995732273553991,0.47910420711984814,0.3424848087014743,3.0484160316009534,0,5.700009897555101,2.929245624990876,6.544008214867585,2000
603991,信联机份,C27,2020,1.4684258162481159,22.79546755905905,0.39948180194484983,-0.2058028696271863,3.044522437723423,0.2194380550575444,0.37950366295333876,1.7749969978881301,0,7.93947589313683,3.2696813133768443,6.737471910535325,2000
603991,信联机份,C27,2021,1.609357374838984,23.042841489605095,0.32646423673248254,0.145452784005743,3.091042453358316,0.2766312708502594,0.4457862658221526,2.333058575914599,0,6.364032832655564,2.06046992323903,6.845103578269727,2000
603991,信联机份,C27,2022,1.4882711706959697,22.843702421519076,0.4022936768682498,-0.052909806396348805,3.1354942159291497,0.3357859509808293,0.38145845635132875,3.0747541818133395,0,2.687252551899224,2.981371038240118,6.62395098094343,2000
603991,信联机份,C27,2023,1.6237902482620044,23.004150289542192,0.2334483102130739,0.19581818886742938,3.1780538303479458,0.4502878943478035,0.40262918805872866,1.3525809637212434,0,9.091225056185959,3.56210852457165,6.7283004700311775,2000
002285,华联能份,C13,2015,0.9397879479283022,23.628832916929035,0.18662922531137224,0.2755482502336236,2.0794415416798357,0.20454327943832945,0.44416827640933043,2.614670517769231,0,7.655155419403348,1.282604235683338,6.381690591862626,2008
002285,华联能份,C13,2016,0.5058441741746753,23.64337930454127,0.3070654210861405,0.13549125491832328,2.1972245773362196,0.25822146499824383,0.4147512065583982,2.553420881912136,0,2.898034151114092,1.2596608991759928,6.768750272011581,2008
002285,华联能份,C13,2017,0.9301906684435429,23.782248924873574,0.4648426428576569,-0.020902137215972165,2.302585092994046,0.3929024328058176,0.42950258001899166,2.656738359104856,0,6.120918131135461,1.1901565104639307,6.584061521587646,2008
002285,华联能份,C13,2018,0.6110237560056616,23.635777305493203,0.0811236297603079,0.08160055268929269,2.3978952727983707,0.2832024995653991,0.37335310761855633,3.1211961434243944,0,9.9048476938086,1.740109009775823,6.597839425192408,2008
002285,华联能份,C13,2019,0.9117508671438469,23.735208604264745,0.4085699264336943,0.0061059619640501245,2.4849066497880004,0.20816772001813263,0.41686716229962545,1.8242366526660119,0,3.085398059854995,3.2470834890268074,6.664065090886063,2008
002285,华联能份,C13,2020,1.1461082364944486,23.782517118355976,0.4264057129664177,0.19961770602750914,2.5649493574615367,0.298190813333995,0.33335468899579973,1.7544187230012311,0,3.9275920538971443,3.8534026883883863,6.674798461154255,2008
002285,华联能份,C13,2021,1.2652422558205372,24.121838206195175,0.38421377969145826,0.07270414577472692,2.6390573296152584,0.19708640060747964,0.38417130512143294,0.608157780264087,0,4.937140750202013,2.5903953939255286,6.6393309149764,2008
002285,华联能份,C13,2022,1.7632028568512808,23.985289905232136,0.5349774088287441,-0.1313368728554326,2.70805020110221,0.3634848545617702,0.3914293222569783,2.636716839082167,0,8.796912516923898,3.242332628759036,6.716841365428017,2008
002285,华联能份,C13,2023,1.6455866867143227,24.005448809908444,0.45539550887674485,0.10095994468160263,2.772588722239781,0.47712012588056096,0.3049949871510382,2.1934864745633575,0,7.328829636179607,3.253507190741385,6.8809908943787095,2008
000553,联联料份,C26,2015,1.2297092365413778,22.65650784648339,0.6146075396598927,0.03184936010634651,1.6094379124341003,0.3496383443027416,0.3078034999809188,3.3293860021627193,0,8.747440075674302,3.020657650231287,6.870427501032887,2011
000553,联联料份,C26,2016,1.2964918787496105,22.620574694063272,0.22096108789415875,0.3475898952746628,1.791759469228055,0.18394832086355417,0.3713728797374578,1.7586026632100946,0,8.535506142273197,2.699053921702923,6.487680034782233,2011
000553,联联料份,C26,2017,1.3451419512970277,22.72108737485106,0.34518482251486204,-0.02269555551671123,1.9459101490553132,0.4285023250000332,0.37361865778038184,1.8489641853228147,0,7.148213561306761,3.3740822924851592,6.631398100719846,2011
000553,联联料份,C26,2018,1.6272450088750372,22.61053341843235,0.05,-0.12554630206398543,2.0794415416798357,0.3465237280219246,0.4421243153630719,1.7459061153440438,0,11.589090894430862,2.591543434901904,6.889606451853011,2011
000553,联联料份,C26,2019,1.320330783967313,22.70397342007574,0.4557724479411888,-0.023802306160921327,2.1972245773362196,0.2822119330337136,0.38986518864251773,1.2575231961699331,0,8.653476118996505,1.1684351468880696,6.6411567120661275,2011
000553,联联料份,C26,2020,1.4340056201961295,22.886159188257302,0.24423058573636597,0.29928235092872674,2.302585092994046,0.6251879839238277,0.3371046793407352,1.8978802232160954,0,8.048176338335036,4.160607185230105,6.719074604750885,2011
000553,联联料份,C26,2021,1.392452024250645,22.807242483971642,0.637144126400621,0.08367774456250426,2.3978952727983707,0.17959358748516982,0.5097251406497313,2.525689952561587,0,5.056237203958122,1.2606213622672544,6.578545983311515,2011
000553,联联料份,C26,2022,1.5303844825588577,23.004909326420663,0.4627733432198317,-0.2079894100828697,2.4849066497880004,0.14722246934241234,0.3317329673427129,1.758292854932125,0,7.132393950627769,2.2056267440094954,6.624885028316856,2011
000553,联联料份,C26,2023,0.9073204358551354,22.99873211560423,0.3936704457149024,0.1477967798968197,2.5649493574615367,0.2098156819981529,0.4060692226387747,1.1210729282848697,0,6.037519979553025,4.230579409268154,6.577055024890467,2011
601656,科联子份,C39,2015,1.1496039241838847,23.946147324212095,0.2603769201409578,0.06612617830546422,1.3862943611198906,0.3032063884989499,0.41721287350342984,1.862960144781253,0,8.480023667779417,3.19534790543198,6.484701115114532,2012
601656,科联子份,C39,2016,1.2896324974823417,24.011612849183194,0.2614177820055114,0.17041463796912212,1.6094379124341003,0.37654872120271193,0.3602762520779901,1.9504726136606811,0,10.806437862577958,2.869498524923616,6.688469017972998,2012
601656,科联子份,C39,2017,1.475405293925892,24.182979104463975,0.4198035166586062,0.2934512036415175,1.791759469228055,0.44181526117135855,0.30657260547824206,3.5475694742287547,0,8.666840400993042,2.945925564998946,6.480807667009504,2012
601656,科联子份,C39,2018,1.016629596885957,23.959075958551942,0.20848969242431178,0.29871459535629963,1.9459101490553132,0.19162272232202204,0.391214948977091,1.9122907868305499,0,8.628041375937691,4.124682584991976,6.707890861547105,2012
601656,科联子份,C39,2019,1.1790823123862213,24.240769912860742,0.4688800909435791,0.2560430369423401,2.0794415416798357,0.2521661366607163,0.33870454825599294,2.0305451857086676,0,8.762529920250444,1.7317571297753613,6.546695049074925,2012
601656,科联子份,C39,2020,1.244730132013601,24.35601549358895,0.1269421798773021,0.1823200728504424,2.1972245773362196,0.05,0.34125622091482544,1.1534829579040928,0,10.530115550490892,1.4352068608331727,6.587059314313527,2012
601656,科联子份,C39,2021,1.2344278771816652,24.43657224350471,0.44827765317153523,0.17275176711802567,2.302585092994046,0.377185409381777,0.33490104275631727,2.2081828082381336,0,6.992363989058726,1.2603284217117738,6.5825626118349625,2012
601656,科联子份,C39,2022,1.5065810231505683,24.38997768650976,0.5035762952525268,0.3531764606420337,2.3978952727983707,0.1547643161001307,0.29238786346412404,1.473861836963152,0,8.646165371778146,2.0159525731517722,6.744179575108414,2012
601656,科联子份,C39,2023,1.4212470284246095,24.465079764037057,0.05,0.11542765295152058,2.4849066497880004,0.374658863978131,0.2728644894370174,1.2663412085696395,0,13.43910227413882,4.5432553415226975,6.665503153737976,2012
300222,通联械份,C27,2015,1.059224689359327,22.02284469266691,0.258751324267811,0.14164781129193696,2.0794415416798357,0.2070885352520156,0.3305931683609012,0.8715586093359595,0,7.775222748372132,3.5664678077765934,6.387121905936289,2008
300222,通联械份,C27,2016,1.2535086277857141,21.997768131246925,0.12505758019247576,0.1701542058660111,2.1972245773362196,0.5355150287469541,0.3825580948336667,3.0510460135853794,0,10.349885585779301,2.8743468901577733,6.471678703781324,2008
300222,通联械份,C27,2017,0.9104533036977845,22.000523670931322,0.33517506432229616,0.4517059357160784,2.302585092994046,0.3844399804061328,0.4760680717988566,1.9941023734105914,0,8.504400215649675,3.5158416114380877,6.3537064154776335,2008
300222,通联械份,C27,2018,0.8553979521628394,22.314411628547656,0.43230932467777367,-0.06159134182219138,2.3978952727983707,0.5935277285070448,0.30087585155166874,0.5,0,5.910405171045328,1.0372372557737004,6.460866666931305,2008
300222,通联械份,C27,2019,1.1198133028542434,22.047399106550436,0.26050446438831687,0.2997851446328357,2.4849066497880004,0.5069760903510273,0.3316543436833356,2.1565049205235653,0,11.400381729953267,4.742017352030722,6.748321986855638,2008
300222,通联械份,C27,2020,0.9556736730681181,22.187548171950343,0.2712399963191637,0.24800229024809808,2.5649493574615367,0.13417401890234718,0.31990638856551645,1.9772963520337221,0,7.8030811852096305,1.0738232515370614,6.554152729748957,2008
300222,通联械份,C27,2021,0.9176301766206596,22.114667464617444,0.4763971376225305,0.42220528487019426,2.6390573296152584,0.19984163650050799,0.36676652993836667,2.0775594881954906,0,7.657741211758965,3.1928404618284363,6.408726578446724,2008
300222,通联械份,C27,2022,1.2880788900963038,22.114357563000805,0.3654425136555914,0.24530730515156343,2.70805020110221,0.516479120488613,0.3601828251592019,2.226754769967382,0,10.0775977072506,2.1726013865356113,6.220972587190717,2008
300222,通联械份,C27,2023,1.5947406321877389,22.314929781208978,0.76900025841268,-0.05023862905436188,2.772588722239781,0.33649881846139623,0.4086917480427228,2.726845810519554,0,2.945444610176287,2.496424817245997,6.904600807494678,2008
601570,中联技份,C34,2015,1.4029338702852767,23.825715092770245,0.5166130569901065,-0.21176428258063593,2.772588722239781,0.4485942329213413,0.3844399375797795,3.395733311666921,1,2.925810950328063,2.3394005767910286,6.659055338615861,2000
601570,中联技份,C34,2016,1.5371857991734144,23.95606703893761,0.5345375530868878,0.06917612577400724,2.833213344056216,0.2849555595918719,0.28877221030958306,1.6643534151808441,1,1.9120061855757757,1.640322439457342,6.797171571534329,2000
601570,中联技份,C34,2017,1.0479963356994868,23.997237353084614,0.4775184322738585,0.1381133025510155,2.8903717578961645,0.4067181604278642,0.34031387337278196,0.5,1,0.039326457670109394,2.5296159091029415,6.630608055930144,2000
601570,中联技份,C34,2018,1.0295257408681835,24.01361577750583,0.48400430519256504,0.3005505260830493,2.9444389791664403,0.15306616700531492,0.31782104309051673,1.9967801293391425,1,4.656733730277255,3.6136406107847896,6.760140789069575,2000
601570,中联技份,C34,2019,1.267829643787069,24.28355980833966,0.42377023873467834,0.0075817704117131235,2.995732273553991,0.45579861357479745,0.38901005454733895,1.717783277161784,1,7.121816182999013,0.6472377492514632,6.778427772996068,2000
601570,中联技份,C34,2020,1.323612350499747,24.235970597767757,0.6803694819675367,0.022943174912035433,3.044522437723423,0.3450198066535457,0.4566949671726679,2.698355796030691,1,1.9111308935210827,2.198230653537576,6.715517035036447,2000
601570,中联技份,C34,2021,1.2327087646167414,24.24974204465448,0.31938851382513955,0.13732802664172664,3.091042453358316,0.19987428620768768,0.4099074364625088,2.55363984521078,1,2.0936483963267234,3.307648622743852,6.547909755911008,2000
601570,中联技份,C34,2022,1.8525207957923548,24.35171183442873,0.5278776705776891,0.261203398235326,3.1354942159291497,0.4539097481409399,0.46341652399497574,1.1643508432388918,1,5.9625128547186295,2.5461153449212426,6.598026444901653,2000
601570,中联技份,C34,2023,1.7875009049167916,24.166806525862345,0.5081751603438049,0.10040583113726051,3.1780538303479458,0.2738637490080125,0.2756894176746273,2.7163849741727835,1,2.7242910501695206,2.8552302049117912,6.818636223406631,2000
603146,联联子份,C38,2015,1.6170929557193612,21.13487040793793,0.3452384064209195,-0.09419247191139954,1.9459101490553132,0.3640472251618777,0.48471662065363874,1.4973091091626856,0,8.05981514136315,2.2213044878516284,6.572709413403414,2009
603146,联联子份,C38,2016,1.6470475657161092,21.124185194431387,0.2507077138669008,-0.09195320446606933,2.0794415416798357,0.4094066526087067,0.2947913270763515,0.8452279629492756,0,7.816133341564706,4.123507267968687,6.559389243432439,2009
603146,联联子份,C38,2017,1.5252186877376785,21.176151642482697,0.11269079240232377,0.15038272252981472,2.1972245773362196,0.3559638546226052,0.3686033302368713,1.3315170960581306,0,8.68683618230323,3.6943232794894993,6.188388099622238,2009
603146,联联子份,C38,2018,1.8978177875995608,21.410091635561653,0.35149434846414485,0.016999363954496773,2.302585092994046,0.4364906165106855,0.42657408426879134,1.5520494881789655,0,10.438590847340858,4.377376675863437,6.547581422050163,2009
603146,联联子份,C38,2019,1.5589007177219247,21.287362366095923,0.5468552170239416,0.046434830199538625,2.3978952727983707,0.4242336126151949,0.37874456115737853,2.66399416661999,0,6.152730133390782,3.909845171650007,6.665064893424541,2009
603146,联联子份,C38,2020,1.4938477115137903,21.176367308350432,0.3592340821150086,-0.06553139061510484,2.4849066497880004,0.2766907516709096,0.3741841102813842,1.612331813784751,0,7.560035403946727,4.323186960611297,6.637418373748898,2009
603146,联联子份,C38,2021,1.2618880340689622,21.414959383131883,0.5806421439241621,0.3813423562177255,2.5649493574615367,0.2339648869466895,0.38299330624234645,1.6633282439096022,0,10.697057714544867,3.2118101905124763,6.7016651551331075,2009
603146,联联子份,C38,2022,1.2147318713854083,21.20302919892902,0.6900094476316474,0.23099683875717406,2.6390573296152584,0.399601900788997,0.3658518745058153,1.644684120883247,0,5.698704330988001,2.9875206816924353,6.69280397346073,2009
603146,联联子份,C38,2023,1.1811733638250954,21.53219495033753,0.6708650523306972,0.27462726057605613,2.70805020110221,0.05,0.3915514837680176,2.628429349164664,0,6.445303581056271,1.9308043675128685,6.786670564860999,2009
603439,远联械份,C13,2015,0.9098562038388891,21.570264180238055,0.3405194838734672,-0.3384409825864141,1.3862943611198906,0.19891840777154024,0.3606982184507464,1.4294536547809982,0,0.006659533592632411,2.0777533444516303,6.533004729595341,2012
603439,远联械份,C13,2016,0.9121839454030632,21.696274263048878,0.92,0.04963487276878427,1.6094379124341003,0.374903438975512,0.3618635081995113,1.603476743797174,0,1.2193357415707338,1.994136887889411,6.49317617770306,2012
603439,远联械份,C13,2017,0.9424769388510587,21.64494368455085,0.6635526622679563,0.01270894175398702,1.791759469228055,0.24576658418697137,0.39969230239976833,0.8587547140398688,0,6.063262321014716,3.664011290233991,6.651750171179304,2012
603439,远联械份,C13,2018,0.7665174668597301,21.872043916854402,0.6183443564815568,0.15232099810181485,1.9459101490553132,0.575603845638821,0.44186598969439383,2.4750101146374006,0,1.9721846371446652,4.333522777016126,6.5184766401454155,2012
603439,远联械份,C13,2019,0.727355695728676,21.68282504533182,0.6066335114558974,0.22665105041760425,2.0794415416798357,0.45326216050915413,0.4127361102650348,1.937005951497166,0,3.1412812701049573,4.193453212976157,6.54550054507806,2012
603439,远联械份,C13,2020,1.0550778796736664,21.894776499321875,0.12412901722791081,-0.21298872127967178,2.1972245773362196,0.46077420844562555,0.4687548424324588,2.364668773755407,0,5.231475794895882,2.299145557396592,6.784325823620887,2012
603439,远联械份,C13,2021,0.9555540362875246,21.999672086654964,0.49988663955712154,-0.3167666168767541,2.302585092994046,0.31071650106164683,0.336462921707276,2.06752844426874,0,6.5587770256292615,2.1435638463426794,6.762176730337773,2012
603439,远联械份,C13,2022,0.973138698975283,22.088914177187252,0.6150032353872665,-0.036940196501143815,2.3978952727983707,0.20977196657716574,0.3592872343236208,2.413673925259711,0,2.0514516339243904,2.0397645655968173,6.377787717187523,2012
603439,远联械份,C13,2023,1.086786213528486,21.957520046967538,0.44620646801636193,0.2351269849983946,2.4849066497880004,0.31393600152492557,0.3827358558933875,2.594641961199593,0,4.614475981622095,5.617771143501326,6.677305952272674,2012
002801,智联材份,C34,2015,0.9474108108620075,22.869462718603856,0.39482062623420583,-0.2523257421427595,2.0794415416798357,0.2139531541693092,0.4277080250568796,1.142976923487462,0,6.479255339343407,3.7085994189706755,6.386708385185207,2008
002801,智联材份,C34,2016,0.8427666785149158,22.837945940921635,0.5878302462716645,0.05286971291982226,2.1972245773362196,0.24729676950976476,0.3824055021550472,3.5992411960708335,0,6.016244472568839,2.5765633965289996,6.596860245354918,2008
002801,智联材份,C34,2017,1.0303422726209457,22.915435219444227,0.20798523201748004,-0.09718050624104055,2.302585092994046,0.2733555658176593,0.34601027495121345,2.140312006404462,0,5.8168257941130275,3.000317255111911,7.039205899748181,2008
002801,智联材份,C34,2018,1.4438012768925754,22.83792646078247,0.38153528198369857,-0.28054207130938147,2.3978952727983707,0.16661369398012507,0.4146258988723336,2.3460571589454915,0,5.0157182709571275,4.0927092410658785,6.704494857162257,2008
002801,智联材份,C34,2019,1.4082148724717793,22.8883527698208,0.39728560069089897,-0.1199064071060124,2.4849066497880004,0.23215104656048285,0.40584055768498767,2.0975330560640018,0,6.461154821627608,3.3206606750976357,6.908601322283971,2008
002801,智联材份,C34,2020,1.3576046729220148,23.062957406025102,0.5852304158916005,0.20171726959613742,2.5649493574615367,0.19448352920383571,0.30878636439001517,2.343368104278791,0,4.142518334773594,2.027226257538275,6.713020198152598,2008
002801,智联材份,C34,2021,1.3731989901802344,22.99404003818293,0.3666657879609176,-0.24763514363679345,2.6390573296152584,0.34062141244855465,0.4453434710971389,2.4410309024676984,0,8.53823394218501,2.368259897896805,6.697483668640775,2008
002801,智联材份,C34,2022,1.827356412392901,23.290535747920554,0.16774805049685132,0.04947508070176841,2.70805020110221,0.41349390593952184,0.31010442914279035,1.6611021596552242,0,10.267543871796454,4.248999741863294,6.700642153626843,2008
002801,智联材份,C34,2023,1.836720572416511,23.319038126331268,0.45776188458016087,-0.11719683811595619,2.772588722239781,0.4934208526651982,0.25,2.6807931267468046,0,2.7788047417955886,0.6193022385845892,6.646204977372477,2008
601203,信联械份,C38,2015,1.8138304822849398,20.865924821440917,0.4153111989580456,0.2733458499411942,2.5649493574615367,0.2570912270607284,0.37832326137121375,3.112169315421996,1,5.2057668582390395,3.5872519731947046,6.8180169785200775,2003
601203,信联械份,C38,2016,1.7733149939233117,21.081265948991113,0.7723778413802903,0.3501690171687054,2.6390573296152584,0.35611108089896887,0.3034656000587205,1.2425473518400718,1,3.3654132528895437,2.848794556611117,6.630068624188358,2003
601203,信联械份,C38,2017,1.5364359118969957,21.044959740149746,0.15514242182555027,-0.007569177389369512,2.70805020110221,0.34115361052529064,0.33787966147973925,1.6040825322511545,1,6.238771007872997,4.858649013981909,6.747271975789001,2003
601203,信联械份,C38,2018,1.5530400318030988,20.92937403289696,0.3902723200367636,0.43624632238542005,2.772588722239781,0.05,0.2920853814263749,3.570687198991766,1,5.185927713994633,3.746987795270162,6.622525524521856,2003
601203,信联械份,C38,2019,1.5647978852025402,21.059895156231235,0.4270435057149949,0.3208077529384603,2.833213344056216,0.2723430470452522,0.31737104014055095,2.2679939301878655,1,5.018963493499866,3.293716818447474,6.837278319053345,2003
601203,信联械份,C38,2020,1.5270637697304927,21.139130229553945,0.39941314030815506,0.04052912564801414,2.8903717578961645,0.24172019957715324,0.4196808653745972,1.7851546188955538,1,6.4214862918734195,3.6651226756571003,6.750488603629905,2003
601203,信联械份,C38,2021,1.7497499157838912,21.294559353048438,0.38708408962686014,-0.29623711062885505,2.9444389791664403,0.5709487410924942,0.3936146654579729,1.740875959134443,1,5.426363176520459,2.6832198872813082,6.656712449418829,2003
601203,信联械份,C38,2022,1.8266008973460253,21.28122456076309,0.6831167516412797,0.05244260612288271,2.995732273553991,0.35459173164563595,0.3166362642843188,1.1227300995182246,1,3.384700091803159,4.548165767482373,6.534984891183156,2003
601203,信联械份,C38,2023,1.812700593580092,21.370742522461025,0.3528954612909317,-0.1257622717419815,3.044522437723423,0.32672922619402045,0.33540231858892233,1.6717363386949593,1,7.311800301343227,3.575849622496565,6.7025956296107925,2003
000678,科联电份,C35,2015,0.8378505209244436,20.640757102991973,0.3128409546823186,-0.10531167209060205,3.044522437723423,0.30932262800911303,0.33734738478562065,0.8932632170388957,0,9.714055631517962,3.472683670919877,6.5734495322606445,1995
000678,科联电份,C35,2016,1.0240474305343739,20.665518647488565,0.5265773537660404,0.17824478065061372,3.091042453358316,0.29792488942620876,0.42619175611889404,1.5345636081050666,0,12.297308975539798,5.216400636272923,6.660480606357746,1995
000678,科联电份,C35,2017,1.071471503307484,20.72725227460095,0.5502862422256557,0.18259511845356602,3.1354942159291497,0.10124343580829481,0.3035810844996109,1.8629787459153715,0,7.7178844825881665,2.479904385866857,6.543358619380283,1995
000678,科联电份,C35,2018,0.5068119867271504,20.8360493963135,0.1792226432371104,0.33400952394478284,3.1780538303479458,0.49230010960002746,0.3901746688675266,0.5,0,11.736414344101542,3.4154988108878204,6.541348168564006,1995
000678,科联电份,C35,2019,0.8349753190981816,21.083027151248654,0.33908534405594454,-0.19668013961566583,3.2188758248682006,0.3537130284375576,0.45071875870034683,2.250264925817254,0,11.360585139778513,2.768484856269645,6.666485557288872,1995
000678,科联电份,C35,2020,0.745267564294617,20.844809244028873,0.3654144093820792,-0.09748685672128472,3.258096538021482,0.21719457619353927,0.33240234645498823,0.7532303077018971,0,12.63512952498618,1.7990839644103465,6.421319091619446,1995
000678,科联电份,C35,2021,0.7745297614010117,20.940335619748655,0.404961059944459,-0.292634414762846,3.295836866004329,0.24371008671514702,0.31648120351663833,1.1383067867984877,0,12.596218624728072,4.095882071301634,6.459369192209466,1995
000678,科联电份,C35,2022,1.4418766026605792,20.97356623387944,0.4217328262649552,0.03986797634607206,3.332204510175204,0.49179683084580583,0.3988355639374129,1.8542455817809045,0,8.565988370574782,3.041208702221196,6.513541767090579,1995
000678,科联电份,C35,2023,1.4624727164227225,21.045897845845573,0.547182918181961,-0.11924729786379132,3.367295829986474,0.2687972885817066,0.3133737603466693,1.9362024333279524,0,8.755678554888163,2.8089466870490245,6.554785568844049,1995
601383,科联械份,C36,2015,0.8835179316620354,21.675507325986583,0.3498722250152066,0.202265574206698,2.8903717578961645,0.3231150394071021,0.46690573850635536,1.9090424522216907,0,8.399896155139992,3.188316842945109,6.670300188983398,1998
601383,科联械份,C36,2016,1.1497853316438862,21.82843024801994,0.70474776634782,0.2756672302683246,2.9444389791664403,0.38552426583948296,0.37071749135806675,1.7129285534169774,0,5.282214794697918,3.5945091751272917,6.924472235315054,1998
601383,科联械份,C36,2017,0.7793957165518507,21.776266058068373,0.4317987628925092,0.5286685139324829,2.995732273553991,0.21170843981476029,0.32317695631081256,2.601058349445502,0,6.928934793874003,1.824008653050764,6.576511300658353,1998
601383,科联械份,C36,2018,0.9144950571499705,21.848480300585408,0.22998426151393722,0.5165644619029308,3.044522437723423,0.18402048339425134,0.39169782233442924,3.229331213366062,0,8.320348547727683,3.528082584445566,6.676675137012564,1998
601383,科联械份,C36,2019,0.9473522734960003,22.059405799509985,0.5426619426031171,0.060620836796612815,3.091042453358316,0.5766023186136654,0.4122496562673837,1.6994052761955525,0,6.806908599606276,2.2310705054556976,6.618963502799855,1998
601383,科联械份,C36,2020,0.9111648759059854,22.346908395409258,0.4014738672078837,-0.12292367228248526,3.1354942159291497,0.15126728766179273,0.384430434222111,1.0455514652400544,0,5.239075051727897,2.8604649626871095,6.445691530046065,1998
601383,科联械份,C36,2021,1.2171281256101896,22.012709709219727,0.13344538952359714,-0.08550112740405336,3.1780538303479458,0.2412452560527304,0.41980477033797775,2.919717537435891,0,6.862552249424114,4.278367764484749,6.4741728075421525,1998
601383,科联械份,C36,2022,0.9455280705853295,22.302317725327253,0.44991253616974203,0.2723183642431488,3.2188758248682006,0.31257500283824263,0.36800385513530304,2.6090843212892634,0,3.9978794691265556,3.787107845040743,6.5356388056535675,1998
601383,科联械份,C36,2023,1.2183754839001706,22.134311730798586,0.3363926550646652,0.19658215574891466,3.258096538021482,0.4780046757772899,0.3768473451925272,2.490875003674537,0,7.515972252685084,1.341037269922898,6.499027486886054,1998
300277,华联科份,C26,2015,1.3345848372335665,23.706398994973505,0.418114623928373,0.03685245811722346,2.9444389791664403,0.1698567375392565,0.4212779820634914,3.1467482553206247,0,3.7121076497188805,3.195803377532491,6.478053826622807,1997
300277,华联科份,C26,2016,1.5893881234218865,24.01064354192271,0.47659586838573453,0.23027766483022696,2.995732273553991,0.3372655241800495,0.35580053751033214,1.6858440146507638,0,4.747285099426211,4.385532762016709,6.804980879592053,1997
300277,华联科份,C26,2017,1.1553953352359578,24.05393864398893,0.31276592688124993,0.14279295631701455,3.044522437723423,0.18795777438965022,0.35748575089959933,0.9990040943408103,0,2.7448392113926494,1.3487199019986509,6.655103772291767,1997
300277,华联科份,C26,2018,0.7893469905137444,24.2038380948495,0.5018735299001192,0.17856974485290666,3.091042453358316,0.314818583605821,0.43571951702914824,2.4560172633284365,0,1.0061586124745519,2.431765849488319,6.829808175297364,1997
300277,华联科份,C26,2019,0.9076126341228994,24.111470424914774,0.4281778950918468,-0.1721451252367734,3.1354942159291497,0.13403496569021253,0.28107428692106073,1.2354505659146036,0,1.0317783832697558,1.6128874920683067,6.757092580351629,1997
300277,华联科份,C26,2020,0.9638853491651573,24.219341677211776,0.3727652204314162,0.41775985964817297,3.1780538303479458,0.28760677706628934,0.40306439927580673,2.2553718079293894,0,-1.3514712950998764,1.7604856569663068,6.3442516501123425,1997
300277,华联科份,C26,2021,1.0442000149096962,24.226250024288706,0.6629967514111973,0.1846966106545812,3.2188758248682006,0.39816365044627267,0.3995174709340163,0.8591972930205456,0,0.9625751934990521,3.3702437095379105,6.884789398679099,1997
300277,华联科份,C26,2022,0.7590228543263887,24.298807864957308,0.380770601216777,-0.0618957727438596,3.258096538021482,0.3225040177804294,0.3765694625878784,1.475801612960105,0,1.525476108221921,2.171735394820378,6.823807396069464,1997
300277,华联科份,C26,2023,1.6860997609587647,24.37302344354259,0.39197299024257065,-0.15426295921488775,3.295836866004329,0.5501843416475183,0.4192176490238091,2.3148479400817488,0,0.8046521888167476,0.8764618308621168,6.627076754915607,1997
600353,信联子份,C26,2015,0.33715684044799676,22.195203141811763,0.5096080100238092,0.08494240935500327,0.0,0.19584558096334784,0.3387637052708912,1.8827890985713072,0,6.009773472411936,2.2941659441287072,6.60163423352547,2015
600353,信联子份,C26,2016,0.6832832430965534,22.291377915450976,0.7519135926595242,-0.25148574785547173,0.6931471805599453,0.305396103450441,0.32304907065010624,2.101084428464794,0,3.8239128542267977,0.7119455078220762,6.350579244201826,2015
600353,信联子份,C26,2017,1.0526495233160469,22.344478479111167,0.32409540865471115,0.181977542665324,1.0986122886681098,0.227947765313252,0.30399601454614655,0.9194169285145813,0,7.461977257061463,1.807273533290485,6.668561522496087,2015
600353,信联子份,C26,2018,0.9782953553650573,22.49619186368977,0.33780578861669613,-0.02910339111779123,1.3862943611198906,0.1441471375030591,0.2720401626066946,1.4649653091903647,0,5.746426217683844,2.788813232778021,6.811373618831908,2015
600353,信联子份,C26,2019,0.746398056821792,22.43413940773849,0.42315523904993985,-0.038901507942583846,1.6094379124341003,0.4034912286494385,0.44001196021856853,2.983019175804312,0,9.057117458384658,1.989351571829701,6.590389133960127,2015
600353,信联子份,C26,2020,0.7697342157147111,22.470484337171417,0.22732383160799222,0.010149652194332202,1.791759469228055,0.24216414688256052,0.3820192554844597,1.56986439017102,0,9.126235937979477,2.409854273346835,6.662766983158349,2015
600353,信联子份,C26,2021,0.8139866932438181,22.399807979038886,0.38743200553832663,0.39871860860102815,1.9459101490553132,0.4703276955297301,0.3849603439672155,0.7833643299951121,0,10.655789498247186,1.9035345370593206,6.68271546270789,2015
600353,信联子份,C26,2022,0.9368585956683516,22.775786136148266,0.3053575621491325,0.42672207024988495,2.0794415416798357,0.2161284352953644,0.31869488666388296,2.472117589955193,0,7.1574002644266335,3.565563107406134,6.813775364837833,2015
600353,信联子份,C26,2023,1.1507092325817727,22.6656763426869,0.4541196772843395,-0.012317580702040073,2.1972245773362196,0.23891721887876716,0.3797243587922481,2.4358990910211884,0,7.65438526417897,3.121928695976631,6.693744261562487,2015
603875,科联科份,C13,2015,1.823112848887399,21.45753740629082,0.25516605911594015,-0.1349613569084152,2.1972245773362196,0.38479619912785207,0.3465339372742832,3.0184215069378215,1,9.558412855375881,3.0617185088092644,6.729668722805927,2007
603875,科联科份,C13,2016,1.8582411335409035,21.672685005161956,0.45402741824067483,0.09971380399290815,2.302585092994046,0.18480025489193316,0.340472617332754,2.16523738467642,1,7.690834711539751,3.6728234299771514,6.592280426675032,2007
603875,科联科份,C13,2017,1.8280417688147668,21.755770932711552,0.2441106595901552,-0.09628437571428983,2.3978952727983707,0.26418247587351995,0.3828775633616,2.007032961401901,1,13.76148662019411,2.874997993334132,6.623799453119247,2007
603875,科联科份,C13,2018,1.5535330693562523,21.99196232453359,0.4319906313781912,0.2956106691569619,2.4849066497880004,0.34858290453037344,0.39949468503293256,2.5456880084597144,1,10.104690591825536,3.2005659777314515,6.770585578202893,2007
603875,科联科份,C13,2019,2.207836359519766,21.90081170486947,0.05,0.3735971006045705,2.5649493574615367,0.4406684622326035,0.3790228771338721,1.162982643618203,1,13.56376141377379,2.7922957165957243,6.742100683922715,2007
603875,科联科份,C13,2020,2.348560107524842,21.874181390490804,0.30937456368012567,0.18489468390357486,2.6390573296152584,0.38654840989763983,0.498838293678785,1.8866356076374189,1,9.46485441495166,3.925414869443727,6.782907469741887,2007
603875,科联科份,C13,2021,2.1470151685366137,21.891997299455856,0.5369434287427582,-0.06231257305135849,2.70805020110221,0.4304048919590459,0.26553907831232787,1.1934141384022763,1,3.4762690220613823,2.4183412046782866,6.544520039869141,2007
603875,科联科份,C13,2022,2.169715070647159,21.980966185016335,0.14961945630637097,0.09609407884049348,2.772588722239781,0.37694384415549553,0.3643211842766247,2.2084204324266694,1,12.001144621694907,4.196430629047891,6.814132897479678,2007
603875,科联科份,C13,2023,2.2440241051974366,22.104332667616216,0.39647193260687974,0.2414303879405881,2.833213344056216,0.4250683726118949,0.3351418981284548,1.283917099351516,1,9.244264940087888,4.858469506267172,6.438876539794054,2007
002616,中联械份,C38,2015,1.1425287157134414,20.195847376373095,0.2535862637976902,0.156751393196388,2.0794415416798357,0.18351519990168783,0.4059579909197009,2.025434195665255,0,8.203783792344522,4.849940944716195,6.6268953978489105,2008
002616,中联械份,C38,2016,1.4015340671401963,20.56238532019958,0.4976788336086365,0.17035488562930984,2.1972245773362196,0.33817256419717084,0.3650616363423839,1.2010476527617975,0,7.955329810470967,1.6658575976681589,6.802007493348538,2008
002616,中联械份,C38,2017,1.356391457823373,20.706263887671394,0.491838971695148,0.004866467741031132,2.302585092994046,0.3851959217462784,0.31770630098324354,1.5041094252271923,0,8.265549561681725,3.3073348997225573,6.534813797865137,2008
002616,中联械份,C38,2018,1.532996925583476,20.80036173712554,0.49289291026317705,-0.08473082486652687,2.3978952727983707,0.30229120882431004,0.36375543647825054,0.9846247685074261,0,3.9570308466848156,5.0073824179693265,7.012329773449175,2008
002616,中联械份,C38,2019,1.2810178107898231,20.670913903514393,0.09999203712290361,0.02085513705616729,2.4849066497880004,0.35248919161435055,0.4300942977613389,2.114364592796697,0,9.283316384018901,4.104700729298186,6.563107989315298,2008
002616,中联械份,C38,2020,0.9131772006345505,20.9008202616548,0.45220146416493173,0.18646807683623565,2.5649493574615367,0.06570754035686133,0.34837688909317666,1.8981829991448913,0,7.24538835364733,4.514025243515865,6.472779221603333,2008
002616,中联械份,C38,2021,1.165345738021707,20.75500134686263,0.3602661622566033,0.3770181119742321,2.6390573296152584,0.5002288885610815,0.3800475584042352,1.719878766738134,0,7.42311575413181,2.650532344098816,6.754650631725594,2008
002616,中联械份,C38,2022,1.2819851622406488,20.963762931755532,0.2369186255740059,0.085909398506054,2.70805020110221,0.2631534593551883,0.3279436358082889,2.1361474951377706,0,8.616327480166627,4.360761509539347,6.490807044101562,2008
002616,中联械份,C38,2023,1.2930105065044615,20.9462381947803,0.1317472447952195,0.04775180793182658,2.772588722239781,0.26136674219993106,0.3654316273920359,2.2712796912587367,0,8.773555681399925,3.7787133993252993,6.779259727561419,2008
603865,中联机份,C40,2015,1.0170214349536695,21.09567101662444,0.411335405183445,-0.2653943456637856,2.5649493574615367,0.3609672868250562,0.3775380617768467,1.664875245714943,0,6.908041268000028,2.822165676167425,6.691204609550859,2003
603865,中联机份,C40,2016,1.1997188372072416,21.127652527277977,0.5264294372878912,-0.06137244443501161,2.6390573296152584,0.40308805272118486,0.41630503844381994,2.1169697998264763,0,7.799481212895165,4.118499395289672,6.428489674384075,2003
603865,中联机份,C40,2017,1.2413639022938352,21.227916265558306,0.07249968591785805,-0.0001574593858282361,2.70805020110221,0.4166127159362416,0.37941527568086025,2.731848370061087,0,10.337303420238621,3.5735041424224523,6.730347913995431,2003
603865,中联机份,C40,2018,1.2183530814610337,21.198457020635136,0.6407673092332518,-0.029700818059231682,2.772588722239781,0.38209943065894003,0.3709809266233137,1.7022971611383364,0,4.398438796017615,3.0583891384293347,6.7349315081460635,2003
603865,中联机份,C40,2019,1.5193330954000748,21.31331410240283,0.4559467911410336,0.2983633707159187,2.833213344056216,0.3837642646940901,0.39041720435839217,2.3767424432907323,0,6.67086194738955,4.136738959237494,6.678249066869987,2003
603865,中联机份,C40,2020,1.4388524245436343,21.281587092981127,0.6401119186367104,-0.017588962540832264,2.8903717578961645,0.5556866448155973,0.40579694314243353,1.5047201131266763,0,5.483464237617887,3.5777625823142283,6.627856421463273,2003
603865,中联机份,C40,2021,1.4785048637126288,21.466337674346168,0.5047519977745033,0.38956743602322863,2.9444389791664403,0.3097746585153317,0.4005120601815738,1.9844625969497922,0,9.590931133679112,2.3979091067286173,6.459968160986208,2003
603865,中联机份,C40,2022,1.8274150756796836,21.505560338713124,0.6026544286327724,-0.006642400865196938,2.995732273553991,0.4630253652398749,0.4431630523256552,2.0439472507003047,0,9.371100953264158,4.736907644994276,6.680352909755787,2003
603865,中联机份,C40,2023,2.141563269765859,21.56528957824,0.34943911346681966,-0.37017391837394376,3.044522437723423,0.5109248491978073,0.40154453764560105,3.1418070715241138,0,8.322834471686598,3.4863521810396736,7.019701576981224,2003
002284,联联科份,C39,2015,1.2135634687352947,24.46346175188405,0.25947617156004743,-0.4533989261432443,2.833213344056216,0.35405172059401147,0.352751946293001,3.0140952903555798,0,3.105933805804631,2.484479074966796,6.860528087851439,1999
002284,联联科份,C39,2016,1.3157665946968664,24.619545712166325,0.4061058842367196,0.43501876257644256,2.8903717578961645,0.2547338054457906,0.3867817430378849,1.8364639426399976,0,2.396704976429716,1.8483653563121294,6.698829844627068,1999
002284,联联科份,C39,2017,1.0689532623459126,24.589876077684426,0.16246458250897722,0.2622554717006222,2.9444389791664403,0.26542356577938464,0.38640161170945375,2.181342888897775,0,3.594551698116344,1.097223230833196,6.842813659952562,1999
002284,联联科份,C39,2018,0.8559750611334782,24.747820774426227,0.4703826343050571,0.09917729859236077,2.995732273553991,0.3953691875161635,0.4022564383391641,2.1896267566585843,0,2.6543046969359407,0.4760285924227723,6.718664238723052,1999
002284,联联科份,C39,2019,1.03760805601,24.748528618354435,0.22650786272700246,0.3392521162689176,3.044522437723423,0.36344582979414525,0.3802390185504845,3.3544245609658403,0,3.676179003593114,2.529401825288762,6.789074202212586,1999
002284,联联科份,C39,2020,1.421259743189326,24.86458117574692,0.38219968991925757,0.0062848916744262,3.091042453358316,0.4612109127141217,0.36110030058347115,1.8114685382489892,0,2.995102355840211,1.3326000669728146,7.031791044522485,1999
002284,联联科份,C39,2021,1.3538235374115057,24.790368430733476,0.2093367926262288,0.08017715434949538,3.1354942159291497,0.3177477022903341,0.3367325691527346,0.6124355142332916,0,4.846297083222477,3.4567118085868858,6.453232402235716,1999
002284,联联科份,C39,2022,1.6671101043028607,24.95520068744572,0.5340070152380649,0.11638588061970079,3.1780538303479458,0.3238601283976821,0.35423443249059167,2.7444601206796047,0,6.516731632109058,3.156441867705074,6.729671022001575,1999
002284,联联科份,C39,2023,1.8524751500957264,24.979413591755918,0.4038512368113973,-0.19504466620612193,3.2188758248682006,0.24041190854091105,0.38480946331314525,1.5329662697705806,0,7.801048879387822,2.33438749451877,6.961551739413969,1999
000195,新联智份,C34,2015,0.9150145645656754,22.206807816155983,0.5952579846439012,0.10348075560139655,1.791759469228055,0.3276255371980249,0.2927727410155623,1.9275365488473675,0,4.608515876460954,5.025401863734322,6.559076085465654,2010
000195,新联智份,C34,2016,0.7948014698162598,22.352615119543568,0.40751913082592506,-0.05248402168092589,1.9459101490553132,0.13026703075476206,0.376031262867731,2.39439531679358,0,4.654709936812334,3.34102340921779,6.622265161742715,2010
000195,新联智份,C34,2017,1.1670017593374893,22.414788490855628,0.6803732605498466,-0.41617698085906085,2.0794415416798357,0.5037857017365697,0.40015020805460955,0.811010702140925,0,2.9875080725902072,3.3193746158203914,6.778721460721473,2010
000195,新联智份,C34,2018,0.8483862810004876,22.434650679976055,0.42923907282306745,-0.2509188490151822,2.1972245773362196,0.6638331581701471,0.37266404644408013,0.7088649908978459,0,5.659212510429748,2.8656646851213363,6.3193467226308995,2010
000195,新联智份,C34,2019,0.9245724760127204,22.61725559065594,0.713396345707681,-0.12657629459937425,2.302585092994046,0.3433332273072775,0.42076902962095086,1.2433620842784676,0,4.878397497990815,2.6427682972994764,6.417666356025833,2010
000195,新联智份,C34,2020,1.0791485213852523,22.668737121987963,0.4320994840972036,0.2140910194297496,2.3978952727983707,0.40997945435208116,0.33687820062002394,1.6806561192046205,0,9.344759994885424,2.423292351828603,6.63450693514315,2010
000195,新联智份,C34,2021,1.534300932413247,22.64922612603324,0.2939676964099864,-0.12775129323062248,2.4849066497880004,0.44482915193003647,0.3696175305338729,1.4209239329332115,0,4.217948848867919,1.6069608723463495,6.635224171395331,2010
000195,新联智份,C34,2022,1.506703320239397,22.663779675288417,0.5293566004803978,-0.08004533940807515,2.5649493574615367,0.2304268945077286,0.36648346560970096,0.9632978558061148,0,7.274293763994091,3.946733680518401,6.697718481271696,2010
000195,新联智份,C34,2023,1.713327648542111,22.829561554433585,0.07683165398702459,0.0904028191604635,2.6390573296152584,0.48022862540730565,0.41625891946500887,2.36516329604416,0,13.238547246376076,4.180670411800333,6.583625557449604,2010
