stock_code,firm_name,industry,year,DigTrans,DigTrans_raw,DigTrans_ew,DigTrans_pca,DigUnion,DigTrans_L1,IV_peer,ROA,TobinQ,TFP_LP,Size,Lev,Growth,Age,First,Indep,Capital,SOE
148,华联能份,C36,2015,3.278001,106.4,1.804457,2.962505,1,,2.836952,8.982522,5.494111,6.72432,19.374587,0.218633,0.392927,0.693147,0.320759,0.302848,1.595889,1
148,华联能份,C36,2016,3.200419,103.4,1.710284,1.711299,1,3.278001,2.855442,5.766405,4.298872,6.790372,19.577451,0.602215,0.162129,1.098612,0.27162,0.362469,1.111383,1
148,华联能份,C36,2017,3.150967,120.2,1.680393,1.413746,1,3.200419,2.892609,5.492087,3.712501,6.810888,19.625294,0.399923,0.036984,1.386294,0.284215,0.330525,2.387916,1
148,华联能份,C36,2018,2.967909,93.4,1.527701,0.184783,0,3.150967,2.986547,9.160848,5.740731,6.683581,19.537691,0.502712,0.00905,1.609438,0.290211,0.410419,2.730836,1
148,华联能份,C36,2019,3.264903,102.8,1.779299,2.549208,1,2.967909,2.966784,5.931739,5.207613,6.659286,19.74163,0.404698,0.237436,1.791759,0.293276,0.4145,1.449951,1
148,华联能份,C36,2020,3.278001,130.4,1.81361,3.045924,1,3.264903,2.998479,6.367838,3.734399,6.359676,19.710406,0.569094,0.208538,1.94591,0.520266,0.417198,1.256706,1
148,华联能份,C36,2021,3.245665,121.0,1.76155,2.488927,1,3.278001,2.931332,4.947249,5.40811,6.708013,19.675807,0.705362,0.032557,2.079442,0.187006,0.330221,2.59654,1
148,华联能份,C36,2022,3.058015,102.4,1.621974,1.179454,0,3.245665,3.016815,-0.377554,3.159089,6.494204,19.893112,0.675621,0.088999,2.197225,0.286534,0.426771,1.347634,1
148,华联能份,C36,2023,3.020184,88.8,1.568143,0.789296,1,3.058015,3.01468,5.45816,3.853291,6.675307,19.92277,0.493267,0.032938,2.302585,0.166707,0.313943,1.570952,1
195,新联智份,C34,2015,2.704457,53.4,1.311523,-1.105514,0,,2.942267,4.608516,5.025402,6.559076,22.206808,0.595258,0.103481,1.791759,0.327626,0.292773,1.927537,0
195,新联智份,C34,2016,2.35255,47.4,1.047735,-2.617692,0,2.704457,2.933085,4.65471,3.341023,6.622265,22.352615,0.407519,-0.052484,1.94591,0.130267,0.376031,2.394395,0
195,新联智份,C34,2017,2.752054,72.2,1.345369,-1.144478,0,2.35255,2.925476,2.987508,3.319375,6.778721,22.414788,0.680373,-0.416177,2.079442,0.503786,0.40015,0.811011,0
195,新联智份,C34,2018,2.655275,60.8,1.287891,-1.12374,0,2.752054,2.999515,5.659213,2.865665,6.319347,22.434651,0.429239,-0.250919,2.197225,0.615823,0.372664,0.708865,0
195,新联智份,C34,2019,2.797789,60.0,1.387026,-1.016083,0,2.655275,3.024282,4.878397,2.642768,6.417666,22.617256,0.713396,-0.126576,2.302585,0.343333,0.420769,1.243362,0
195,新联智份,C34,2020,2.822892,71.8,1.395944,-0.681373,0,2.797789,2.958554,9.34476,2.423292,6.634507,22.668737,0.432099,0.214091,2.397895,0.409979,0.336878,1.680656,0
195,新联智份,C34,2021,3.079375,90.8,1.612858,0.999396,0,2.822892,3.047568,4.217949,1.606961,6.635224,22.649226,0.293968,-0.127751,2.484907,0.444829,0.369618,1.420924,0
195,新联智份,C34,2022,3.191942,100.6,1.715137,1.894502,1,3.079375,3.093633,7.274294,3.946734,6.697718,22.66378,0.529357,-0.080045,2.564949,0.230427,0.366483,0.963298,0
195,新联智份,C34,2023,3.130284,112.4,1.668054,1.221719,0,3.191942,3.130311,13.238547,4.18067,6.583626,22.829562,0.076832,0.090403,2.639057,0.480229,0.416259,2.365163,0
200,中联料份,C29,2015,2.589599,54.4,1.239355,-1.673566,0,,2.724288,0.58121,1.07153,6.362815,21.613741,0.651224,-0.061044,2.833213,0.322072,0.451763,2.146188,0
200,中联料份,C29,2016,2.308057,43.4,1.018382,-2.996743,0,2.589599,2.642478,1.98784,5.239594,6.694513,21.521383,0.436928,0.144373,2.890372,0.326347,0.343322,1.88904,0
200,中联料份,C29,2017,2.484282,48.4,1.146413,-2.622847,0,2.308057,2.75759,0.649896,3.551957,6.595213,21.772285,0.587678,-0.268461,2.944439,0.36986,0.335764,1.323799,0
200,中联料份,C29,2018,2.638553,62.6,1.266814,-1.793307,0,2.484282,2.769169,-0.765198,4.364833,6.718265,21.651769,0.554305,0.077177,2.995732,0.253776,0.366745,1.93771,0
200,中联料份,C29,2019,2.59044,51.6,1.222221,-2.077182,0,2.638553,2.792746,4.233865,2.256493,6.834437,21.869853,0.412401,0.249587,3.044522,0.22655,0.373876,1.509132,0
200,中联料份,C29,2020,2.779405,71.8,1.366974,-1.069943,0,2.59044,2.803308,1.646704,3.339038,6.806041,21.795733,0.487191,0.042484,3.091042,0.248488,0.332201,2.685924,0
200,中联料份,C29,2021,2.777632,55.0,1.377158,-1.082611,0,2.779405,2.841219,3.905734,3.356405,6.622352,21.866015,0.408901,-0.328742,3.135494,0.362625,0.378453,1.076415,0
200,中联料份,C29,2022,2.650236,67.8,1.271486,-1.548439,0,2.777632,2.898855,2.560982,2.997754,6.387634,22.086732,0.0521,-0.153179,3.178054,0.408084,0.367526,1.277716,0
200,中联料份,C29,2023,3.126335,79.6,1.659767,1.316457,1,2.650236,2.940511,1.674537,1.640512,6.435537,22.055477,0.600774,-0.089266,3.218876,0.171505,0.425623,1.533244,0
245,华联械份,C38,2015,2.616868,64.2,1.246191,-1.875898,0,,2.851808,11.729138,2.617676,6.83972,21.137376,0.647389,0.303521,2.564949,0.123566,0.353657,2.17048,0
245,华联械份,C38,2016,2.516578,55.2,1.162126,-2.628549,0,2.616868,2.971047,4.177524,2.877796,6.768747,21.245029,0.602582,-0.24308,2.639057,0.154585,0.39338,2.033209,0
245,华联械份,C38,2017,3.034423,84.4,1.583965,0.444081,1,2.516578,2.914274,11.249088,2.886499,6.785182,21.196782,0.615644,0.308933,2.70805,0.270955,0.341972,2.287347,0
245,华联械份,C38,2018,3.146314,106.0,1.674882,0.977346,1,3.034423,2.864033,8.243823,3.383264,6.643877,21.140606,0.285769,0.237668,2.772589,0.340214,0.344238,2.806207,0
245,华联械份,C38,2019,2.767295,76.8,1.363334,-1.235468,0,3.146314,2.902216,9.281685,2.582187,6.909514,21.350384,0.268704,0.345822,2.833213,0.352154,0.418353,2.764581,0
245,华联械份,C38,2020,2.850425,82.6,1.426028,-0.833965,0,2.767295,2.858068,7.255986,4.796296,6.689645,21.388499,0.177122,-0.416082,2.890372,0.383722,0.3918,1.978289,0
245,华联械份,C38,2021,2.933087,81.6,1.505022,-0.244307,0,2.850425,2.984086,12.104069,2.273329,6.639085,21.56674,0.299422,-0.055748,2.944439,0.233737,0.311015,0.725602,0
245,华联械份,C38,2022,2.70045,62.6,1.334103,-1.130017,0,2.933087,3.016867,4.564742,3.451428,6.650153,21.678075,0.569811,-0.315724,2.995732,0.292541,0.356559,1.488772,0
245,华联械份,C38,2023,2.906344,87.4,1.496262,-0.058051,0,2.70045,2.953893,11.099315,3.360311,6.872677,21.660042,0.22903,-0.12215,3.044522,0.372914,0.360683,1.317511,0
262,远联装份,C36,2015,2.549172,48.0,1.205659,-1.982418,0,,2.885541,9.902377,4.180694,6.359138,21.24871,0.316341,-0.288468,2.079442,0.44302,0.424239,0.82898,0
262,远联装份,C36,2016,2.81054,71.8,1.397953,-0.823474,1,2.549172,2.881434,9.613742,3.352491,6.577737,21.305344,0.618552,-0.118962,2.197225,0.321714,0.409192,1.579539,0
262,远联装份,C36,2017,2.661813,64.0,1.284526,-1.424261,0,2.81054,2.925219,8.878378,4.129337,6.570193,21.351076,0.377009,0.428291,2.302585,0.343878,0.405099,2.059506,0
262,远联装份,C36,2018,2.534783,57.0,1.196643,-1.969788,0,2.661813,3.015422,6.901493,2.308952,6.718109,21.51049,0.531123,0.426587,2.397895,0.448228,0.40035,2.115742,0
262,远联装份,C36,2019,2.445359,53.0,1.131979,-2.020838,0,2.534783,3.02142,10.804013,2.314796,6.424556,21.468045,0.214488,-0.044954,2.484907,0.404201,0.324385,1.57569,0
262,远联装份,C36,2020,2.885909,64.6,1.457985,-0.44834,0,2.445359,3.024619,8.329799,2.26202,6.314782,21.533464,0.647717,-0.147302,2.564949,0.083663,0.389027,2.25024,0
262,远联装份,C36,2021,2.808273,76.8,1.394151,-0.697834,0,2.885909,2.960491,10.391376,3.24284,6.923583,21.795285,0.344101,-0.086346,2.639057,0.332588,0.311802,2.438263,0
262,远联装份,C36,2022,3.178273,113.6,1.693992,1.703532,1,2.808273,3.008797,13.88057,4.705216,6.930098,21.651572,0.491936,-0.301146,2.70805,0.459392,0.386627,0.991007,0
262,远联装份,C36,2023,3.089459,106.0,1.636899,1.057905,1,3.178273,3.010062,8.712415,3.250132,6.391133,21.676524,0.581135,-0.159181,2.772589,0.373089,0.309279,2.487784,0
266,信联机份,C36,2015,3.167873,90.8,1.688367,1.524237,1,,2.844294,-0.765198,2.917055,6.414029,23.504401,0.510411,0.195907,2.995732,0.591264,0.356492,1.143385,0
266,信联机份,C36,2016,2.828202,79.4,1.407364,-0.601458,1,3.167873,2.880257,-0.042244,3.39857,6.401603,23.661509,0.314728,0.205273,3.044522,0.497011,0.317373,2.786763,0
266,信联机份,C36,2017,2.949575,86.2,1.519764,-0.027973,1,2.828202,2.906035,-0.765198,4.33038,6.676633,23.56651,0.640588,0.017769,3.091042,0.05,0.379961,1.454906,0
266,信联机份,C36,2018,3.014002,98.8,1.577722,0.819381,1,2.949575,2.983474,-0.765198,3.74294,6.62027,23.605406,0.340722,0.267215,3.135494,0.221682,0.319327,1.028808,0
266,信联机份,C36,2019,3.200372,90.4,1.724238,1.883974,1,3.014002,2.971086,-0.527007,4.560364,6.701531,23.683495,0.613659,0.184831,3.178054,0.445107,0.358026,2.162994,0
266,信联机份,C36,2020,3.148055,94.0,1.689758,1.95445,1,3.200372,3.007142,2.004274,4.362113,6.666194,23.784977,0.243111,0.167932,3.218876,0.426765,0.361732,2.412275,0
266,信联机份,C36,2021,2.701584,69.6,1.321907,-1.259677,0,3.148055,2.967604,-0.7219,3.907569,6.720301,23.986694,0.572956,0.08884,3.258097,0.262702,0.422483,1.52184,0
266,信联机份,C36,2022,2.855391,66.0,1.419151,-0.588299,0,2.701584,3.030323,-0.765198,4.629635,6.666049,23.959318,0.138145,0.070848,3.295837,0.175193,0.369481,3.175491,0
266,信联机份,C36,2023,3.009571,88.2,1.570572,0.803718,0,2.855391,3.015388,-0.765198,0.874344,6.797857,24.117267,0.463639,-0.193159,3.332205,0.31596,0.411635,1.767065,0
268,新联材份,C34,2015,2.951806,79.8,1.506264,0.163823,1,,2.927717,6.929556,3.408317,6.67961,24.04814,0.389429,0.253792,1.386294,0.209852,0.342909,2.953825,0
268,新联材份,C34,2016,2.937999,85.6,1.50186,0.031525,1,2.951806,2.898647,6.788206,2.598194,6.833042,23.928129,0.229465,0.488343,1.609438,0.451867,0.372336,2.171382,0
268,新联材份,C34,2017,3.261151,94.6,1.780345,2.528628,1,2.937999,2.895529,7.585036,2.627171,6.879532,24.20572,0.433325,0.345159,1.791759,0.419222,0.372752,3.523876,0
268,新联材份,C34,2018,3.140482,110.0,1.676508,1.383573,1,3.261151,2.970973,10.606963,1.967232,6.737013,24.141622,0.169418,0.215494,1.94591,0.05,0.346368,2.713565,0
268,新联材份,C34,2019,3.264947,126.8,1.774433,2.553158,1,3.140482,2.996802,6.391444,3.244397,6.959958,24.343111,0.501222,0.195465,2.079442,0.453247,0.453975,0.5,0
268,新联材份,C34,2020,3.115899,113.2,1.645052,0.967797,1,3.264947,2.941319,10.31138,2.945686,6.544704,24.254057,0.251675,0.331281,2.197225,0.451779,0.337819,2.259122,0
268,新联材份,C34,2021,3.182477,108.6,1.707262,1.449006,1,3.115899,3.041503,12.158525,2.089773,6.871111,24.34433,0.107765,-0.099861,2.302585,0.495073,0.434386,1.823929,0
268,新联材份,C34,2022,3.13659,111.8,1.670457,1.418447,0,3.182477,3.096889,8.573026,3.682169,6.783724,24.334708,0.170103,0.282328,2.397895,0.460889,0.458863,2.86267,0
268,新联材份,C34,2023,3.278001,129.0,1.802298,2.648069,1,3.13659,3.121622,8.155173,3.390306,6.949016,24.525062,0.351214,0.013001,2.484907,0.418711,0.331436,1.624859,0
291,远联机份,C34,2015,3.097588,82.4,1.62787,1.062861,1,,2.919142,9.942968,3.189944,6.257795,22.123749,0.557084,0.165445,0.0,0.264755,0.394453,3.002271,1
291,远联机份,C34,2016,2.765493,70.4,1.357314,-0.886059,0,3.097588,2.908795,7.383745,4.418461,6.902568,22.131963,0.528822,0.050116,0.693147,0.52247,0.482017,1.200765,1
291,远联机份,C34,2017,2.375983,43.4,1.068239,-2.495884,0,2.765493,2.947598,13.449324,4.775223,6.675391,22.247823,0.181019,0.417553,1.098612,0.51557,0.442508,1.243227,1
291,远联机份,C34,2018,3.029867,72.2,1.572062,0.592051,1,2.375983,2.97748,14.357805,3.376952,6.569286,22.339493,0.168032,0.597948,1.386294,0.387836,0.294866,2.232604,1
291,远联机份,C34,2019,2.803375,66.0,1.394826,-0.663135,0,3.029867,3.023953,5.288688,4.993399,6.693311,22.410806,0.771127,-0.07404,1.609438,0.491878,0.320612,1.416189,1
291,远联机份,C34,2020,2.978803,83.0,1.535617,0.277338,1,2.803375,2.949383,6.420428,2.918655,6.761276,22.364299,0.490826,0.030487,1.791759,0.415484,0.373903,1.888602,1
291,远联机份,C34,2021,3.027597,97.0,1.564627,0.197579,0,2.978803,3.050614,10.70301,4.47152,7.177566,22.772753,0.53288,0.251015,1.94591,0.188772,0.348106,2.554521,1
291,远联机份,C34,2022,3.215444,118.4,1.720499,2.009778,1,3.027597,3.092251,12.154565,5.127677,6.68632,22.6457,0.169039,0.191272,2.079442,0.213507,0.436431,1.553341,1
291,远联机份,C34,2023,3.121395,95.6,1.66386,1.750678,0,3.215444,3.130834,11.147366,4.086304,6.737349,22.677566,0.36949,0.268365,2.197225,0.372281,0.344143,2.198127,1
338,信联子份,C36,2015,2.515996,52.4,1.170869,-2.211668,0,,2.887753,4.518349,2.059325,6.567679,23.161488,0.175736,-0.201419,2.944439,0.364382,0.317029,1.579886,0
338,信联子份,C36,2016,2.617089,61.6,1.267385,-1.515121,0,2.515996,2.894331,4.742219,3.483508,6.666622,23.096642,0.325089,0.413397,2.995732,0.219601,0.389613,2.602265,0
338,信联子份,C36,2017,2.732761,64.2,1.331999,-1.108532,0,2.617089,2.920489,-0.585189,3.232886,6.482694,23.20681,0.656094,0.254712,3.044522,0.421974,0.370055,0.5,0
338,信联子份,C36,2018,3.211676,102.0,1.715497,1.959546,1,2.732761,2.970296,2.350567,3.173538,6.796728,23.299999,0.557331,-0.005817,3.091042,0.069586,0.490478,1.440287,0
338,信联子份,C36,2019,2.908166,81.8,1.481096,-0.129817,0,3.211676,2.990566,-0.405274,3.656018,6.622759,23.262756,0.511984,0.092939,3.135494,0.509965,0.398252,2.481685,0
338,信联子份,C36,2020,2.956282,74.4,1.523299,0.223896,0,2.908166,3.019927,1.912326,4.064501,6.483115,23.431937,0.211031,-0.075431,3.178054,0.389012,0.25,2.620299,0
338,信联子份,C36,2021,3.21346,123.0,1.733231,2.077954,1,2.956282,2.933479,6.920861,2.02836,6.835231,23.615124,0.337303,-0.136079,3.218876,0.282782,0.435951,1.908069,0
338,信联子份,C36,2022,2.991883,72.4,1.556014,0.389715,0,3.21346,3.021223,4.447752,2.91976,6.626998,23.492205,0.431087,-0.226951,3.258097,0.328319,0.439625,2.405896,0
338,信联子份,C36,2023,2.748514,72.6,1.340448,-0.962338,0,2.991883,3.032792,2.465511,2.359099,6.357324,23.716997,0.277975,0.083812,3.295837,0.355319,0.297087,1.511007,0
380,创联备份,C36,2015,2.908774,71.4,1.485926,-0.170556,1,,2.861567,9.111738,5.436103,6.794867,21.753884,0.265692,0.181096,1.791759,0.157656,0.371661,2.229164,0
380,创联备份,C36,2016,2.790923,74.4,1.389718,-0.860392,0,2.908774,2.882742,5.207397,3.341762,6.725939,21.642574,0.603806,-0.010007,1.94591,0.252545,0.33362,1.048911,0
380,创联备份,C36,2017,2.906785,64.4,1.488662,-0.107697,0,2.790923,2.908887,8.351581,3.802484,6.368434,21.736245,0.409182,0.193467,2.079442,0.378894,0.416186,3.166601,0
380,创联备份,C36,2018,2.981707,73.8,1.55873,0.604212,0,2.906785,2.985627,6.074764,4.548824,6.804862,21.97905,0.353955,0.221973,2.197225,0.37851,0.367791,0.564512,0
380,创联备份,C36,2019,3.264834,111.0,1.782176,2.554536,1,2.981707,2.966788,9.543991,4.557603,6.638143,21.820642,0.36826,0.207704,2.302585,0.285521,0.343409,2.431622,0
380,创联备份,C36,2020,3.25296,98.0,1.764752,2.271698,1,3.264834,3.000149,11.262128,5.740731,6.918628,21.868371,0.388513,0.185164,2.397895,0.384192,0.348019,0.690591,0
380,创联备份,C36,2021,3.074463,88.6,1.615773,0.799964,1,3.25296,2.942745,10.599743,3.869947,6.912966,21.967848,0.502357,0.260707,2.484907,0.310023,0.25,1.080734,0
380,创联备份,C36,2022,3.274793,104.6,1.785613,2.453632,1,3.074463,3.002363,8.917105,3.101829,6.653108,22.161036,0.523733,0.322262,2.564949,0.370943,0.35552,0.739267,0
380,创联备份,C36,2023,3.038043,99.6,1.587919,0.661701,1,3.274793,3.01349,6.894369,3.975569,6.66702,22.049577,0.691211,-0.233612,2.639057,0.442466,0.415788,2.190333,0
405,智联备份,C34,2015,3.099942,79.0,1.647513,1.07209,1,,2.919004,4.084437,2.501225,6.466531,22.065486,0.766207,0.450896,0.693147,0.491697,0.398492,1.937418,1
405,智联备份,C34,2016,2.757051,62.2,1.369715,-0.902013,0,3.099942,2.909291,4.014385,2.047448,6.493697,22.133509,0.366139,0.150544,1.098612,0.297987,0.431756,2.742101,1
405,智联备份,C34,2017,2.886471,83.6,1.462184,-0.355653,0,2.757051,2.917569,2.123895,1.274807,6.344139,22.275173,0.692546,0.277103,1.386294,0.615823,0.302557,2.002077,1
405,智联备份,C34,2018,3.059619,91.6,1.601375,0.984025,1,2.886471,2.97573,9.408854,5.704866,6.600431,22.384341,0.405247,0.381578,1.609438,0.393903,0.337589,1.391137,1
405,智联备份,C34,2019,3.269835,94.8,1.782644,2.674835,1,3.059619,2.996514,12.257148,2.857813,6.670257,22.202278,0.300499,0.315243,1.791759,0.445772,0.361146,1.778994,1
405,智联备份,C34,2020,2.567841,55.0,1.208343,-1.984891,0,3.269835,2.973557,6.069957,2.125971,6.798424,22.301789,0.339648,-0.270601,1.94591,0.345242,0.395077,1.236031,1
405,智联备份,C34,2021,2.726919,68.8,1.341913,-1.048446,0,2.567841,3.068301,9.748188,2.109361,6.596972,22.410152,0.234473,0.133179,2.079442,0.398086,0.309066,0.514525,1
405,智联备份,C34,2022,2.73332,62.8,1.329488,-1.175329,0,2.726919,3.120611,8.315259,1.222226,6.72114,22.359931,0.444814,0.390214,2.197225,0.541589,0.310947,0.5,1
405,智联备份,C34,2023,2.90495,80.4,1.479393,-0.258486,0,2.73332,3.143566,7.888202,4.312811,6.555803,22.523936,0.358279,0.287569,2.302585,0.497807,0.397812,2.29025,1
406,信联材份,C13,2015,3.117171,95.2,1.650872,0.85474,1,,2.80418,7.452746,4.069056,6.755627,21.805297,0.460881,-0.169461,1.94591,0.370968,0.373832,2.154328,1
406,信联材份,C13,2016,3.248763,123.0,1.755979,2.291179,1,3.117171,2.77576,8.72315,4.762577,6.802172,21.887613,0.420813,0.142276,2.079442,0.37291,0.3892,1.979256,1
406,信联材份,C13,2017,3.244409,104.6,1.753978,1.916084,1,3.248763,2.873933,9.602112,4.975528,6.833856,21.923023,0.621335,0.304932,2.197225,0.192223,0.325366,1.336434,1
406,信联材份,C13,2018,3.232289,99.2,1.745588,2.038429,1,3.244409,2.827906,8.47814,2.9195,6.764898,22.040274,0.187255,-0.202697,2.302585,0.481765,0.423203,2.174956,1
406,信联材份,C13,2019,3.118281,99.2,1.649149,1.098153,1,3.232289,2.888119,9.207969,2.686981,6.588651,22.212994,0.308527,0.137914,2.397895,0.315661,0.384788,1.286054,1
406,信联材份,C13,2020,3.045493,98.2,1.579572,0.408926,1,3.118281,2.956023,7.028604,4.410029,6.623716,22.223522,0.555549,0.068207,2.484907,0.286791,0.468392,1.617399,1
406,信联材份,C13,2021,3.196743,100.8,1.705131,1.196744,1,3.045493,2.898254,5.815804,2.017505,6.763079,22.264654,0.606932,0.121949,2.564949,0.269597,0.315916,2.713839,1
406,信联材份,C13,2022,3.263432,122.0,1.76787,2.096953,1,3.196743,2.970123,13.064606,2.694415,6.55352,22.329894,0.369186,0.144305,2.639057,0.248727,0.342075,2.851363,1
406,信联材份,C13,2023,3.262817,97.0,1.76391,1.966176,1,3.263432,3.017775,8.528961,4.907102,6.720457,22.230325,0.524653,0.404591,2.70805,0.308087,0.350743,1.621983,1
479,远联电份,C27,2015,2.803148,61.8,1.384835,-0.625152,0,,2.865414,9.996672,3.164015,6.563771,20.557408,0.424904,0.322193,2.079442,0.274131,0.413925,1.709896,0
479,远联电份,C27,2016,2.596568,58.4,1.221519,-1.726867,0,2.803148,2.873392,11.784353,3.954729,6.68583,20.660089,0.147401,0.183636,2.197225,0.53278,0.33941,1.378583,0
479,远联电份,C27,2017,2.741026,70.6,1.335432,-0.92493,0,2.596568,2.8906,8.695972,4.686163,6.528771,20.537773,0.492798,-0.04891,2.302585,0.198059,0.400882,2.702287,0
479,远联电份,C27,2018,2.948882,77.8,1.507798,-0.097058,0,2.741026,2.869489,6.147527,3.064801,6.603186,20.982661,0.580543,0.223094,2.397895,0.357753,0.424086,2.061683,0
479,远联电份,C27,2019,2.713828,65.8,1.313203,-1.204947,0,2.948882,2.95314,8.779557,5.173472,6.583195,20.696282,0.472828,-0.126227,2.484907,0.539894,0.369627,1.304836,0
479,远联电份,C27,2020,2.638976,68.4,1.275823,-1.445634,0,2.713828,2.949801,8.947312,3.466401,6.675057,20.795437,0.348028,0.029392,2.564949,0.41356,0.332714,0.902532,0
479,远联电份,C27,2021,3.020606,78.6,1.587119,0.819216,0,2.638976,3.063247,7.758337,3.493602,6.422812,20.919567,0.288011,-0.115623,2.639057,0.230898,0.558567,1.62007,0
479,远联电份,C27,2022,2.764141,74.0,1.375865,-0.865045,0,3.020606,3.054296,9.06458,3.052276,6.585889,20.992235,0.339223,0.052681,2.70805,0.271423,0.333994,2.22552,0
479,远联电份,C27,2023,2.9143,64.6,1.486824,0.18501,0,2.764141,3.069781,11.725808,4.299558,6.66061,20.982263,0.603381,0.089918,2.772589,0.286871,0.442937,2.291253,0
482,中联智份,C34,2015,2.884555,73.8,1.464652,-0.175241,0,,2.931673,6.534442,4.741046,6.721188,21.187293,0.586607,0.027547,2.079442,0.311142,0.467173,1.661568,0
482,中联智份,C34,2016,3.264871,110.4,1.777563,2.429663,1,2.884555,2.879419,6.444744,5.24599,6.567141,21.183743,0.310502,0.331016,2.197225,0.392699,0.442966,0.5,0
482,中联智份,C34,2017,3.211179,93.4,1.74346,2.182082,1,3.264871,2.898469,6.318476,5.578372,6.614874,21.145284,0.211811,0.534827,2.302585,0.316657,0.285044,1.388916,0
482,中联智份,C34,2018,2.810141,72.8,1.40746,-0.521191,0,3.211179,2.990405,6.74143,5.36259,6.671149,21.464059,0.541447,0.348198,2.397895,0.362211,0.452467,1.567271,0
482,中联智份,C34,2019,3.01668,102.4,1.579142,0.672611,0,2.810141,3.011406,7.164245,4.72982,6.481186,21.320145,0.503782,0.023891,2.484907,0.05,0.388914,1.467746,0
482,中联智份,C34,2020,2.912684,81.6,1.468265,-0.265674,0,3.01668,2.953273,7.30207,4.39916,6.640172,21.463823,0.427772,0.334841,2.564949,0.444764,0.286345,1.849152,0
482,中联智份,C34,2021,3.194031,98.2,1.715401,1.649041,1,2.912684,3.040824,6.924612,4.952733,6.834745,21.522129,0.431093,-0.129336,2.639057,0.248073,0.278301,2.448076,0
482,中联智份,C34,2022,3.067348,101.4,1.612136,0.566439,0,3.194031,3.100962,11.22895,4.978037,6.691532,21.496855,0.22644,0.595359,2.70805,0.615823,0.400527,1.37921,0
482,中联智份,C34,2023,3.065746,102.6,1.619807,0.858253,0,3.067348,3.134107,4.435875,3.9598,6.637531,21.753429,0.368934,-0.402613,2.772589,0.141445,0.38409,1.830382,0
510,中联电份,C26,2015,2.467114,54.6,1.107436,-2.498549,0,,2.688682,4.17484,2.839322,6.537589,22.565445,0.466127,0.100283,2.944439,0.361552,0.322322,2.388882,0
510,中联电份,C26,2016,2.237571,34.2,0.900475,-3.452077,0,2.467114,2.771952,2.97871,1.811406,6.635015,22.615607,0.451183,0.12182,2.995732,0.2819,0.387258,1.761315,0
510,中联电份,C26,2017,2.684043,71.4,1.283593,-1.716415,0,2.237571,2.789443,5.19125,1.99973,6.762169,22.496604,0.675689,0.369782,3.044522,0.161984,0.368466,2.033596,0
510,中联电份,C26,2018,2.63894,47.6,1.259431,-1.872139,0,2.684043,2.748038,4.279839,2.397246,6.624142,22.762431,0.453902,0.079117,3.091042,0.423079,0.349738,2.683333,0
510,中联电份,C26,2019,2.626195,57.4,1.257233,-1.720401,0,2.63894,2.840496,7.077419,0.6343,6.552768,22.687712,0.328452,0.364467,3.135494,0.32129,0.34924,1.132057,0
510,中联电份,C26,2020,2.960898,89.8,1.506959,0.005691,1,2.626195,2.856413,5.929526,3.114899,6.774973,22.667365,0.564247,0.037245,3.178054,0.173046,0.361229,3.05059,0
510,中联电份,C26,2021,3.273609,117.2,1.766896,2.165566,1,2.960898,2.970657,3.969904,3.337722,6.879405,22.717273,0.592637,0.139539,3.218876,0.290245,0.367568,2.583208,0
510,中联电份,C26,2022,3.214261,116.2,1.726342,1.777763,1,3.273609,2.905247,6.890014,2.201164,6.59268,23.004683,0.368701,0.50617,3.258097,0.157941,0.306148,2.046721,0
510,中联电份,C26,2023,3.048556,99.4,1.584511,0.578647,1,3.214261,2.940552,6.459338,3.699978,6.551637,22.939375,0.611768,-0.172236,3.295837,0.357017,0.39306,1.185734,0
548,联联技份,C36,2015,2.510143,54.6,1.175354,-2.142736,0,,2.888143,2.280951,2.700463,6.718165,23.096223,0.574357,0.025637,2.484907,0.430103,0.377152,2.724043,0
548,联联技份,C36,2016,2.775784,63.2,1.395424,-0.508724,0,2.510143,2.883751,2.255321,2.26544,6.866135,23.173995,0.687593,0.010532,2.564949,0.39409,0.379466,2.634006,0
548,联联技份,C36,2017,2.486586,55.2,1.13086,-2.353741,0,2.775784,2.936901,2.393326,2.467969,6.494027,23.342167,0.49465,0.08775,2.639057,0.19622,0.363705,2.357008,0
548,联联技份,C36,2018,2.840269,60.0,1.422753,-0.536061,0,2.486586,2.995057,7.88725,2.915809,6.61892,23.186715,0.17713,0.238762,2.70805,0.06482,0.348768,1.755849,0
548,联联技份,C36,2019,2.683184,65.2,1.309764,-1.122211,0,2.840269,3.005565,7.114716,1.964671,6.657051,23.343353,0.27985,0.599614,2.772589,0.136242,0.381829,0.5,0
548,联联技份,C36,2020,2.628316,62.8,1.256456,-1.54469,0,2.683184,3.041792,4.854226,2.725555,6.516735,23.424514,0.294844,-0.044469,2.833213,0.48774,0.384421,0.5,0
548,联联技份,C36,2021,2.6988,55.6,1.328205,-1.024964,0,2.628316,2.967789,1.534396,2.111107,6.802477,23.480281,0.19597,-0.110167,2.890372,0.287392,0.407851,1.383677,0
548,联联技份,C36,2022,2.785784,68.0,1.384737,-0.578668,0,2.6988,3.034963,0.463359,2.745054,6.702568,23.553975,0.58155,-0.068945,2.944439,0.454079,0.452628,0.567075,0
548,联联技份,C36,2023,2.937177,71.2,1.500786,0.062365,0,2.785784,3.020214,2.546669,2.508749,6.383095,23.476474,0.602527,-0.12991,2.995732,0.200006,0.422981,2.541655,0
553,联联料份,C26,2015,2.904452,81.6,1.459977,-0.492518,1,,2.662956,8.74744,3.020658,6.870428,22.656508,0.614608,0.031849,1.609438,0.349638,0.307803,3.329386,0
553,联联料份,C26,2016,2.561843,53.4,1.210976,-1.863424,0,2.904452,2.752877,8.535506,2.699054,6.48768,22.620575,0.220961,0.34759,1.791759,0.183948,0.371373,1.758603,0
553,联联料份,C26,2017,2.678087,65.4,1.296739,-1.461179,0,2.561843,2.789794,7.148214,3.374082,6.631398,22.721087,0.345185,-0.022696,1.94591,0.428502,0.373619,1.848964,0
553,联联料份,C26,2018,3.267441,106.0,1.773708,2.360212,1,2.678087,2.711067,11.589091,2.591543,6.889606,22.610533,0.0521,-0.125546,2.079442,0.346524,0.442124,1.745906,0
553,联联料份,C26,2019,2.911512,67.4,1.467017,-0.492403,1,3.267441,2.823713,8.653476,1.168435,6.641157,22.703973,0.455772,-0.023802,2.197225,0.282212,0.389865,1.257523,0
553,联联料份,C26,2020,2.897557,90.0,1.461514,-0.621935,1,2.911512,2.860138,8.048176,4.160607,6.719075,22.886159,0.244231,0.299282,2.302585,0.615823,0.337105,1.89788,0
553,联联料份,C26,2021,2.994348,81.6,1.537814,0.055213,1,2.897557,2.987084,5.056237,1.260621,6.578546,22.807242,0.637144,0.083678,2.397895,0.179594,0.509725,2.52569,0
553,联联料份,C26,2022,2.8531,67.0,1.446323,-0.536973,1,2.994348,2.926492,7.132394,2.205627,6.624885,23.004909,0.462773,-0.207989,2.484907,0.147222,0.331733,1.758293,0
553,联联料份,C26,2023,2.561562,54.4,1.200397,-2.058573,0,2.8531,2.969199,6.03752,4.230579,6.577055,22.998732,0.39367,0.147797,2.564949,0.209816,0.406069,1.121073,0
573,华联科份,C40,2015,3.152118,106.6,1.676306,1.176556,1,,2.832956,9.445802,2.415002,6.588279,23.374456,0.440518,0.217604,1.386294,0.379902,0.329397,0.966966,1
573,华联科份,C40,2016,2.961249,95.0,1.515089,-0.158156,1,3.152118,2.940316,6.574704,1.941657,6.767007,23.421023,0.549828,-0.190853,1.609438,0.221866,0.290505,1.975747,1
573,华联科份,C40,2017,3.116415,116.0,1.624577,0.595328,1,2.961249,2.862736,11.924088,2.730316,6.725504,23.521659,0.0521,-0.422152,1.791759,0.164981,0.380605,2.963358,1
573,华联科份,C40,2018,3.060665,75.0,1.596851,0.456799,1,3.116415,2.9666,10.438594,4.009342,6.675131,23.4495,0.426539,0.27496,1.94591,0.081586,0.375942,1.275935,1
573,华联科份,C40,2019,2.972743,81.6,1.530888,0.373614,0,3.060665,3.017882,9.199828,2.122868,6.69352,23.47618,0.343746,0.381614,2.079442,0.513046,0.353653,1.902362,1
573,华联科份,C40,2020,3.020216,75.0,1.563548,0.084173,0,2.972743,3.026781,7.933689,2.497544,6.798537,23.520946,0.670725,0.241667,2.197225,0.143492,0.424743,1.213324,1
573,华联科份,C40,2021,3.272316,95.4,1.787589,2.15154,1,3.020216,3.075701,7.436796,3.308959,6.572702,23.518764,0.263706,0.15098,2.302585,0.272229,0.434408,1.804419,1
573,华联科份,C40,2022,3.265287,107.4,1.766241,2.0247,1,3.272316,3.079687,6.172646,1.612047,6.601808,23.727632,0.537981,0.336356,2.397895,0.408066,0.332328,1.509361,1
573,华联科份,C40,2023,3.251394,107.2,1.763067,1.638031,1,3.265287,3.113784,1.812004,1.487341,6.5168,23.759367,0.63252,0.401955,2.484907,0.112886,0.335514,3.115515,1
594,科联能份,C26,2015,2.54757,49.0,1.178016,-2.121223,0,,2.683949,1.142147,1.626963,6.835851,21.017297,0.621629,-0.159841,1.791759,0.473523,0.332598,1.985748,0
594,科联能份,C26,2016,2.766167,56.0,1.350275,-1.36076,0,2.54757,2.740858,6.101993,3.249616,6.581999,21.120356,0.444041,0.145637,1.94591,0.345097,0.376069,1.248984,0
594,科联能份,C26,2017,2.563743,52.0,1.199574,-2.119331,0,2.766167,2.79652,1.176632,2.156574,6.570757,21.159204,0.729128,-0.047885,2.079442,0.417727,0.300971,1.491432,0
594,科联能份,C26,2018,2.343376,48.4,1.04242,-2.642836,0,2.563743,2.765424,8.454528,3.681543,6.381641,21.202454,0.0521,0.253725,2.197225,0.345575,0.405156,2.587323,0
594,科联能份,C26,2019,2.753052,56.0,1.335825,-1.088319,1,2.343376,2.833034,3.978948,1.659919,6.699974,21.310296,0.401966,0.356517,2.302585,0.209305,0.318944,2.261353,0
594,科联能份,C26,2020,2.616569,53.8,1.237685,-1.875215,0,2.753052,2.876667,9.736981,1.894612,6.710611,21.261141,0.482923,0.290988,2.397895,0.35334,0.367459,2.545856,0
594,科联能份,C26,2021,2.792611,73.4,1.378946,-0.772955,0,2.616569,2.998951,4.627331,2.388956,6.911291,21.450737,0.453514,-0.043903,2.484907,0.34304,0.366088,2.502968,0
594,科联能份,C26,2022,2.779021,76.8,1.368464,-1.111154,0,2.792611,2.930849,10.644137,4.042835,6.496208,21.32254,0.218573,0.28372,2.564949,0.40118,0.341582,2.026611,0
594,科联能份,C26,2023,2.835137,66.6,1.418172,-0.544717,0,2.779021,2.953106,10.503516,1.614046,6.700167,21.466722,0.253388,0.446609,2.639057,0.293756,0.415382,1.70485,0
660,联联电份,C38,2015,3.019319,103.6,1.571249,0.33047,1,,2.823061,7.158199,5.304118,6.493017,22.994056,0.386465,0.524402,2.397895,0.361179,0.308189,1.374822,0
660,联联电份,C38,2016,3.179293,101.4,1.716035,1.543348,1,3.019319,2.92371,6.486196,2.745036,6.666992,22.907258,0.445174,0.00351,2.484907,0.467579,0.352326,1.971299,0
660,联联电份,C38,2017,3.198541,127.0,1.729543,1.581605,1,3.179293,2.902552,3.826806,4.982156,6.937888,22.955149,0.696433,0.428488,2.564949,0.466929,0.307714,1.663633,0
660,联联电份,C38,2018,3.142102,120.0,1.678937,1.061504,1,3.198541,2.864334,12.025801,4.592667,6.774815,23.052182,0.154941,0.094789,2.639057,0.238481,0.44225,0.873889,0
660,联联电份,C38,2019,3.251275,94.8,1.768786,2.003884,1,3.142102,2.867646,7.057107,2.442751,6.773799,23.042425,0.240251,0.026268,2.70805,0.388956,0.385482,1.812914,0
660,联联电份,C38,2020,3.250977,111.0,1.764128,1.964094,1,3.251275,2.829457,3.371996,3.571877,6.64936,23.239381,0.512509,0.053053,2.772589,0.415516,0.358736,2.130265,0
660,联联电份,C38,2021,3.266722,109.2,1.782663,2.151841,1,3.250977,2.960254,6.996174,5.217707,6.756851,23.244946,0.520378,0.269067,2.833213,0.306603,0.334707,1.728518,0
660,联联电份,C38,2022,3.274672,115.6,1.78677,2.344919,1,3.266722,2.975851,6.229567,1.737572,7.073458,23.337948,0.325889,-0.277818,2.890372,0.373238,0.392879,3.083456,0
660,联联电份,C38,2023,3.272492,117.8,1.791365,2.059608,1,3.274672,2.927739,6.00995,3.000239,6.539553,23.379325,0.385839,0.041194,2.944439,0.401612,0.305305,2.348592,0
678,科联电份,C35,2015,2.561671,56.2,1.196054,-2.17596,0,,2.853131,9.714056,3.472684,6.57345,20.640757,0.312841,-0.105312,3.044522,0.309323,0.337347,0.893263,0
678,科联电份,C35,2016,2.959104,70.6,1.500452,-0.479439,1,2.561671,2.973602,12.297309,5.216401,6.660481,20.665519,0.526577,0.178245,3.091042,0.297925,0.426192,1.534564,0
678,科联电份,C35,2017,2.632319,60.4,1.266005,-1.666942,0,2.959104,2.912905,7.717884,2.479904,6.543359,20.727252,0.550286,0.182595,3.135494,0.101243,0.303581,1.862979,0
678,科联电份,C35,2018,2.569265,50.6,1.211467,-1.8413,0,2.632319,2.878491,11.736414,3.415499,6.541348,20.836049,0.179223,0.33401,3.178054,0.4923,0.390175,0.5,0
678,科联电份,C35,2019,2.64813,57.0,1.273207,-1.742769,0,2.569265,2.850519,11.360585,2.768485,6.666486,21.083027,0.339085,-0.19668,3.218876,0.353713,0.450719,2.250265,0
678,科联电份,C35,2020,2.237571,35.6,0.906372,-3.455885,0,2.64813,2.986776,12.63513,1.799084,6.421319,20.844809,0.365414,-0.097487,3.258097,0.217195,0.332402,0.75323,0
678,科联电份,C35,2021,2.508139,44.0,1.166919,-2.313691,0,2.237571,2.884217,12.596219,4.095882,6.459369,20.940336,0.404961,-0.292634,3.295837,0.24371,0.316481,1.138307,0
678,科联电份,C35,2022,2.984019,89.2,1.542414,-0.069901,0,2.508139,3.034414,8.565988,3.041209,6.513542,20.973566,0.421733,0.039868,3.332205,0.491797,0.398836,1.854246,0
678,科联电份,C35,2023,3.010808,97.6,1.556911,0.541437,0,2.984019,3.087661,8.755679,2.808947,6.554786,21.045898,0.547183,-0.119247,3.367296,0.268797,0.313374,1.936202,0
693,创联材份,C36,2015,2.875554,61.0,1.448047,-0.381002,1,,2.863782,4.887182,1.552377,6.782439,23.529085,0.157265,0.202149,0.693147,0.309563,0.544759,0.5,0
693,创联材份,C36,2016,2.724224,74.2,1.329217,-1.50155,0,2.875554,2.887189,0.633156,2.694701,6.821672,23.823238,0.539965,-0.058194,1.098612,0.392506,0.295921,2.133204,0
693,创联材份,C36,2017,3.202095,96.6,1.733177,2.193805,1,2.724224,2.8892,8.247392,2.709676,6.981761,23.896377,0.292204,0.220701,1.386294,0.429102,0.337075,1.828255,0
693,创联材份,C36,2018,3.051069,102.2,1.593948,0.868562,1,3.202095,2.981003,5.253218,1.643132,6.644164,23.853204,0.702972,0.399191,1.609438,0.367815,0.411817,2.510282,0
693,创联材份,C36,2019,3.05466,88.8,1.606858,0.714439,1,3.051069,2.9808,6.093281,2.301033,6.818493,23.767539,0.592228,0.329138,1.791759,0.325901,0.462181,2.867394,0
693,创联材份,C36,2020,2.863678,80.2,1.445286,-0.584481,0,3.05466,3.026101,4.293703,1.462775,6.908057,23.846456,0.529559,-0.094513,1.94591,0.414719,0.412813,1.243392,0
693,创联材份,C36,2021,2.319032,45.6,1.037586,-2.712365,0,2.863678,2.993107,4.88081,1.059915,6.462274,23.96855,0.473641,0.131312,2.079442,0.401531,0.422129,1.645891,0
693,创联材份,C36,2022,2.721054,72.6,1.336178,-0.843208,0,2.319032,3.039279,3.305311,2.888849,6.632941,24.058897,0.507279,0.164001,2.197225,0.254911,0.350764,2.249843,0
693,创联材份,C36,2023,2.853109,79.6,1.432813,-0.417059,0,2.721054,3.025819,3.935703,1.675081,6.498019,24.036496,0.386407,0.462345,2.302585,0.157014,0.384667,1.815551,0
791,联联材份,C13,2015,2.832096,80.8,1.413833,-0.541794,0,,2.820949,7.377909,1.785496,6.599674,21.033278,0.323163,0.16082,2.484907,0.465893,0.375101,1.446482,0
791,联联材份,C13,2016,2.804107,59.8,1.389796,-0.855319,0,2.832096,2.801917,3.345841,2.029168,6.538407,21.0498,0.464313,-0.094706,2.564949,0.23085,0.349388,3.039798,0
791,联联材份,C13,2017,2.728899,54.0,1.335725,-1.382744,0,2.804107,2.904257,6.763574,2.392252,6.54179,21.163945,0.328851,0.124107,2.639057,0.182267,0.430949,2.104226,0
791,联联材份,C13,2018,2.607985,59.2,1.241287,-1.486904,0,2.728899,2.86463,8.066645,3.482787,6.490819,21.238195,0.184291,0.385168,2.70805,0.431904,0.336498,1.801983,0
791,联联材份,C13,2019,2.608245,64.8,1.244387,-1.915839,0,2.607985,2.918121,2.953071,2.348331,6.510202,21.291678,0.576336,-0.248165,2.772589,0.280237,0.391323,3.116243,0
791,联联材份,C13,2020,2.675277,51.2,1.292571,-1.646475,0,2.608245,2.977801,2.451177,4.191822,6.580292,21.284834,0.383901,0.202896,2.833213,0.233612,0.474826,2.044184,0
791,联联材份,C13,2021,2.780965,59.6,1.362663,-0.921968,0,2.675277,2.922711,6.9704,1.908166,6.567472,21.517997,0.557538,0.314032,2.890372,0.357996,0.410678,1.808715,0
791,联联材份,C13,2022,2.881795,76.6,1.460206,-0.157846,0,2.780965,2.992573,8.729322,3.015837,6.488385,21.520144,0.426888,0.000729,2.944439,0.343921,0.45695,1.855621,0
791,联联材份,C13,2023,2.927818,89.0,1.495177,-0.116059,0,2.881795,3.037481,6.016709,3.915077,6.741759,21.550136,0.509834,-0.091317,2.995732,0.321646,0.405545,1.402871,0
795,智联备份,C27,2015,2.337462,36.4,1.047283,-2.84313,0,,2.887589,0.032422,2.274766,6.513007,23.632967,0.465762,0.202212,2.772589,0.196251,0.346387,0.765055,0
795,智联备份,C27,2016,2.413504,38.8,1.073413,-2.929073,0,2.337462,2.882109,3.116239,2.647716,6.633211,23.663631,0.412109,0.163559,2.833213,0.293345,0.337048,1.348573,0
795,智联备份,C27,2017,2.331284,46.4,1.049722,-2.729938,0,2.413504,2.910112,5.759089,2.58373,6.99364,23.551261,0.384457,0.131164,2.890372,0.210636,0.42859,2.037147,0
795,智联备份,C27,2018,2.733518,52.8,1.334151,-1.165761,0,2.331284,2.879744,-0.765198,1.002514,6.874142,23.983204,0.592407,-0.084128,2.944439,0.412303,0.391692,2.279216,0
795,智联备份,C27,2019,2.935244,73.8,1.500317,-0.195104,1,2.733518,2.942596,2.562467,4.818074,6.850046,23.799418,0.460629,0.599614,2.995732,0.348967,0.282991,1.720555,0
795,智联备份,C27,2020,2.791185,75.4,1.377309,-0.726311,0,2.935244,2.942553,-0.765198,2.394671,6.417565,23.984959,0.532932,-0.05683,3.044522,0.32436,0.411396,1.251228,0
795,智联备份,C27,2021,2.728725,66.6,1.345872,-1.050395,0,2.791185,3.077146,1.898114,2.178275,6.809196,23.897807,0.247213,0.36311,3.091042,0.162536,0.395358,1.315537,0
795,智联备份,C27,2022,3.085342,87.8,1.62323,0.955368,1,2.728725,3.039,0.568633,3.403592,6.667084,24.015126,0.384487,0.320837,3.135494,0.261983,0.364673,2.69186,0
795,智联备份,C27,2023,2.883036,83.6,1.46845,-0.293468,0,3.085342,3.07127,-0.765198,1.895099,6.929072,24.025658,0.638443,-0.039686,3.178054,0.274734,0.368873,1.919983,0
797,通联械份,C39,2015,3.018795,100.0,1.572601,0.312193,1,,2.780102,9.179318,4.515551,6.630327,23.114965,0.388002,0.311925,1.098612,0.4446,0.431468,2.251178,0
797,通联械份,C39,2016,2.903368,70.2,1.471937,-0.474451,1,3.018795,2.815005,5.404152,1.372435,6.506222,23.215915,0.251786,0.216145,1.386294,0.256134,0.439306,1.1155,0
797,通联械份,C39,2017,3.052191,89.8,1.608499,0.925631,1,2.903368,2.891403,9.987492,4.083478,6.687976,23.477838,0.167885,0.270183,1.609438,0.326538,0.46331,1.022391,0
797,通联械份,C39,2018,3.10761,80.0,1.657486,0.977709,1,3.052191,2.907534,6.081253,2.625223,6.906804,23.415588,0.397068,-0.191455,1.791759,0.178609,0.337023,1.838244,0
797,通联械份,C39,2019,2.532871,58.4,1.181107,-1.838439,0,3.10761,2.906425,4.822589,3.999829,6.583332,23.595905,0.396646,-0.254314,1.94591,0.126152,0.371975,1.184124,0
797,通联械份,C39,2020,2.662588,57.0,1.276622,-1.500106,0,2.532871,3.064721,4.517546,1.267221,6.722805,23.737092,0.615529,-0.30082,2.079442,0.153043,0.351004,2.868509,0
797,通联械份,C39,2021,2.657254,51.0,1.30543,-1.32565,0,2.662588,2.983266,3.72889,2.660235,6.631298,23.769033,0.551025,-0.093146,2.197225,0.157621,0.333394,2.836842,0
797,通联械份,C39,2022,2.745772,54.4,1.357244,-1.13676,0,2.657254,3.042254,8.59212,3.0581,6.44031,23.817875,0.092503,0.216742,2.302585,0.161974,0.338203,2.593639,0
797,通联械份,C39,2023,2.54498,57.2,1.198253,-2.078524,0,2.745772,3.02943,4.557331,2.41024,6.803061,23.820822,0.65426,-0.115468,2.397895,0.20508,0.441265,0.715345,0
931,科联械份,C40,2015,3.104833,81.6,1.643566,0.840083,1,,2.835105,5.00132,5.173376,6.596509,22.655407,0.417348,0.368748,2.995732,0.355692,0.423872,0.756268,1
931,科联械份,C40,2016,2.923387,94.2,1.49314,-0.127105,0,3.104833,2.942037,4.187933,2.433314,6.969565,22.764506,0.40835,-0.211388,3.044522,0.292525,0.370365,2.174896,1
931,科联械份,C40,2017,3.208042,88.8,1.711286,1.510821,1,2.923387,2.858571,-0.670149,1.839244,6.605891,22.795396,0.367178,-0.44873,3.091042,0.276464,0.391014,2.73384,1
931,科联械份,C40,2018,3.073358,81.2,1.595789,0.484915,1,3.208042,2.966023,-0.611265,1.322171,6.744419,22.654487,0.611983,-0.03482,3.135494,0.271899,0.446718,1.937563,1
931,科联械份,C40,2019,3.201923,99.2,1.715165,1.825063,1,3.073358,3.007464,-0.699318,3.605818,6.701119,22.815219,0.476076,-0.236368,3.178054,0.312215,0.347171,1.205263,1
931,科联械份,C40,2020,3.268999,99.8,1.77673,2.175242,1,3.201923,3.015472,0.221689,2.574167,6.882456,22.743232,0.316926,0.057271,3.218876,0.204962,0.356705,2.707867,1
931,科联械份,C40,2021,3.268516,104.4,1.766125,2.204607,1,3.268999,3.075874,-0.765198,2.877558,6.821816,22.836839,0.491711,0.207614,3.258097,0.084891,0.25,2.928846,1
931,科联械份,C40,2022,3.106771,107.0,1.629722,0.715062,0,3.268516,3.086892,3.064502,4.222097,6.706766,22.968394,0.055721,0.361358,3.295837,0.569715,0.399703,2.17934,1
931,科联械份,C40,2023,3.042188,97.8,1.571374,0.524384,0,3.106771,3.123294,-0.765198,1.388217,6.702338,23.222943,0.41482,-0.10738,3.332205,0.324376,0.34608,2.571162,1
975,中联智份,C26,2015,2.894403,90.4,1.442645,-0.77272,1,,2.663547,6.335676,2.104523,6.473645,22.470291,0.521058,-0.093,2.833213,0.371332,0.296929,2.169966,1
975,中联智份,C26,2016,3.151434,104.6,1.670221,1.209654,1,2.894403,2.718195,8.131327,5.155077,6.581443,22.592243,0.388398,0.075856,2.890372,0.078916,0.435488,2.275612,1
975,中联智份,C26,2017,3.235777,109.6,1.742187,1.656841,1,3.151434,2.756988,7.3623,2.132486,6.650698,22.746319,0.269001,-0.049675,2.944439,0.368739,0.331966,2.896946,1
975,中联智份,C26,2018,3.023484,88.6,1.571973,0.229857,1,3.235777,2.725418,6.923492,2.989696,6.673735,22.77817,0.324936,0.166452,2.995732,0.136054,0.403782,2.707438,1
975,中联智份,C26,2019,3.111888,105.6,1.634317,0.74017,1,3.023484,2.811926,1.711461,3.334047,6.711947,22.790286,0.498401,0.315498,3.044522,0.525786,0.449091,3.492281,1
975,中联智份,C26,2020,3.179291,93.8,1.685075,1.359796,1,3.111888,2.843566,5.457366,3.090599,6.675884,22.644907,0.390758,0.336593,3.091042,0.600955,0.343504,1.405757,1
975,中联智份,C26,2021,3.278001,101.8,1.78226,2.247816,1,3.179291,2.970398,8.118445,3.241213,6.741174,22.887571,0.215307,0.206186,3.135494,0.271743,0.353711,1.769226,1
975,中联智份,C26,2022,3.271143,133.6,1.761519,2.084577,1,3.278001,2.901901,4.913425,2.401368,6.733697,22.942185,0.618194,0.157852,3.178054,0.345813,0.372533,1.372909,1
975,中联智份,C26,2023,3.260406,93.8,1.773051,2.301851,1,3.271143,2.928091,5.685584,3.555364,6.816349,22.970241,0.339657,0.035405,3.218876,0.350921,0.386199,1.955623,1
2118,创联子份,C27,2015,2.875058,88.6,1.446669,-0.387956,0,,2.861989,2.959932,1.984168,7.007794,22.844599,0.693797,-0.16419,1.94591,0.261018,0.388342,0.641959,1
2118,创联子份,C27,2016,2.8819,82.0,1.463681,-0.424269,0,2.875058,2.859804,4.814548,2.404776,6.637449,23.187492,0.536913,0.309987,2.079442,0.37122,0.46107,1.900118,1
2118,创联子份,C27,2017,2.999647,100.2,1.54711,0.577002,1,2.8819,2.878285,3.228631,2.00444,6.633136,23.069363,0.185708,-0.44873,2.197225,0.385176,0.300486,2.016753,1
2118,创联子份,C27,2018,3.267899,113.4,1.791381,2.833182,1,2.999647,2.854298,7.49247,3.059703,6.908064,23.028976,0.364811,0.385653,2.302585,0.217663,0.312858,2.84009,1
2118,创联子份,C27,2019,3.196945,96.2,1.707091,1.697942,1,3.267899,2.930134,7.890485,4.033274,6.505645,23.275294,0.594343,0.018565,2.397895,0.171818,0.373078,0.5,1
2118,创联子份,C27,2020,3.26424,106.0,1.771186,2.410924,1,3.196945,2.920026,7.393187,5.112053,6.737955,23.240388,0.494217,0.220422,2.484907,0.385222,0.388315,1.591009,1
2118,创联子份,C27,2021,3.270522,118.8,1.783852,2.598162,1,3.26424,3.051346,4.421804,3.969969,6.573613,23.422094,0.411625,0.423917,2.564949,0.314429,0.386602,1.546513,1
2118,创联子份,C27,2022,3.255284,102.4,1.770774,2.3217,1,3.270522,3.030908,4.304676,3.169046,6.733229,23.342264,0.598167,-0.351429,2.639057,0.369765,0.394693,1.193312,1
2118,创联子份,C27,2023,3.253494,104.2,1.773492,2.281072,1,3.255284,3.053629,7.766178,4.16929,6.688312,23.340432,0.376575,0.379893,2.70805,0.268301,0.405108,1.667841,1
2152,联联械份,C40,2015,2.764767,71.0,1.359735,-1.17534,0,,2.850563,13.718263,3.238135,6.941961,20.714656,0.124153,-0.274663,2.833213,0.265176,0.354161,2.087832,0
2152,联联械份,C40,2016,2.94094,85.4,1.497358,-0.336884,0,2.764767,2.941239,10.545324,3.056333,6.738135,20.972924,0.29544,0.164019,2.890372,0.181212,0.395921,1.767346,0
2152,联联械份,C40,2017,3.07132,88.0,1.604981,0.804186,1,2.94094,2.864786,10.180761,3.435313,6.713457,20.912729,0.388647,-0.053194,2.944439,0.462025,0.411902,1.618283,0
2152,联联械份,C40,2018,2.912575,82.6,1.463154,-0.553659,0,3.07132,2.973332,10.987468,2.824751,6.511558,20.967914,0.501453,-0.147221,2.995732,0.383398,0.354594,2.653994,0
2152,联联械份,C40,2019,2.826089,80.0,1.401272,-0.994001,0,2.912575,3.024548,12.365479,3.788807,6.535552,21.094032,0.323315,0.102286,3.044522,0.198774,0.347056,1.242262,0
2152,联联械份,C40,2020,3.05385,78.0,1.595527,0.391943,0,2.826089,3.025252,8.366124,4.051892,6.747738,20.976275,0.563638,0.291651,3.091042,0.180498,0.356502,2.404586,0
2152,联联械份,C40,2021,2.73528,73.8,1.321905,-1.305916,0,3.05385,3.100112,12.289016,3.000717,6.388243,21.127976,0.323375,0.112709,3.135494,0.137417,0.343684,2.533543,0
2152,联联械份,C40,2022,2.959981,86.2,1.522669,-0.068738,0,2.73528,3.093564,12.115718,3.958327,6.87001,21.176796,0.271085,0.216815,3.178054,0.156115,0.327912,1.568814,0
2152,联联械份,C40,2023,2.880964,73.2,1.458659,-0.53948,0,2.959981,3.130622,14.815956,3.359466,6.402069,21.276755,0.0521,-0.078931,3.218876,0.411656,0.398055,0.5,0
2170,信联料份,C39,2015,2.354593,36.2,1.078626,-2.423189,0,,2.827545,7.921381,1.568951,6.22892,21.286137,0.228619,0.118454,1.386294,0.306213,0.333567,1.268795,0
2170,信联料份,C39,2016,2.628193,65.4,1.234236,-1.913256,0,2.354593,2.83466,11.867974,4.967733,6.310643,21.312871,0.417978,-0.101205,1.609438,0.354818,0.360128,2.39902,0
2170,信联料份,C39,2017,2.734368,63.0,1.331273,-1.397803,0,2.628193,2.914105,14.501721,3.476333,6.362276,21.404169,0.350621,0.28275,1.791759,0.268558,0.362087,2.788146,0
2170,信联料份,C39,2018,2.47217,55.0,1.144004,-2.361755,0,2.734368,2.952922,11.925655,3.903254,6.581206,21.46078,0.516295,0.22809,1.94591,0.343544,0.429864,1.060751,0
2170,信联料份,C39,2019,2.570607,47.8,1.207968,-1.810839,0,2.47217,2.903729,12.709836,4.088667,6.583279,21.397161,0.585546,0.411355,2.079442,0.526113,0.379541,2.060562,0
2170,信联料份,C39,2020,2.989794,83.4,1.561764,0.132044,0,2.570607,3.041349,11.417518,3.740868,6.581197,21.715242,0.364806,-0.166203,2.197225,0.346113,0.465952,1.968262,0
2170,信联料份,C39,2021,2.934498,76.2,1.505197,-0.055339,0,2.989794,2.963463,14.214623,3.573641,6.523618,21.745873,0.290355,0.264187,2.302585,0.279044,0.334593,0.5,0
2170,信联料份,C39,2022,2.886144,80.0,1.469308,-0.324079,0,2.934498,3.032227,13.386773,2.27496,6.657415,21.676123,0.5985,-0.067918,2.397895,0.348901,0.361908,1.227765,0
2170,信联料份,C39,2023,2.555497,60.6,1.211565,-1.899042,0,2.886144,3.028679,12.499842,4.208286,6.514511,21.764613,0.572788,0.547331,2.484907,0.214436,0.427003,1.249359,0
2189,信联科份,C27,2015,2.655808,65.6,1.288264,-1.361756,0,,2.87243,12.193796,3.632042,6.706895,22.540215,0.482601,0.313328,2.890372,0.403604,0.44867,1.68777,0
2189,信联科份,C27,2016,2.91066,74.2,1.478965,-0.542183,0,2.655808,2.858435,12.400668,2.620382,6.493347,22.910635,0.539196,0.117217,2.944439,0.101556,0.499697,0.731912,0
2189,信联科份,C27,2017,2.749938,57.0,1.376559,-0.723458,0,2.91066,2.890176,9.311596,1.812628,6.506206,22.642466,0.379835,-0.279734,2.995732,0.191545,0.338069,2.101303,0
2189,信联科份,C27,2018,2.511412,54.8,1.176207,-2.001571,0,2.749938,2.890321,10.048777,4.325087,6.569015,22.923299,0.558711,0.342776,3.044522,0.551731,0.353035,1.570403,0
2189,信联科份,C27,2019,3.088458,82.6,1.611334,1.066051,1,2.511412,2.9353,10.716012,2.183779,7.030105,22.878762,0.440857,0.085624,3.091042,0.259267,0.397826,0.78251,0
2189,信联科份,C27,2020,2.854272,64.4,1.442919,-0.449608,0,3.088458,2.939549,9.509317,2.463573,6.88415,23.027693,0.382431,-0.084405,3.135494,0.541497,0.378933,2.376239,0
2189,信联科份,C27,2021,2.975545,99.4,1.53087,0.030924,0,2.854272,3.065393,9.800388,4.427252,6.722176,22.927676,0.547654,0.247981,3.178054,0.295513,0.325574,2.763167,0
2189,信联科份,C27,2022,3.25833,102.8,1.77687,2.262991,1,2.975545,3.030763,10.765955,2.948084,6.680491,23.152004,0.583173,0.069298,3.218876,0.178111,0.398026,2.650874,0
2189,信联科份,C27,2023,3.264541,104.8,1.798704,2.695241,1,3.25833,3.053103,8.016774,1.052143,6.629698,23.112359,0.458678,-0.382091,3.258097,0.189642,0.330725,1.667732,0
2209,通联备份,C35,2015,3.107739,107.6,1.643365,1.100093,1,,2.803489,6.452286,2.223413,6.66296,22.873138,0.228877,0.10977,2.197225,0.256219,0.345425,2.753218,1
2209,通联备份,C35,2016,3.277465,106.6,1.795762,2.195057,1,3.107739,2.94466,5.159897,3.759242,6.762995,23.100377,0.269239,-0.328984,2.302585,0.340407,0.387179,2.126108,1
2209,通联备份,C35,2017,3.267327,120.4,1.793647,2.493097,1,3.277465,2.855177,6.038083,3.212346,6.686494,22.952486,0.457467,0.09104,2.397895,0.076767,0.395607,1.044729,1
2209,通联备份,C35,2018,2.97103,94.8,1.526618,0.067512,1,3.267327,2.841967,4.425507,3.450999,6.860054,23.080646,0.424165,-0.281775,2.484907,0.430563,0.339537,1.685442,1
2209,通联备份,C35,2019,2.809967,78.0,1.415919,-0.606501,0,2.97103,2.835806,2.433258,3.094043,6.956941,23.173281,0.229687,0.512554,2.564949,0.422981,0.367014,1.796144,1
2209,通联备份,C35,2020,3.204276,100.2,1.738136,2.086624,1,2.809967,2.898894,4.357837,2.417071,6.638755,23.151794,0.454552,0.115083,2.639057,0.372928,0.386104,2.159613,1
2209,通联备份,C35,2021,2.869122,79.8,1.435908,-0.555786,0,3.204276,2.8514,4.692166,0.627182,6.590531,23.184813,0.383516,-0.186615,2.70805,0.548939,0.358437,1.752495,1
2209,通联备份,C35,2022,2.903396,87.8,1.471784,-0.114179,0,2.869122,3.041743,5.201136,3.489653,6.685788,23.419059,0.389212,0.103125,2.772589,0.326981,0.348311,1.289673,1
2209,通联备份,C35,2023,3.013647,93.4,1.569249,0.417328,0,2.903396,3.087403,6.057193,3.35499,6.916142,23.459126,0.177156,0.252562,2.833213,0.577978,0.28845,1.413644,1
2222,创联智份,C13,2015,2.644264,57.6,1.270138,-1.864296,0,,2.831998,7.190804,4.074903,6.425262,22.27183,0.411462,0.016132,2.397895,0.38071,0.39845,2.08641,0
2222,创联智份,C13,2016,2.718442,67.4,1.321845,-1.113616,0,2.644264,2.806956,-0.106189,2.899739,6.581157,22.285098,0.771127,0.284229,2.484907,0.358838,0.354048,2.644498,0
2222,创联智份,C13,2017,2.717312,62.2,1.334039,-1.452259,0,2.718442,2.904939,6.462657,2.429474,6.667511,22.206524,0.405693,0.150331,2.564949,0.50639,0.382986,1.13424,0
2222,创联智份,C13,2018,2.980696,84.4,1.536616,0.251812,1,2.717312,2.842706,12.199179,4.099432,6.789819,22.289811,0.307487,0.076224,2.639057,0.224509,0.378182,1.019101,0
2222,创联智份,C13,2019,3.18032,86.8,1.700377,1.65172,1,2.980696,2.884469,10.655683,4.846203,6.64708,22.271066,0.092492,0.026491,2.70805,0.368959,0.470359,2.718385,0
2222,创联智份,C13,2020,2.843484,73.0,1.431238,-0.531181,0,3.18032,2.967906,8.246069,2.627586,6.657997,22.606124,0.366698,0.248886,2.772589,0.312659,0.308946,0.579083,0
2222,创联智份,C13,2021,2.838291,68.4,1.409596,-1.051287,0,2.843484,2.919339,7.715585,1.760675,6.783983,22.624712,0.229276,-0.251766,2.833213,0.300203,0.444038,0.668892,0
2222,创联智份,C13,2022,3.019281,96.0,1.560323,0.302817,0,2.838291,2.984485,11.616004,3.365577,6.628992,22.645812,0.370564,0.251173,2.890372,0.451795,0.351307,2.243615,0
2222,创联智份,C13,2023,3.212636,110.4,1.722363,1.917594,1,3.019281,3.020727,9.866021,4.565077,6.883296,22.459975,0.504332,0.19958,2.944439,0.393979,0.380548,2.397346,0
2284,联联科份,C39,2015,3.074831,75.4,1.621676,0.633241,1,,2.7761,3.105934,2.484479,6.860528,24.463462,0.259476,-0.44873,2.833213,0.354052,0.352752,3.014095,0
2284,联联科份,C39,2016,2.672575,66.2,1.291338,-1.606115,0,3.074831,2.83149,2.396705,1.848365,6.69883,24.619546,0.406106,0.435019,2.890372,0.254734,0.386782,1.836464,0
2284,联联科份,C39,2017,2.932116,67.8,1.496829,-0.041578,1,2.672575,2.89998,3.594552,1.097223,6.842814,24.589876,0.162465,0.262255,2.944439,0.265424,0.386402,2.181343,0
2284,联联科份,C39,2018,2.670421,66.8,1.289211,-1.573426,0,2.932116,2.938761,2.654305,0.620507,6.718664,24.747821,0.470383,0.099177,2.995732,0.395369,0.402256,2.189627,0
2284,联联科份,C39,2019,2.789342,59.6,1.390844,-0.965584,0,2.670421,2.888105,3.676179,2.529402,6.789074,24.748529,0.226508,0.339252,3.044522,0.363446,0.380239,3.354425,0
2284,联联科份,C39,2020,3.147485,98.6,1.68123,1.278769,1,2.789342,3.030085,2.995102,1.3326,7.031791,24.864581,0.3822,0.006285,3.091042,0.461211,0.3611,1.811469,0
2284,联联科份,C39,2021,2.897913,74.2,1.489179,0.054055,0,3.147485,2.966076,4.846297,3.456712,6.453232,24.790368,0.209337,0.080177,3.135494,0.317748,0.336733,0.612436,0
2284,联联科份,C39,2022,3.124525,95.0,1.6696,1.259634,1,2.897913,3.0152,6.516732,3.156442,6.729671,24.955201,0.534007,0.116386,3.178054,0.32386,0.354234,2.74446,0
2284,联联科份,C39,2023,3.051671,107.0,1.598429,0.735984,0,3.124525,2.993238,7.801049,2.334387,6.961552,24.979414,0.403851,-0.195045,3.218876,0.240412,0.384809,1.532966,0
2285,华联能份,C13,2015,2.451289,52.2,1.120833,-2.282503,0,,2.843349,7.655155,1.282604,6.381691,23.628833,0.186629,0.275548,2.079442,0.204543,0.444168,2.614671,0
2285,华联能份,C13,2016,2.446037,54.8,1.116198,-2.479901,0,2.451289,2.822979,2.898034,1.259661,6.76875,23.643379,0.307065,0.135491,2.197225,0.258221,0.414751,2.553421,0
2285,华联能份,C13,2017,2.965295,70.4,1.525741,0.064534,1,2.446037,2.890351,6.120918,1.190157,6.584062,23.782249,0.464843,-0.020902,2.302585,0.392902,0.429503,2.656738,0
2285,华联能份,C13,2018,2.485256,44.6,1.127138,-2.144454,0,2.965295,2.871849,9.904848,1.740109,6.597839,23.635777,0.081124,0.081601,2.397895,0.283202,0.373353,3.121196,0
2285,华联能份,C13,2019,2.686045,55.2,1.29759,-1.297101,0,2.485256,2.913544,3.085398,3.247083,6.664065,23.735209,0.40857,0.006106,2.484907,0.208168,0.416867,1.824237,0
2285,华联能份,C13,2020,3.006642,71.4,1.543983,0.271794,0,2.686045,2.958309,3.927592,3.853403,6.674798,23.782517,0.426406,0.199618,2.564949,0.298191,0.333355,1.754419,0
2285,华联能份,C13,2021,2.938697,69.4,1.511318,-0.271411,1,3.006642,2.913433,4.937141,2.590395,6.639331,24.121838,0.384214,0.072704,2.639057,0.197086,0.384171,0.608158,0
2285,华联能份,C13,2022,3.07797,98.6,1.605355,0.609152,1,2.938697,2.981033,8.796913,3.242333,6.716841,23.98529,0.534977,-0.131337,2.70805,0.363485,0.391429,2.636717,0
2285,华联能份,C13,2023,2.989107,96.0,1.53507,-0.10861,0,3.07797,3.033876,7.32883,3.253507,6.880991,24.005449,0.455396,0.10096,2.772589,0.47712,0.304995,2.193486,0
2299,科联技份,C40,2015,2.548799,61.6,1.187005,-2.171537,0,,2.86038,3.759972,3.170311,6.795539,22.129292,0.428456,-0.160869,1.609438,0.150612,0.347453,1.454419,0
2299,科联技份,C40,2016,2.889568,72.8,1.451975,-0.281897,0,2.548799,2.943574,4.804355,2.903816,6.653738,22.273609,0.360786,0.10618,1.791759,0.426518,0.282084,2.036328,0
2299,科联技份,C40,2017,2.61881,61.6,1.247665,-1.750132,0,2.889568,2.885354,5.05641,3.230579,6.755476,22.217439,0.419359,-0.29453,1.94591,0.429596,0.343459,3.152438,0
2299,科联技份,C40,2018,2.864928,81.2,1.43433,-0.675064,0,2.61881,2.975497,9.184169,3.074221,6.6459,22.182252,0.390329,0.13887,2.079442,0.378705,0.361281,1.252513,0
2299,科联技份,C40,2019,3.119789,87.8,1.638023,1.050469,1,2.864928,3.011198,6.888851,1.171438,6.497317,22.334964,0.38653,-0.362147,2.197225,0.501965,0.371419,2.427634,0
2299,科联技份,C40,2020,3.101888,78.8,1.632743,0.787127,0,3.119789,3.023068,6.177929,3.617052,6.852159,22.353571,0.494264,-0.319532,2.302585,0.420466,0.432288,1.140958,0
2299,科联技份,C40,2021,2.74901,61.2,1.347126,-1.029973,0,3.101888,3.099487,4.941428,3.819018,6.54817,22.473356,0.640707,0.018618,2.397895,0.366769,0.345918,1.575109,0
2299,科联技份,C40,2022,2.744205,70.2,1.34487,-1.133811,0,2.74901,3.103372,10.193981,2.724921,6.632556,22.578286,0.33048,0.104929,2.484907,0.380956,0.470659,0.843267,0
2299,科联技份,C40,2023,2.908275,70.6,1.492574,-0.01354,0,2.744205,3.129381,8.25795,4.528867,6.687583,22.607129,0.134057,0.312343,2.564949,0.343553,0.40959,3.243375,0
2302,新联械份,C34,2015,2.960518,68.6,1.513858,0.177942,1,,2.927205,5.189942,5.146414,6.731241,21.68733,0.213849,0.262905,2.890372,0.179374,0.370948,0.931725,0
2302,新联械份,C34,2016,2.679649,60.2,1.311485,-1.279634,0,2.960518,2.913844,0.434456,1.962895,6.716641,21.89702,0.451546,-0.249311,2.944439,0.514201,0.332255,1.987224,0
2302,新联械份,C34,2017,2.854357,81.8,1.424593,-0.495101,0,2.679649,2.919458,3.261173,1.649997,6.478435,21.836483,0.703092,0.310262,2.995732,0.084299,0.374162,2.318212,0
2302,新联械份,C34,2018,2.906057,69.0,1.476793,-0.009608,0,2.854357,2.984763,6.846537,3.581259,6.43684,21.881437,0.0521,-0.054407,3.044522,0.615823,0.353181,1.817136,0
2302,新联械份,C34,2019,2.298635,45.0,1.021805,-2.759526,0,2.906057,3.053644,5.176957,4.743913,6.567989,21.900825,0.100468,0.106074,3.091042,0.266795,0.365654,1.163554,0
2302,新联械份,C34,2020,2.790553,57.2,1.375574,-0.727185,0,2.298635,2.960457,7.857022,4.761658,6.388774,21.891393,0.36633,0.391343,3.135494,0.379966,0.306233,1.892881,0
2302,新联械份,C34,2021,2.72264,71.6,1.326986,-1.304182,0,2.790553,3.068553,7.090511,3.804813,6.462927,21.975118,0.327113,0.214002,3.178054,0.339109,0.366446,1.008628,0
2302,新联械份,C34,2022,2.670766,64.0,1.274185,-1.698764,0,2.72264,3.12429,9.322426,5.141186,6.707598,22.014959,0.231511,0.277496,3.218876,0.53911,0.39166,1.787169,0
2302,新联械份,C34,2023,2.922129,71.8,1.495079,-0.276347,0,2.670766,3.142556,8.733563,3.171558,6.496172,22.321359,0.229546,0.278282,3.258097,0.386361,0.38496,2.664805,0
2306,科联能份,C40,2015,2.744664,60.8,1.320289,-1.236934,0,,2.851477,4.273104,4.065214,6.711987,23.684039,0.414813,0.149978,3.044522,0.134426,0.438864,2.716621,1
2306,科联能份,C40,2016,3.105918,94.0,1.637035,1.32707,1,2.744664,2.93374,11.173216,5.082114,6.425765,23.679031,0.131641,0.471275,3.091042,0.135729,0.390677,2.401553,1
2306,科联能份,C40,2017,2.851166,78.8,1.421632,-0.619481,0,3.105918,2.874793,3.948418,1.723548,6.466028,23.727177,0.578907,-0.076754,3.135494,0.288888,0.385338,1.858227,1
2306,科联能份,C40,2018,2.694272,57.8,1.298513,-1.507519,0,2.851166,2.983254,7.833044,2.086854,6.714976,23.855324,0.479153,0.135679,3.178054,0.330116,0.449899,2.305793,1
2306,科联能份,C40,2019,2.918179,81.2,1.484264,-0.303327,0,2.694272,3.020362,3.832567,4.566529,6.703036,23.81502,0.298094,0.079912,3.218876,0.407984,0.306539,2.338019,1
2306,科联能份,C40,2020,2.870409,74.2,1.42035,-0.745169,0,2.918179,3.03359,7.177543,5.23935,6.681895,23.989391,0.212568,0.137246,3.258097,0.44417,0.366369,1.940431,1
2306,科联能份,C40,2021,3.129262,87.8,1.660172,1.37669,0,2.870409,3.082203,6.823199,3.714862,6.747524,23.943746,0.404468,0.149989,3.295837,0.378755,0.437571,2.303444,1
2306,科联能份,C40,2022,2.972386,86.0,1.504705,-0.326291,0,3.129262,3.093,1.802669,2.532838,6.68986,24.011631,0.396164,-0.047272,3.332205,0.456806,0.419442,2.215838,1
2306,科联能份,C40,2023,3.258306,115.0,1.756456,1.958519,1,2.972386,3.11347,8.133559,3.919789,6.933824,24.113867,0.590572,0.348732,3.367296,0.427328,0.275031,1.800898,1
2384,中联备份,C29,2015,2.420178,49.2,1.116731,-2.523252,0,,2.731989,7.213471,2.901172,6.579548,21.947773,0.401498,-0.105445,2.995732,0.487066,0.330752,2.032321,0
2384,中联备份,C29,2016,2.286433,44.8,1.001566,-2.942992,0,2.420178,2.64346,11.506354,3.42919,6.515052,22.217838,0.187934,0.319722,3.044522,0.568927,0.427135,2.752203,0
2384,中联备份,C29,2017,2.397138,48.0,1.062873,-2.88485,0,2.286433,2.761552,6.758864,2.473768,6.407482,22.240783,0.42752,0.113344,3.091042,0.228974,0.417971,2.486361,0
2384,中联备份,C29,2018,2.441967,43.2,1.11671,-2.607925,0,2.397138,2.778105,11.396483,3.38178,6.335351,22.168145,0.526403,0.545923,3.135494,0.495842,0.407556,1.622823,0
2384,中联备份,C29,2019,2.5405,59.4,1.191396,-2.120502,0,2.441967,2.795016,6.616485,4.467574,6.511433,22.33074,0.339971,-0.00427,3.178054,0.279571,0.388359,1.658409,0
2384,中联备份,C29,2020,2.670351,67.4,1.298184,-1.428515,0,2.5405,2.808265,3.562668,1.813531,6.450581,22.423443,0.572546,0.078019,3.218876,0.288477,0.361947,1.814014,0
2384,中联备份,C29,2021,2.575826,63.2,1.226959,-1.694,0,2.670351,2.850392,8.812104,4.117014,6.606153,22.351695,0.270321,0.212584,3.258097,0.345052,0.411181,2.520386,0
2384,中联备份,C29,2022,2.739842,56.2,1.350392,-0.926678,0,2.575826,2.894782,5.855108,4.690684,6.755362,22.334743,0.619721,0.168142,3.295837,0.336659,0.415718,0.5,0
2384,中联备份,C29,2023,2.900074,87.2,1.489226,-0.195154,0,2.739842,2.950795,10.320371,2.724967,6.745319,22.405843,0.176059,0.041636,3.332205,0.383147,0.428002,1.981806,0
2450,中联能份,C40,2015,3.064128,76.6,1.596916,0.32955,1,,2.836956,13.653897,4.459678,6.557689,22.95598,0.197109,0.250355,0.0,0.215007,0.381661,2.698538,1
2450,中联能份,C40,2016,3.268891,112.0,1.778602,2.367395,1,3.064128,2.926332,11.134723,3.89888,7.047129,22.976262,0.567978,0.510931,0.693147,0.523308,0.365324,2.185117,1
2450,中联能份,C40,2017,3.248705,114.6,1.739853,1.829003,1,3.268891,2.856723,6.442543,4.164621,6.755252,23.026488,0.647929,0.189863,1.098612,0.266966,0.365646,1.331738,1
2450,中联能份,C40,2018,3.25656,109.4,1.755669,1.880258,1,3.248705,2.957696,14.310048,4.250329,6.773095,23.1297,0.224915,-0.033413,1.386294,0.284607,0.33052,1.938369,1
2450,中联能份,C40,2019,3.259815,98.0,1.761604,2.147862,1,3.25656,3.004833,12.216837,4.393537,6.392857,23.046459,0.323837,0.04733,1.609438,0.198239,0.25,1.734968,1
2450,中联能份,C40,2020,3.26773,120.4,1.775631,2.159098,1,3.259815,3.01553,12.523108,4.207254,6.716228,23.287968,0.193169,0.256544,1.791759,0.209199,0.389983,2.243348,1
2450,中联能份,C40,2021,3.220128,116.6,1.722009,1.666643,0,3.26773,3.078073,12.135313,3.426011,6.466529,23.442237,0.167561,0.147118,1.94591,0.294798,0.473805,2.949144,1
2450,中联能份,C40,2022,3.261932,94.2,1.751189,1.841158,1,3.220128,3.079839,11.186835,1.918987,6.722283,23.323874,0.241809,-0.298791,2.079442,0.251203,0.418547,1.856545,1
2450,中联能份,C40,2023,3.261663,114.8,1.774823,2.223982,1,3.261932,3.113318,8.112689,3.167092,6.689876,23.440809,0.487155,-0.289206,2.197225,0.416258,0.298894,1.402891,1
2451,远联子份,C40,2015,2.810233,56.6,1.382221,-0.960734,0,,2.848496,4.486474,4.965424,6.668,21.02083,0.565972,0.530808,0.0,0.293648,0.361295,3.523876,0
2451,远联子份,C40,2016,2.659801,62.2,1.271035,-1.593407,0,2.810233,2.954018,5.885445,1.551543,6.65758,21.007777,0.44637,0.2531,0.693147,0.316194,0.399054,2.151503,0
2451,远联子份,C40,2017,2.732953,66.6,1.322077,-1.435452,0,2.659801,2.880166,10.165242,3.311579,6.574734,20.989811,0.362678,0.097299,1.098612,0.614395,0.461981,2.694775,0
2451,远联子份,C40,2018,2.760947,63.2,1.345599,-1.156837,0,2.732953,2.980224,8.496847,3.215978,6.94617,21.256728,0.444572,0.167796,1.386294,0.422568,0.318601,1.724245,0
2451,远联子份,C40,2019,2.63339,61.4,1.247566,-1.838029,0,2.760947,3.033307,1.562952,3.355204,6.481773,21.400114,0.655112,0.199373,1.609438,0.133191,0.338879,2.578509,0
2451,远联子份,C40,2020,2.73329,69.4,1.343181,-1.142878,0,2.63339,3.039823,7.176981,1.946143,6.468954,21.462097,0.534536,0.077666,1.791759,0.207767,0.351528,1.309024,0
2451,远联子份,C40,2021,2.686629,68.0,1.284548,-1.579027,0,2.73329,3.102323,12.289976,4.753027,6.146406,21.324986,0.255107,0.096992,1.94591,0.589259,0.343656,2.479891,0
2451,远联子份,C40,2022,3.274552,95.8,1.783296,1.89367,1,2.686629,3.079266,7.4811,3.396531,6.733179,21.361024,0.405753,0.142311,2.079442,0.391806,0.399134,1.837955,0
2451,远联子份,C40,2023,3.200567,113.8,1.713538,1.587548,0,3.274552,3.116095,10.01474,4.900992,6.558376,21.44094,0.364172,-0.02379,2.197225,0.444881,0.374113,2.034395,0
2495,新联材份,C34,2015,3.114331,85.6,1.647289,1.196736,1,,2.918157,9.858827,5.188549,6.558849,21.752953,0.427451,0.430226,2.639057,0.601216,0.41186,2.286002,1
2495,新联材份,C34,2016,2.797327,73.4,1.394337,-0.627442,0,3.114331,2.906922,5.874173,1.536962,6.668715,21.848808,0.460185,0.22527,2.70805,0.422265,0.375634,1.489627,1
2495,新联材份,C34,2017,2.931363,86.6,1.495333,0.142865,0,2.797327,2.914928,2.64594,2.427911,6.501719,21.889453,0.732354,-0.07669,2.772589,0.496862,0.433215,3.302505,1
2495,新联材份,C34,2018,2.916033,73.4,1.481549,-0.472522,0,2.931363,2.984176,2.865304,1.941624,6.661977,21.866683,0.754089,0.110197,2.833213,0.144189,0.465706,1.927708,1
2495,新联材份,C34,2019,3.177461,116.4,1.70316,1.892052,1,2.916033,3.001948,2.113738,3.019157,6.713064,22.02773,0.493881,-0.115534,2.890372,0.320204,0.448898,2.516441,1
2495,新联材份,C34,2020,3.25434,95.8,1.761056,2.452555,1,3.177461,2.933175,6.740747,4.76475,6.79604,22.141862,0.276982,0.416276,2.944439,0.387411,0.286667,2.146013,1
2495,新联材份,C34,2021,3.266388,119.4,1.781421,2.632815,1,3.25434,3.036567,4.76818,2.019102,6.683221,22.131587,0.395591,-0.25095,2.995732,0.261632,0.343633,2.147315,1
2495,新联材份,C34,2022,3.258553,105.4,1.763343,2.309003,1,3.266388,3.089715,8.126335,2.958515,6.721413,22.38222,0.33368,-0.086482,3.044522,0.129737,0.310191,2.037709,1
2495,新联材份,C34,2023,3.277343,126.2,1.790503,2.448387,1,3.258553,3.121661,9.897189,5.33585,6.930063,22.403929,0.32385,0.237823,3.091042,0.148042,0.425048,1.271875,1
2517,创联械份,C39,2015,2.683423,49.4,1.310746,-1.520555,0,,2.804058,3.169019,3.580666,6.459821,20.932046,0.646857,0.599614,1.609438,0.361059,0.334698,1.626809,0
2517,创联械份,C39,2016,2.718131,51.4,1.324217,-1.183021,1,2.683423,2.828236,5.632303,4.695347,6.712307,20.99853,0.426792,0.205069,1.791759,0.301264,0.427086,2.513017,0
2517,创联械份,C39,2017,2.70387,64.6,1.324689,-1.14753,0,2.718131,2.916283,3.319448,3.649379,6.386794,20.957121,0.535565,-0.038037,1.94591,0.269611,0.345269,1.248821,0
2517,创联械份,C39,2018,2.756039,57.8,1.363259,-0.688445,0,2.70387,2.932646,6.340228,3.164671,6.468647,20.982536,0.239303,-0.029135,2.079442,0.422304,0.368084,0.736792,0
2517,创联械份,C39,2019,2.86073,84.2,1.440179,-0.740745,1,2.756039,2.883006,7.338233,4.702088,6.473932,20.863655,0.197662,0.123767,2.197225,0.394389,0.362517,2.603115,0
2517,创联械份,C39,2020,2.811058,58.4,1.407519,-0.754581,0,2.86073,3.054116,2.31058,4.331295,6.691104,21.159394,0.580953,0.372984,2.302585,0.428889,0.314776,1.638511,0
2517,创联械份,C39,2021,2.870173,83.4,1.433527,-0.525365,0,2.811058,2.968057,8.893499,5.667322,6.578042,21.152381,0.088521,0.148636,2.397895,0.615823,0.366634,1.975223,0
2517,创联械份,C39,2022,3.143368,97.6,1.690727,1.802511,1,2.870173,3.013854,6.78976,1.756465,6.416776,21.253086,0.302984,-0.216535,2.484907,0.459794,0.42213,1.244707,0
2517,创联械份,C39,2023,3.014771,88.8,1.580872,0.648899,0,3.143368,2.995874,5.809253,4.915159,6.617594,21.394428,0.626839,-0.068897,2.564949,0.268108,0.358271,2.26799,0
2560,创联备份,C26,2015,2.40326,47.6,1.081091,-2.754329,0,,2.692438,9.727761,2.783932,6.378302,21.869975,0.55089,0.175971,2.70805,0.514794,0.342156,2.520925,0
2560,创联备份,C26,2016,2.597275,55.4,1.233301,-1.819579,0,2.40326,2.750793,6.76337,1.06722,6.678444,22.020706,0.388556,-0.298006,2.772589,0.388343,0.408109,1.260992,0
2560,创联备份,C26,2017,2.752934,75.0,1.342477,-1.460083,1,2.597275,2.785391,10.874795,3.31361,6.429525,21.799839,0.462147,0.151837,2.833213,0.321557,0.392482,1.625992,0
2560,创联备份,C26,2018,2.674308,58.6,1.273794,-1.842049,0,2.752934,2.745957,11.025631,2.847982,6.775156,22.085104,0.3851,-0.168918,2.890372,0.37362,0.408206,1.753126,0
2560,创联备份,C26,2019,2.737594,60.4,1.343957,-1.316947,0,2.674308,2.833943,9.246419,2.921402,6.711409,22.047487,0.711922,0.280741,2.944439,0.219644,0.295499,2.11131,0
2560,创联备份,C26,2020,2.755837,70.4,1.352171,-1.008052,0,2.737594,2.868475,6.939621,2.577006,6.590034,22.136467,0.565283,-0.17147,2.995732,0.499577,0.404364,1.876919,0
2560,创联备份,C26,2021,2.450748,42.6,1.115198,-2.517869,0,2.755837,3.01906,7.129401,2.503579,6.877858,22.165319,0.541689,-0.072761,3.044522,0.417541,0.451908,2.134479,0
2560,创联备份,C26,2022,2.799462,69.6,1.371364,-0.844238,0,2.450748,2.929647,5.344611,2.589513,6.646265,22.124611,0.380015,-0.172264,3.091042,0.144231,0.374635,1.796029,0
2560,创联备份,C26,2023,2.531262,43.2,1.174885,-2.054144,0,2.799462,2.970981,9.549042,0.620507,6.29873,22.285988,0.351797,0.029139,3.135494,0.46229,0.380432,2.542765,0
2573,科联技份,C40,2015,2.998953,86.0,1.553448,0.172447,1,,2.839918,5.029729,2.930513,6.826222,23.459824,0.36857,0.035132,2.70805,0.471574,0.363672,1.783086,0
2573,科联技份,C40,2016,3.100293,83.8,1.625105,0.557267,1,2.998953,2.933996,9.73256,1.787091,6.669006,23.50325,0.417746,0.141472,2.772589,0.571545,0.363155,2.105701,0
2573,科联技份,C40,2017,3.202874,90.4,1.719347,1.30373,1,3.100293,2.858806,6.001704,2.674956,6.564016,23.482848,0.553891,0.17109,2.833213,0.359131,0.418502,2.31173,0
2573,科联技份,C40,2018,2.963881,92.6,1.520285,-0.203944,0,3.202874,2.971,9.887464,5.126248,6.949962,23.610109,0.318031,0.30239,2.890372,0.150858,0.325798,0.705443,0
2573,科联技份,C40,2019,2.833024,79.6,1.40994,-1.033375,0,2.963881,3.024232,4.185413,3.306298,6.802938,23.622003,0.643536,0.311632,2.944439,0.443001,0.414259,2.292413,0
2573,科联技份,C40,2020,3.13322,108.4,1.648052,1.266703,1,2.833024,3.021644,7.104954,2.048331,6.795766,23.562368,0.483292,-0.121055,2.995732,0.079446,0.309848,1.212323,0
2573,科联技份,C40,2021,3.250051,95.2,1.750544,2.227445,1,3.13322,3.076713,7.54358,4.247505,6.509861,23.887421,0.482005,-0.023904,3.044522,0.227299,0.492861,2.063673,0
2573,科联技份,C40,2022,3.008231,99.8,1.553262,0.295248,0,3.250051,3.091371,4.601089,3.305178,6.568118,23.787599,0.545672,-0.083845,3.091042,0.344171,0.260301,1.573005,0
2573,科联技份,C40,2023,3.103812,88.6,1.655433,1.170179,0,3.008231,3.120493,8.326041,3.847302,6.697395,23.888051,0.346577,0.170342,3.135494,0.079422,0.315712,1.273617,0
2597,远联备份,C27,2015,2.928173,83.0,1.481599,-0.032587,1,,2.85946,5.778962,4.351236,6.579461,22.204626,0.451524,0.052281,2.995732,0.400365,0.453754,2.624807,0
2597,远联备份,C27,2016,2.869113,73.4,1.448006,-0.765559,0,2.928173,2.860413,5.852924,3.596712,6.741544,22.264943,0.459748,0.208532,3.044522,0.338568,0.3124,1.294482,0
2597,远联备份,C27,2017,3.143376,85.8,1.681243,1.601078,1,2.869113,2.871441,8.218378,3.247182,6.577022,22.301265,0.29582,0.036921,3.091042,0.468843,0.369025,1.538036,0
2597,远联备份,C27,2018,2.550235,61.2,1.197602,-2.021073,0,3.143376,2.888472,8.016041,2.411471,6.924424,22.375593,0.400922,0.338942,3.135494,0.448538,0.346143,1.454473,0
2597,远联备份,C27,2019,2.853876,68.2,1.428337,-0.314946,0,2.550235,2.946471,6.164565,1.721243,6.368894,22.340829,0.169822,0.261713,3.178054,0.441127,0.327759,1.886248,0
2597,远联备份,C27,2020,2.82339,80.8,1.401383,-0.654286,0,2.853876,2.941019,3.421473,3.407159,6.558713,22.632868,0.487003,0.17555,3.218876,0.405288,0.428001,2.059152,0
2597,远联备份,C27,2021,3.278001,107.6,1.807783,2.602331,1,2.82339,3.05099,2.680226,4.909815,6.690472,22.472216,0.570455,-0.348644,3.258097,0.362115,0.43697,1.829506,0
2597,远联备份,C27,2022,3.246814,108.0,1.763512,1.987728,1,3.278001,3.031311,2.966906,4.265622,6.766234,22.476793,0.326125,-0.055358,3.295837,0.240677,0.358526,1.092601,0
2597,远联备份,C27,2023,3.054455,75.2,1.60371,0.849655,0,3.246814,3.063107,5.328342,3.559315,6.701779,22.65333,0.28723,-0.037667,3.332205,0.353086,0.434713,0.599948,0
2616,中联械份,C38,2015,2.76583,68.4,1.374738,-1.031193,0,,2.841168,8.203784,4.849941,6.626895,20.195847,0.253586,0.156751,2.079442,0.183515,0.405958,2.025434,0
2616,中联械份,C38,2016,2.935471,90.4,1.504269,-0.277803,0,2.76583,2.941126,7.95533,1.665858,6.802007,20.562385,0.497679,0.170355,2.197225,0.338173,0.365062,1.201048,0
2616,中联械份,C38,2017,3.150735,94.8,1.678556,0.694083,1,2.935471,2.905967,8.26555,3.307335,6.534814,20.706264,0.491839,0.004866,2.302585,0.385196,0.317706,1.504109,0
2616,中联械份,C38,2018,2.993215,84.8,1.560289,0.292257,1,3.150735,2.874969,3.957031,5.007382,7.01233,20.800362,0.492893,-0.084731,2.397895,0.302291,0.363755,0.984625,0
2616,中联械份,C38,2019,2.928615,72.4,1.494039,-0.432307,0,2.993215,2.890693,9.283316,4.104701,6.563108,20.670914,0.099992,0.020855,2.484907,0.352489,0.430094,2.114365,0
2616,中联械份,C38,2020,2.692531,67.0,1.304758,-1.507902,0,2.928615,2.869346,7.245388,4.514025,6.472779,20.90082,0.452201,0.186468,2.564949,0.065708,0.348377,1.898183,0
2616,中联械份,C38,2021,2.941804,71.8,1.503855,-0.385132,1,2.692531,2.983463,7.423116,2.650532,6.754651,20.755001,0.360266,0.377018,2.639057,0.500229,0.380048,1.719879,0
2616,中联械份,C38,2022,3.088943,80.4,1.642445,0.890266,0,2.941804,2.989117,8.616327,4.360762,6.490807,20.963763,0.236919,0.085909,2.70805,0.263153,0.327944,2.136147,0
2616,中联械份,C38,2023,2.789854,73.2,1.383742,-1.052686,0,3.088943,2.962214,8.773556,3.778713,6.77926,20.946238,0.131747,0.047752,2.772589,0.261367,0.365432,2.27128,0
2630,创联备份,C36,2015,2.823451,69.8,1.407456,-0.459447,0,,2.867256,3.375069,3.516988,6.524174,19.961846,0.539343,0.044866,2.772589,0.324665,0.356529,0.785987,1
2630,创联备份,C36,2016,2.801916,65.0,1.394477,-0.536131,0,2.823451,2.882009,6.00755,2.116416,6.423027,20.319077,0.450755,-0.215605,2.833213,0.481273,0.416592,1.134962,1
2630,创联备份,C36,2017,2.976706,75.2,1.55038,0.417088,1,2.801916,2.904226,7.046787,5.561002,6.438269,20.186075,0.258844,-0.026026,2.890372,0.389231,0.378181,2.770231,1
2630,创联备份,C36,2018,2.866816,80.6,1.462695,-0.135661,0,2.976706,2.993287,0.979441,3.766266,6.447217,20.518324,0.430815,-0.44873,2.944439,0.269831,0.312147,2.209479,1
2630,创联备份,C36,2019,3.183599,97.6,1.721931,1.893617,1,2.866816,2.972204,14.815956,2.832542,6.529992,20.509494,0.393779,0.320543,2.995732,0.318217,0.402518,1.538189,1
2630,创联备份,C36,2020,2.861185,70.0,1.446985,-0.788843,0,3.183599,3.026267,7.086814,5.435872,6.230269,20.510828,0.231745,0.134699,3.044522,0.615823,0.418834,1.731951,1
2630,创联备份,C36,2021,2.655461,62.4,1.271579,-1.55306,0,2.861185,2.970678,7.080556,4.194924,6.815092,20.662804,0.221042,0.089817,3.091042,0.554799,0.424017,1.713799,1
2630,创联备份,C36,2022,3.080614,94.2,1.630104,1.157775,1,2.655461,3.015308,5.643821,3.644488,6.650307,20.631147,0.476223,0.195783,3.135494,0.219784,0.255556,1.050003,1
2630,创联备份,C36,2023,2.996689,95.4,1.543921,0.31128,0,3.080614,3.016247,6.226609,4.651791,6.63993,20.73063,0.209807,0.197459,3.178054,0.339237,0.403191,1.996487,1
2649,智联机份,C29,2015,2.789741,65.4,1.39169,-0.973574,1,,2.71519,3.634153,0.620507,6.816968,23.200396,0.473857,-0.206469,2.890372,0.341341,0.324643,1.212728,0
2649,智联机份,C29,2016,2.385036,47.0,1.08798,-2.62326,0,2.789741,2.638979,2.413892,2.896887,6.721911,23.299092,0.547211,0.296903,2.944439,0.432565,0.46657,1.079145,0
2649,智联机份,C29,2017,2.506817,53.4,1.164626,-2.425222,0,2.385036,2.756566,-0.765198,2.57193,6.840479,23.465641,0.635393,0.036895,2.995732,0.184947,0.448843,3.090958,0
2649,智联机份,C29,2018,3.049716,84.6,1.593597,0.365924,1,2.506817,2.75048,4.009216,4.51567,6.569798,23.320846,0.676224,0.093112,3.044522,0.31401,0.419256,0.525084,0
2649,智联机份,C29,2019,2.879425,63.2,1.457378,-0.664418,1,3.049716,2.77961,5.143507,3.448361,6.540014,23.570213,0.253586,0.062701,3.091042,0.07342,0.405426,1.585178,0
2649,智联机份,C29,2020,2.773503,71.8,1.376161,-1.056187,0,2.879425,2.803577,3.718925,2.49454,6.870848,23.513696,0.345476,-0.012968,3.135494,0.207999,0.450572,2.401421,0
2649,智联机份,C29,2021,2.919576,70.8,1.499549,-0.053209,1,2.773503,2.834767,4.943949,2.905565,6.765759,23.712085,0.450693,0.177423,3.178054,0.352101,0.346929,1.707357,0
2649,智联机份,C29,2022,2.75956,70.0,1.355051,-1.198094,0,2.919576,2.893885,3.333439,1.581313,6.71466,23.734512,0.425109,-0.057496,3.218876,0.496767,0.367481,1.3564,0
2649,智联机份,C29,2023,2.799542,58.8,1.384495,-1.239354,0,2.75956,2.955365,1.916525,3.038892,6.668593,23.775462,0.595086,0.156677,3.258097,0.320473,0.37808,0.666527,0
2650,智联装份,C26,2015,2.807233,65.4,1.400512,-0.844561,1,,2.668675,4.992054,3.197627,6.415809,22.976962,0.277073,-0.289282,2.772589,0.386552,0.409005,2.196605,0
2650,智联装份,C26,2016,2.911996,69.8,1.459893,-0.181171,1,2.807233,2.73228,5.15909,4.171963,6.801912,23.110296,0.304355,-0.016632,2.833213,0.615823,0.285767,1.912925,0
2650,智联装份,C26,2017,3.047291,75.8,1.563341,0.236826,1,2.911996,2.768076,2.875183,2.190306,6.788736,23.088746,0.67591,-0.036479,2.890372,0.339832,0.400827,0.887204,0
2650,智联装份,C26,2018,2.748775,73.6,1.324876,-1.13538,1,3.047291,2.741577,7.445138,5.651799,6.632376,23.196955,0.292825,0.226724,2.944439,0.394711,0.364213,2.183706,0
2650,智联装份,C26,2019,3.1505,91.0,1.677532,1.253373,1,2.748775,2.809655,6.033421,2.892915,6.644487,23.281001,0.205467,0.099684,2.995732,0.401504,0.334366,2.161951,0
2650,智联装份,C26,2020,2.727293,71.4,1.333309,-1.237796,0,3.1505,2.870154,8.890688,3.672731,6.493277,23.205125,0.284104,0.137627,3.044522,0.229184,0.354695,0.884773,0
2650,智联装份,C26,2021,2.992032,99.4,1.537372,0.006428,1,2.727293,2.98722,4.59077,4.698285,6.726189,23.518185,0.485814,0.068081,3.091042,0.399339,0.328764,1.077338,0
2650,智联装份,C26,2022,3.184569,95.8,1.687257,1.19482,1,2.992032,2.906993,4.040286,3.191864,6.721689,23.504932,0.589273,-0.396196,3.135494,0.412379,0.351617,2.380081,0
2650,智联装份,C26,2023,3.228775,117.0,1.729482,1.651033,1,3.184569,2.929951,7.729127,2.746423,6.891639,23.547718,0.248752,-0.150143,3.178054,0.094326,0.371364,1.356797,0
2691,信联材份,C35,2015,3.135742,92.6,1.662077,0.891007,1,,2.800943,9.991002,3.848649,6.705861,23.078209,0.591214,0.265038,0.0,0.088963,0.366359,3.138108,1
2691,信联材份,C35,2016,3.213992,89.4,1.722319,1.515375,1,3.135742,2.95043,14.815956,3.626392,6.691989,23.174242,0.163431,0.001764,0.693147,0.397053,0.452985,2.266586,1
2691,信联材份,C35,2017,2.928306,78.8,1.495079,-0.281345,1,3.213992,2.885997,10.93022,1.695575,6.347097,23.046579,0.509089,-0.098786,1.098612,0.250063,0.408597,2.875879,1
2691,信联材份,C35,2018,3.007545,75.2,1.555458,0.398454,1,2.928306,2.838647,10.73998,3.415291,6.606065,23.029356,0.668146,0.313532,1.386294,0.223584,0.360507,2.087893,1
2691,信联材份,C35,2019,3.25147,97.6,1.75457,1.859343,1,3.007545,2.795669,7.731574,4.24889,6.601304,23.115237,0.47147,0.236616,1.609438,0.05,0.418736,0.548113,1
2691,信联材份,C35,2020,3.218756,128.0,1.745258,1.798457,1,3.25147,2.897577,12.96213,5.740731,6.887064,23.308736,0.174114,-0.190332,1.791759,0.355842,0.430557,1.72463,1
2691,信联材份,C35,2021,3.07155,103.0,1.626782,0.994454,1,3.218756,2.832998,14.815956,2.848104,6.552659,23.422656,0.061807,-0.076547,1.94591,0.186132,0.397849,1.041566,1
2691,信联材份,C35,2022,3.008909,90.2,1.557311,0.261168,1,3.07155,3.032151,11.770848,1.034606,6.690263,23.390345,0.288386,0.010687,2.079442,0.180177,0.416468,3.197742,1
2691,信联材份,C35,2023,3.029701,95.6,1.561476,0.219061,0,3.008909,3.085943,12.38599,4.34102,6.607316,23.579156,0.484482,-0.057819,2.197225,0.359838,0.35728,1.637452,1
2693,中联科份,C27,2015,3.26981,95.0,1.785976,2.547022,1,,2.843192,1.003235,4.246577,6.777856,21.692898,0.491452,-0.087243,2.397895,0.384738,0.267974,3.523876,0
2693,中联科份,C27,2016,3.269661,100.4,1.784794,2.841516,1,3.26981,2.84134,9.971819,4.188074,6.64822,21.823102,0.3848,0.207229,2.484907,0.41325,0.415279,1.973204,0
2693,中联科份,C27,2017,3.266609,107.8,1.786789,2.704428,1,3.269661,2.865573,4.83451,2.413634,6.879958,21.969534,0.362402,-0.44873,2.564949,0.093041,0.375749,1.160706,0
2693,中联科份,C27,2018,3.266933,98.4,1.775847,2.675084,1,3.266609,2.854344,7.679253,2.850215,6.706903,22.117073,0.386701,0.067824,2.639057,0.209926,0.326075,1.699443,0
2693,中联科份,C27,2019,3.083046,91.4,1.615605,0.720446,1,3.266933,2.935558,8.268513,3.810176,6.939003,22.197428,0.172857,-0.197021,2.70805,0.136285,0.356415,1.871103,0
2693,中联科份,C27,2020,3.237662,95.4,1.756142,2.224886,1,3.083046,2.921292,4.651464,1.834982,6.582972,22.209819,0.431721,0.043287,2.772589,0.30074,0.310837,2.626923,0
2693,中联科份,C27,2021,3.206164,113.4,1.73731,2.010754,1,3.237662,3.054411,9.049018,4.524286,6.801986,22.152835,0.48562,0.076496,2.833213,0.239666,0.297634,1.923066,0
2693,中联科份,C27,2022,3.197975,101.0,1.713159,1.694382,1,3.206164,3.033637,8.09587,2.546965,6.552203,22.114537,0.294583,0.08329,2.890372,0.338276,0.288864,3.523876,0
2693,中联科份,C27,2023,3.223755,101.0,1.728699,2.007416,1,3.197975,3.055045,5.791483,1.941572,6.575039,22.236366,0.671163,0.284735,2.944439,0.341812,0.386123,2.158654,0
2699,中联机份,C35,2015,2.836375,66.8,1.410365,-0.876487,1,,2.828158,5.98274,2.37706,6.636567,22.522831,0.497029,-0.081093,1.386294,0.35736,0.387285,2.630364,0
2699,中联机份,C35,2016,2.7378,64.2,1.327045,-1.426599,0,2.836375,2.99372,7.513153,2.64593,6.569048,22.615779,0.667782,0.085507,1.609438,0.298737,0.336352,2.66929,0
2699,中联机份,C35,2017,2.84216,81.2,1.435022,-0.419762,0,2.7378,2.893828,10.558591,3.652334,6.576467,22.644655,0.41651,0.066915,1.791759,0.45976,0.360121,1.163162,0
2699,中联机份,C35,2018,3.088171,80.0,1.631061,0.647631,1,2.84216,2.831318,11.043701,3.081539,6.687836,22.925148,0.318811,-0.226994,1.94591,0.289994,0.305905,0.5,0
2699,中联机份,C35,2019,3.051005,103.2,1.603401,0.819276,1,3.088171,2.813893,11.082091,3.471277,6.635982,22.91118,0.253604,0.088048,2.079442,0.284403,0.36148,3.381336,0
2699,中联机份,C35,2020,2.835495,82.6,1.423676,-0.676971,0,3.051005,2.932419,8.282377,4.350467,6.502375,22.845094,0.494969,0.286895,2.197225,0.311401,0.403614,2.833225,0
2699,中联机份,C35,2021,2.455557,49.6,1.096531,-2.525324,0,2.835495,2.888997,3.418657,4.171415,6.690393,22.93684,0.529351,0.102697,2.302585,0.288006,0.41652,1.792766,0
2699,中联机份,C35,2022,2.700741,61.8,1.31432,-1.120736,0,2.455557,3.060166,7.781917,2.231097,6.516458,23.052042,0.45142,0.097593,2.397895,0.374304,0.306535,1.435477,0
2699,中联机份,C35,2023,2.910679,75.4,1.478447,0.085604,0,2.700741,3.096764,8.220422,1.11893,6.671556,23.193411,0.699342,-0.069071,2.484907,0.300986,0.351324,1.608607,0
2709,通联智份,C29,2015,2.906171,63.2,1.483346,-0.681012,1,,2.709898,5.342764,4.406674,6.560124,21.827421,0.307211,0.007455,2.833213,0.615823,0.40648,1.384064,0
2709,通联智份,C29,2016,2.586374,52.0,1.233786,-1.973486,0,2.906171,2.629827,6.93574,3.078337,6.680423,22.002327,0.201377,0.150735,2.890372,0.474555,0.309461,1.189443,0
2709,通联智份,C29,2017,2.882224,75.0,1.450321,-0.410061,1,2.586374,2.739502,4.797853,3.106411,6.746148,22.005858,0.35168,0.143418,2.944439,0.226209,0.378378,0.879233,0
2709,通联智份,C29,2018,3.194802,91.0,1.716983,1.223456,1,2.882224,2.743885,6.515459,2.638221,6.86343,22.02119,0.154404,0.213024,2.995732,0.168097,0.437733,1.1484,0
2709,通联智份,C29,2019,2.996078,93.4,1.560275,0.508579,1,3.194802,2.774308,3.755128,4.587673,6.712714,21.977638,0.26814,-0.335443,3.044522,0.300324,0.351767,1.385776,0
2709,通联智份,C29,2020,2.92536,84.8,1.510345,0.045508,1,2.996078,2.796674,4.668953,2.668481,6.648044,22.058301,0.330593,-0.11328,3.091042,0.574373,0.443675,2.530854,0
2709,通联智份,C29,2021,2.931071,94.4,1.493101,-0.268782,1,2.92536,2.834244,10.7518,3.170819,6.699702,22.169122,0.289916,0.434306,3.135494,0.242586,0.408899,1.21251,0
2709,通联智份,C29,2022,3.253822,106.6,1.784304,2.668942,1,2.931071,2.871419,5.671476,1.759174,6.456845,22.220851,0.621718,-0.091743,3.178054,0.471169,0.295971,2.13249,0
2709,通联智份,C29,2023,3.174129,93.8,1.696119,1.647288,1,3.253822,2.938338,7.037796,3.186716,6.613473,22.222908,0.657336,-0.242808,3.218876,0.23714,0.369422,1.193164,0
2765,中联电份,C13,2015,2.93362,71.2,1.505348,-0.142318,1,,2.814977,7.847268,3.107057,6.730646,23.182263,0.512397,0.568662,1.94591,0.470558,0.295355,0.979041,0
2765,中联电份,C13,2016,2.813463,65.6,1.404623,-0.851003,1,2.93362,2.801366,4.138783,2.976955,6.436307,23.508784,0.529255,0.350624,2.079442,0.615823,0.456243,0.5,0
2765,中联电份,C13,2017,3.161856,103.8,1.66966,1.385474,1,2.813463,2.878789,1.835591,1.609256,6.761424,23.461838,0.492452,0.070597,2.197225,0.533543,0.306402,2.851384,0
2765,中联电份,C13,2018,2.916906,65.6,1.486703,-0.068847,1,3.161856,2.846458,6.757613,0.620507,6.503906,23.292724,0.354777,-0.075688,2.302585,0.297275,0.34586,0.954128,0
2765,中联电份,C13,2019,3.258861,94.4,1.764695,1.960422,1,2.916906,2.879849,5.346812,3.607695,6.620407,23.371214,0.357029,0.079958,2.397895,0.227082,0.474868,1.139107,0
2765,中联电份,C13,2020,2.702759,71.4,1.307628,-1.415773,0,3.258861,2.976184,3.572398,2.172606,6.670698,23.417085,0.261082,-0.047555,2.484907,0.348284,0.390821,3.239832,0
2765,中联电份,C13,2021,2.855873,70.0,1.426343,-0.680873,0,2.702759,2.918305,4.963277,2.568704,6.293635,23.453474,0.498607,0.511763,2.564949,0.221694,0.368856,1.96447,0
2765,中联电份,C13,2022,2.486291,57.0,1.136793,-2.27217,0,2.855873,3.015838,2.495205,2.663597,6.777991,23.574054,0.538035,0.103651,2.639057,0.281393,0.311533,2.267279,0
2765,中联电份,C13,2023,2.971312,68.2,1.524798,0.209167,0,2.486291,3.034923,0.763014,0.82882,6.705259,23.742593,0.574022,0.124792,2.70805,0.25905,0.408104,0.763296,0
2770,科联科份,C38,2015,2.711198,60.6,1.329591,-1.486632,0,,2.84507,-0.765198,2.087062,6.480799,21.42908,0.653094,-0.220513,2.70805,0.418517,0.367172,2.342121,0
2770,科联科份,C38,2016,2.773047,71.6,1.356956,-1.335971,0,2.711198,2.952728,5.907437,1.191022,6.56162,21.405958,0.276739,0.008712,2.772589,0.314382,0.420068,1.51884,0
2770,科联科份,C38,2017,2.52812,57.2,1.183567,-2.255749,0,2.773047,2.950439,3.361396,2.427927,6.391269,21.353679,0.423791,0.303959,2.833213,0.226229,0.279832,2.014694,0
2770,科联科份,C38,2018,2.533752,46.6,1.202268,-1.886619,0,2.52812,2.907787,5.300944,2.471366,6.437828,21.508596,0.410947,0.073804,2.890372,0.424629,0.425327,1.987408,0
2770,科联科份,C38,2019,2.749533,60.4,1.346967,-1.439103,0,2.533752,2.903485,5.187798,3.03794,6.604546,21.554997,0.488006,0.550855,2.944439,0.333386,0.355794,1.402823,0
2770,科联科份,C38,2020,2.437513,48.4,1.122258,-2.363592,0,2.749533,2.887561,4.670671,3.451383,6.658074,21.52124,0.365687,-0.061276,2.995732,0.431018,0.35243,2.292489,0
2770,科联科份,C38,2021,2.913186,81.8,1.475156,-0.201625,0,2.437513,2.985507,4.523137,2.987773,6.723675,21.461151,0.584242,0.091388,3.044522,0.584851,0.330129,0.924164,0
2770,科联科份,C38,2022,2.875558,77.2,1.44576,-0.52742,0,2.913186,3.004359,4.259808,5.313198,6.329149,21.74039,0.631142,0.063495,3.091042,0.565719,0.394678,0.821001,0
2770,科联科份,C38,2023,3.065466,78.2,1.612998,0.716853,1,2.875558,2.942527,3.157178,3.240726,6.511022,21.850545,0.624659,0.12283,3.135494,0.380514,0.395248,1.715222,0
2776,科联械份,C40,2015,2.925437,88.6,1.49808,0.037909,1,,2.84326,6.223687,2.843783,6.627036,22.433688,0.472199,-0.097762,3.044522,0.331654,0.335235,1.984168,0
2776,科联械份,C40,2016,3.150995,87.0,1.651115,1.204866,1,2.925437,2.931691,4.107528,4.075643,6.777277,22.39504,0.708689,0.060917,3.091042,0.285139,0.367023,1.247323,0
2776,科联械份,C40,2017,2.800992,81.0,1.3716,-1.102046,0,3.150995,2.877073,0.796343,4.785028,6.707145,22.477854,0.713231,0.490297,3.135494,0.572719,0.305096,1.102233,0
2776,科联械份,C40,2018,3.12044,94.4,1.655006,0.787945,1,2.800992,2.963883,5.84784,3.689924,6.532382,22.507657,0.392477,-0.20294,3.178054,0.350605,0.37435,1.119272,0
2776,科联械份,C40,2019,3.278001,105.2,1.797457,2.468059,1,3.12044,3.004006,6.244635,2.136215,6.795972,22.539932,0.568249,0.022827,3.218876,0.300517,0.301626,1.723933,0
2776,科联械份,C40,2020,3.277053,94.8,1.77771,2.183084,1,3.278001,3.015106,4.33122,4.039941,6.628706,22.562295,0.474484,0.061737,3.258097,0.426705,0.347367,2.195542,0
2776,科联械份,C40,2021,3.249047,97.8,1.755481,1.671858,1,3.277053,3.076759,7.608342,3.064097,6.555826,22.859478,0.589367,-0.212065,3.295837,0.167682,0.357843,1.308164,0
2776,科联械份,C40,2022,3.266596,96.6,1.76034,1.869477,1,3.249047,3.079627,3.914355,3.193486,6.697778,22.841846,0.480855,-0.077829,3.332205,0.224902,0.411422,1.561865,0
2776,科联械份,C40,2023,3.141517,88.6,1.652691,1.260523,0,3.266596,3.118779,8.412762,3.186159,6.684066,22.845223,0.498844,0.07942,3.367296,0.394219,0.32843,1.622924,0
2801,智联材份,C34,2015,2.364641,41.8,1.048804,-2.846184,0,,2.962257,6.479255,3.708599,6.386708,22.869463,0.394821,-0.252326,2.079442,0.213953,0.427708,1.142977,0
2801,智联材份,C34,2016,2.943556,70.8,1.485341,-0.316447,1,2.364641,2.89832,6.016244,2.576563,6.59686,22.837946,0.58783,0.05287,2.197225,0.247297,0.382406,3.523876,0
2801,智联材份,C34,2017,2.558185,56.0,1.193059,-1.911389,0,2.943556,2.93688,5.816826,3.000317,7.039206,22.915435,0.207985,-0.097181,2.302585,0.273356,0.34601,2.140312,0
2801,智联材份,C34,2018,3.050523,82.8,1.583311,0.789661,1,2.558185,2.976265,5.015718,4.092709,6.704495,22.837926,0.381535,-0.280542,2.397895,0.166614,0.414626,2.346057,0
2801,智联材份,C34,2019,2.85529,84.6,1.448899,-0.274397,0,3.050523,3.020899,6.461155,3.320661,6.908601,22.888353,0.397286,-0.119906,2.484907,0.232151,0.405841,2.097533,0
2801,智联材份,C34,2020,2.702213,69.8,1.308414,-1.410876,0,2.85529,2.965653,4.142518,2.027226,6.71302,23.062957,0.58523,0.201717,2.564949,0.194484,0.308786,2.343368,0
2801,智联材份,C34,2021,2.811051,82.2,1.400875,-0.786821,0,2.702213,3.063352,8.538234,2.36826,6.697484,22.99404,0.366666,-0.247635,2.639057,0.340621,0.445343,2.441031,0
2801,智联材份,C34,2022,3.20713,112.4,1.723188,2.159662,1,2.811051,3.09274,10.267544,4.249,6.700642,23.290536,0.167748,0.049475,2.70805,0.413494,0.310104,1.661102,0
2801,智联材份,C34,2023,2.965378,94.2,1.525085,0.214896,0,3.20713,3.140012,2.778805,0.620507,6.646205,23.319038,0.457762,-0.117197,2.772589,0.493421,0.25,2.680793,0
2840,华联备份,C27,2015,2.809336,78.4,1.399345,-0.372885,0,,2.865119,4.25883,2.242079,6.645126,23.790399,0.545703,-0.169102,1.94591,0.09301,0.413713,2.43848,1
2840,华联备份,C27,2016,2.995398,96.6,1.541499,0.041817,1,2.809336,2.8544,6.321442,3.609133,6.626869,23.761438,0.527073,0.072661,2.079442,0.135782,0.330325,1.82638,1
2840,华联备份,C27,2017,2.739929,73.4,1.350115,-0.79855,0,2.995398,2.890653,7.863273,2.302433,6.595417,23.883914,0.357256,-0.14935,2.197225,0.229172,0.421503,2.113349,1
2840,华联备份,C27,2018,2.653564,67.0,1.285236,-1.420947,0,2.739929,2.883552,9.267094,2.171492,6.582977,23.953546,0.498715,0.032307,2.302585,0.434977,0.299744,1.980004,1
2840,华联备份,C27,2019,2.441754,50.0,1.118705,-2.212195,0,2.653564,2.966096,4.425668,2.283286,6.591622,24.139244,0.584464,0.095966,2.397895,0.245283,0.411009,1.780182,1
2840,华联备份,C27,2020,2.348445,43.0,1.057479,-2.729839,0,2.441754,2.963636,5.589656,2.705641,6.809174,23.904244,0.547416,-0.336678,2.484907,0.300868,0.419642,1.288624,1
2840,华联备份,C27,2021,2.857023,79.8,1.446174,-0.23459,0,2.348445,3.071037,5.838508,3.627621,6.800573,24.112428,0.260356,-0.050861,2.564949,0.42043,0.44801,2.320403,1
2840,华联备份,C27,2022,3.135039,96.6,1.656214,1.697448,1,2.857023,3.036634,8.330317,2.326252,6.849025,24.138997,0.431173,0.107144,2.639057,0.335682,0.450886,1.911875,1
2840,华联备份,C27,2023,3.037313,100.0,1.584218,0.586573,0,3.135039,3.063924,5.665873,1.805495,6.49721,24.072754,0.540712,-0.165556,2.70805,0.223514,0.34926,1.837812,1
2871,科联科份,C26,2015,2.401692,50.4,1.067569,-2.680288,0,,2.69253,5.239252,2.082451,6.490195,21.92709,0.451785,-0.063655,2.70805,0.42399,0.413852,2.29574,0
2871,科联科份,C26,2016,2.687484,56.6,1.282349,-1.551229,0,2.401692,2.745487,6.489307,2.528761,6.522166,22.011483,0.37863,-0.244214,2.772589,0.237546,0.336332,1.321659,0
2871,科联科份,C26,2017,2.663484,69.2,1.272082,-1.616766,0,2.687484,2.790653,6.597069,3.05659,6.594493,21.974204,0.338928,0.042853,2.833213,0.335908,0.410485,1.765953,0
2871,科联科份,C26,2018,2.490806,46.0,1.146886,-2.389399,0,2.663484,2.756752,7.190095,2.24743,6.787152,22.069451,0.457324,0.227758,2.890372,0.407998,0.378456,2.273324,0
2871,科联科份,C26,2019,2.6146,63.6,1.235622,-1.697763,0,2.490806,2.841178,3.201323,4.437571,6.434146,22.257854,0.287857,0.260316,2.944439,0.200577,0.366418,0.962862,0
2871,科联科份,C26,2020,2.768554,56.8,1.36377,-1.092824,0,2.6146,2.867727,7.951923,1.951035,6.383513,22.325402,0.440409,0.074891,2.995732,0.356165,0.415632,2.583943,0
2871,科联科份,C26,2021,3.249255,92.0,1.754235,2.106012,1,2.768554,2.972089,6.142072,3.546584,6.768762,22.334941,0.652477,0.10554,3.044522,0.289733,0.32575,1.691635,0
2871,科联科份,C26,2022,2.824493,61.0,1.388473,-0.626115,0,3.249255,2.928174,10.184578,3.409848,6.566534,22.42849,0.321936,-0.163253,3.091042,0.269507,0.405669,2.498191,0
2871,科联科份,C26,2023,2.923865,73.2,1.458713,-0.510357,0,2.824493,2.947887,6.146901,2.255209,6.445761,22.469938,0.511373,-0.000838,3.135494,0.080781,0.322683,1.968472,0
2901,智联备份,C36,2015,2.963044,78.2,1.522262,0.083406,1,,2.857949,10.194102,1.166025,6.7781,25.741744,0.214822,0.046759,1.791759,0.280198,0.325067,2.251597,1
2901,智联备份,C36,2016,2.74816,59.8,1.35417,-1.03995,0,2.963044,2.885593,9.060596,3.286519,6.624397,25.779034,0.62525,0.419417,1.94591,0.37661,0.410063,3.523876,1
2901,智联备份,C36,2017,2.867012,84.0,1.458208,-0.315527,0,2.74816,2.911539,9.918401,3.173814,7.071343,25.892696,0.276637,0.243889,2.079442,0.12499,0.318354,2.519966,1
2901,智联备份,C36,2018,2.763796,73.2,1.366848,-0.827707,0,2.867012,3.000155,3.604733,2.251434,6.801325,25.97195,0.353543,0.455684,2.197225,0.43054,0.313042,1.759638,1
2901,智联备份,C36,2019,2.669063,59.6,1.290127,-1.462501,0,2.763796,3.006507,8.104052,0.759931,6.634473,26.107003,0.468717,0.338377,2.302585,0.297119,0.360788,2.152363,1
2901,智联备份,C36,2020,3.143537,94.6,1.66419,1.279143,1,2.669063,3.007443,13.240468,1.899227,6.718982,26.077745,0.052869,0.178115,2.397895,0.177758,0.426137,2.332643,1
2901,智联备份,C36,2021,2.926355,83.6,1.522544,0.48888,0,3.143537,2.952619,6.507506,0.820331,6.615901,26.226522,0.35584,-0.135606,2.484907,0.218283,0.391994,2.07919,1
2901,智联备份,C36,2022,2.860206,70.8,1.442493,-0.343054,0,2.926355,3.030002,7.761399,0.805886,6.62472,26.419375,0.379337,0.459465,2.564949,0.337471,0.417475,1.946921,1
2901,智联备份,C36,2023,2.665377,66.8,1.305974,-1.081776,0,2.860206,3.038334,3.094292,0.620507,6.891122,26.274487,0.60355,-0.011711,2.639057,0.369359,0.422792,2.432022,1
2970,科联子份,C35,2015,2.463627,47.6,1.13953,-2.333942,0,,2.862044,8.435078,2.459666,6.559253,21.699889,0.336191,-0.073484,1.94591,0.207753,0.378862,3.523876,1
2970,科联子份,C35,2016,3.240178,93.0,1.763353,2.268346,1,2.463627,2.94805,9.322873,3.425796,6.593784,21.602563,0.314669,0.024745,2.079442,0.095775,0.383662,1.937101,1
2970,科联子份,C35,2017,2.930914,81.2,1.477348,-0.392644,1,3.240178,2.88576,5.306661,2.291069,6.551804,21.827994,0.771127,0.212933,2.197225,0.251298,0.344615,0.592842,1
2970,科联子份,C35,2018,2.978465,93.4,1.536405,0.15012,1,2.930914,2.841291,4.336227,2.739595,6.523994,22.040388,0.566491,0.204684,2.302585,0.199692,0.385651,1.367209,1
2970,科联子份,C35,2019,3.027238,90.6,1.574786,0.32688,1,2.978465,2.816054,9.756161,2.046276,6.687765,21.852824,0.20005,0.111201,2.397895,0.36452,0.393192,1.521727,1
2970,科联子份,C35,2020,3.041076,104.8,1.586881,0.194226,1,3.027238,2.91373,6.492193,2.899499,6.977462,21.888141,0.27585,-0.44873,2.484907,0.411064,0.374011,2.090187,1
2970,科联子份,C35,2021,3.266218,110.0,1.786105,1.964537,1,3.041076,2.815301,9.075776,4.729547,6.941753,22.052519,0.610517,0.377719,2.564949,0.455336,0.356532,2.180074,1
2970,科联子份,C35,2022,3.259803,112.8,1.767115,1.998006,1,3.266218,3.009343,10.660698,3.36327,6.526119,22.107753,0.402888,0.1413,2.639057,0.332692,0.347968,1.062565,1
2970,科联子份,C35,2023,3.270006,103.6,1.786059,2.352992,1,3.259803,3.064097,5.636431,5.429562,6.67918,22.165234,0.55752,-0.086453,2.70805,0.386725,0.365829,2.303227,1
2980,通联电份,C29,2015,2.684215,54.0,1.306487,-1.448969,0,,2.719987,3.760105,3.589862,6.386711,21.680899,0.635453,0.084467,1.386294,0.227634,0.376993,2.875536,0
2980,通联电份,C29,2016,2.445778,50.4,1.101266,-2.401107,0,2.684215,2.636218,6.933705,4.470724,6.537879,21.682168,0.4828,0.070684,1.609438,0.3114,0.39195,1.713855,0
2980,通联电份,C29,2017,2.487355,54.0,1.154662,-2.356701,0,2.445778,2.757451,4.551768,2.594329,6.449099,21.800744,0.500014,0.223826,1.791759,0.352091,0.362085,1.314877,0
2980,通联电份,C29,2018,2.436849,50.4,1.109807,-2.517262,0,2.487355,2.778337,6.338327,2.977313,6.838311,21.941061,0.379965,0.007031,1.94591,0.331137,0.423197,3.001331,0
2980,通联电份,C29,2019,2.67136,54.0,1.286335,-1.52309,0,2.436849,2.789068,3.084016,1.227622,6.311355,21.95453,0.513845,0.23464,2.079442,0.296763,0.304984,1.773543,0
2980,通联电份,C29,2020,2.742179,55.6,1.348752,-1.063168,0,2.67136,2.805001,2.255137,0.620507,6.484147,22.052761,0.519987,0.215852,2.197225,0.379471,0.400826,1.772158,0
2980,通联电份,C29,2021,2.804868,63.0,1.390534,-1.009993,0,2.742179,2.839981,9.184443,2.884991,6.576385,21.928296,0.331177,0.231728,2.302585,0.281159,0.300658,2.159648,0
2980,通联电份,C29,2022,2.427795,52.0,1.110065,-2.421037,0,2.804868,2.908966,6.948637,4.933582,6.608648,21.975099,0.257418,0.261047,2.397895,0.423465,0.387344,1.135646,0
2980,通联电份,C29,2023,2.57282,47.6,1.218802,-1.925235,0,2.427795,2.96567,7.842268,3.076033,6.696224,22.141209,0.582691,0.079218,2.484907,0.31665,0.298701,1.195541,0
300117,信联料份,C39,2015,2.442712,50.0,1.117919,-2.644571,0,,2.821251,8.542287,3.052007,6.51563,20.811847,0.337614,0.200051,3.044522,0.269567,0.335334,2.394582,0
300117,信联料份,C39,2016,2.668558,54.2,1.291058,-1.584093,0,2.442712,2.831777,8.691882,1.197559,6.538807,21.075594,0.100734,-0.239076,3.091042,0.207658,0.405894,2.239531,0
300117,信联料份,C39,2017,2.938384,65.8,1.508964,-0.112041,1,2.668558,2.899532,9.967703,3.016759,6.252656,21.305254,0.376238,0.232967,3.135494,0.286319,0.38564,2.712328,0
300117,信联料份,C39,2018,3.089176,84.8,1.642772,1.160788,1,2.938384,2.90885,3.433993,2.708072,6.611059,21.136264,0.771127,0.371579,3.178054,0.240977,0.340264,0.5,0
300117,信联料份,C39,2019,2.864561,83.6,1.451141,-0.342591,1,3.089176,2.882733,8.880253,5.740731,6.834948,21.296463,0.28579,0.177315,3.218876,0.392206,0.270282,2.15288,0
300117,信联料份,C39,2020,3.252738,98.4,1.773736,2.151461,1,2.864561,3.022567,4.632251,3.352602,6.727953,21.257792,0.355085,0.076021,3.258097,0.325057,0.362867,2.768398,0
300117,信联料份,C39,2021,3.066604,81.2,1.640906,1.392744,1,3.252738,2.954026,13.0232,3.268927,6.6386,21.31099,0.073928,0.599614,3.295837,0.22747,0.347856,1.865998,0
300117,信联料份,C39,2022,3.071696,86.8,1.625671,0.737965,0,3.066604,3.018973,3.894575,1.387635,6.932441,21.58176,0.496406,-0.241697,3.332205,0.363059,0.386454,1.468244,0
300117,信联料份,C39,2023,3.126838,101.4,1.669125,1.342023,1,3.071696,2.987869,9.222925,4.068488,6.837122,21.55141,0.428755,-0.098729,3.367296,0.087891,0.433515,1.130825,0
300208,智联料份,C38,2015,2.723906,75.2,1.339072,-1.133841,0,,2.844162,8.059062,2.479918,6.669774,22.294055,0.521808,0.069766,1.098612,0.245059,0.382627,2.045851,0
300208,智联料份,C38,2016,2.828991,67.6,1.408956,-0.891344,0,2.723906,2.948732,11.210199,3.433254,6.633756,22.158378,0.290118,-0.07374,1.386294,0.472054,0.394691,1.934114,0
300208,智联料份,C38,2017,3.278001,104.4,1.819155,2.391425,1,2.828991,2.896876,9.641781,3.432022,6.801953,22.272287,0.472474,0.167904,1.609438,0.281531,0.359834,1.681986,0
300208,智联料份,C38,2018,2.947359,75.4,1.520273,-0.072149,0,3.278001,2.878244,12.460401,2.7427,6.930883,22.258755,0.434154,0.486848,1.791759,0.260581,0.34029,1.995369,0
300208,智联料份,C38,2019,3.088054,106.2,1.638519,0.740467,1,2.947359,2.879305,9.2186,4.876394,6.629268,22.31568,0.284031,0.2125,1.94591,0.257086,0.389672,1.682741,0
300208,智联料份,C38,2020,3.148451,102.0,1.686528,1.141049,1,3.088054,2.83678,8.118298,4.683086,6.543799,22.565722,0.196723,-0.235062,2.079442,0.170527,0.387406,2.632931,0
300208,智联料份,C38,2021,3.161736,82.6,1.694454,1.077045,1,3.148451,2.967753,8.317817,3.43555,6.518913,22.355251,0.530135,-0.216337,2.197225,0.17932,0.353051,1.573929,0
300208,智联料份,C38,2022,3.276502,110.8,1.800275,2.537892,1,3.161736,2.97572,9.422851,2.633344,6.721767,22.491091,0.531273,0.470767,2.302585,0.165577,0.438369,2.781109,0
300208,智联料份,C38,2023,3.248184,120.6,1.754307,1.714208,1,3.276502,2.929476,5.786961,4.51048,6.703085,22.454989,0.442481,0.047408,2.397895,0.411589,0.314273,1.228304,0
300217,创联科份,C29,2015,2.56927,57.4,1.209174,-1.937063,0,,2.725212,-0.765198,2.946881,6.356204,21.529289,0.643837,0.20999,2.397895,0.518392,0.411592,2.776012,0
300217,创联科份,C29,2016,2.975606,82.2,1.531675,0.108268,1,2.56927,2.612134,0.823307,4.239571,6.814632,21.379104,0.569875,-0.036704,2.484907,0.286692,0.496137,1.799469,0
300217,创联科份,C29,2017,2.938826,70.0,1.514918,-0.27759,1,2.975606,2.736929,3.634801,3.203199,6.723664,21.558238,0.330794,0.324502,2.564949,0.17153,0.425491,2.342819,0
300217,创联科份,C29,2018,2.656642,68.6,1.291017,-1.595037,0,2.938826,2.768347,0.064945,3.518639,6.519202,21.586957,0.631388,0.05887,2.639057,0.535299,0.379863,3.120427,0
300217,创联科份,C29,2019,2.722467,71.8,1.337802,-1.290915,0,2.656642,2.786745,5.174723,3.752754,6.596108,21.620689,0.289451,0.002428,2.70805,0.560604,0.462695,2.276402,0
300217,创联科份,C29,2020,2.911306,71.8,1.472727,-0.434243,1,2.722467,2.797313,4.09131,5.540876,6.503232,21.771586,0.588093,0.599614,2.772589,0.358311,0.364373,2.423906,0
300217,创联科份,C29,2021,3.06101,88.6,1.60287,0.664026,1,2.911306,2.828338,-0.765198,3.634188,6.79129,21.876278,0.535642,0.205074,2.833213,0.321555,0.398179,1.812215,0
300217,创联科份,C29,2022,2.90355,91.4,1.468323,-0.315078,1,3.06101,2.88734,5.076332,4.703973,6.791519,21.781934,0.0521,-0.031323,2.890372,0.370153,0.406036,1.799803,0
300217,创联科份,C29,2023,3.267908,93.6,1.797476,2.172227,1,2.90355,2.934075,0.435076,2.371879,6.522013,21.835581,0.30226,0.026607,2.944439,0.270778,0.326367,3.523876,0
300222,通联械份,C27,2015,2.752933,72.4,1.34833,-1.19542,0,,2.867805,7.775223,3.566468,6.387122,22.022845,0.258751,0.141648,2.079442,0.207089,0.330593,0.871559,0
300222,通联械份,C27,2016,2.926501,82.2,1.501811,-0.092073,1,2.752933,2.85768,10.349886,2.874347,6.471679,21.997768,0.125058,0.170154,2.197225,0.535515,0.382558,3.051046,0
300222,通联械份,C27,2017,2.526213,56.0,1.180186,-1.957362,0,2.926501,2.900829,8.5044,3.515842,6.353706,22.000524,0.335175,0.451706,2.302585,0.38444,0.476068,1.994102,0
300222,通联械份,C27,2018,2.549688,47.0,1.204989,-2.087793,0,2.526213,2.888498,5.910405,1.037237,6.460867,22.314412,0.432309,-0.061591,2.397895,0.593528,0.300876,0.5,0
300222,通联械份,C27,2019,2.806198,67.8,1.387203,-1.038902,0,2.549688,2.948741,11.400382,4.742017,6.748322,22.047399,0.260504,0.299785,2.484907,0.506976,0.331654,2.156505,0
300222,通联械份,C27,2020,2.67846,55.2,1.288291,-1.475268,0,2.806198,2.947921,7.803081,1.073823,6.554153,22.187548,0.27124,0.248002,2.564949,0.134174,0.319906,1.977296,0
300222,通联械份,C27,2021,2.605506,49.4,1.227952,-1.886314,0,2.67846,3.083014,7.657741,3.19284,6.408727,22.114667,0.476397,0.422205,2.639057,0.199842,0.366767,2.077559,0
300222,通联械份,C27,2022,2.956571,72.8,1.514078,0.334813,0,2.605506,3.045132,10.077598,2.172601,6.220973,22.114358,0.365443,0.245307,2.70805,0.516479,0.360183,2.226755,0
300222,通联械份,C27,2023,3.02955,85.8,1.569568,0.906919,0,2.956571,3.064293,2.945445,2.496425,6.904601,22.31493,0.769,-0.050239,2.772589,0.336499,0.408692,2.726846,0
300249,智联械份,C29,2015,3.2519,116.0,1.77357,2.380233,1,,2.694183,2.656379,3.657124,6.49442,22.768652,0.282537,-0.338832,2.995732,0.413221,0.400125,2.600666,1
300249,智联械份,C29,2016,3.262926,104.8,1.785125,2.245925,1,3.2519,2.599074,3.600869,2.095434,6.908644,22.841898,0.51233,0.148999,3.044522,0.118693,0.332515,1.274437,1
300249,智联械份,C29,2017,3.255487,119.6,1.771273,1.800596,1,3.262926,2.722536,2.285467,3.280873,6.723063,22.822421,0.645248,0.040049,3.091042,0.298509,0.455424,1.185854,1
300249,智联械份,C29,2018,3.263789,118.6,1.786506,2.428384,1,3.255487,2.740749,6.167046,2.350228,6.941597,22.869131,0.200996,0.10634,3.135494,0.084911,0.394411,1.726878,1
300249,智联械份,C29,2019,3.250872,92.8,1.76178,2.002542,1,3.263789,2.762726,5.400614,2.848882,6.899933,22.880077,0.364045,0.159793,3.178054,0.357182,0.342756,2.064295,1
300249,智联械份,C29,2020,3.272697,106.2,1.805009,2.495669,1,3.250872,2.780886,6.592638,3.575129,6.582836,23.00773,0.215776,0.081072,3.218876,0.311886,0.342346,2.619963,1
300249,智联械份,C29,2021,3.258554,105.2,1.763543,1.841655,1,3.272697,2.819359,6.168632,2.569708,6.541632,23.055216,0.507088,0.492975,3.258097,0.45815,0.409199,2.615298,1
300249,智联械份,C29,2022,3.268545,101.8,1.775808,1.695288,1,3.258554,2.87075,4.006343,1.979687,6.412526,23.124828,0.689908,0.17463,3.295837,0.326266,0.329698,1.788931,1
300249,智联械份,C29,2023,3.245651,103.6,1.768318,1.561737,1,3.268545,2.935087,2.960617,3.018559,6.884968,23.110067,0.356103,0.001716,3.332205,0.483662,0.351474,0.5,1
300262,通联技份,C27,2015,2.944569,87.6,1.51238,0.033697,1,,2.858679,2.71196,5.154436,6.523869,21.313449,0.529729,-0.134518,0.693147,0.490336,0.292691,2.860226,1
300262,通联技份,C27,2016,2.957553,91.4,1.52301,0.306477,1,2.944569,2.856202,5.649008,4.498426,6.808487,21.379609,0.37971,0.10582,1.098612,0.362545,0.378773,1.762733,1
300262,通联技份,C27,2017,2.960111,90.0,1.539456,0.698527,1,2.957553,2.880168,7.169772,4.01514,6.797815,21.473491,0.333559,0.195827,1.386294,0.366659,0.432413,2.353025,1
300262,通联技份,C27,2018,3.269889,135.4,1.788306,2.683424,1,2.960111,2.854203,2.674078,3.992529,6.351065,21.529354,0.55802,-0.233297,1.609438,0.11199,0.375562,3.523876,1
300262,通联技份,C27,2019,3.255256,101.4,1.776178,2.330039,1,3.269889,2.927358,7.621916,5.6501,7.064264,21.672275,0.362297,-0.13947,1.791759,0.442291,0.401984,1.126492,1
300262,通联技份,C27,2020,3.261125,127.2,1.765439,2.517058,1,3.255256,2.920175,6.130272,2.249902,6.595055,21.830448,0.615644,0.029845,1.94591,0.292401,0.38017,1.304722,1
300262,通联技份,C27,2021,3.264162,99.4,1.782632,2.54579,1,3.261125,3.051649,4.965875,5.740731,6.846526,21.740785,0.313447,0.225575,2.079442,0.281304,0.389325,1.986665,1
300262,通联技份,C27,2022,3.272078,107.4,1.7787,2.358732,1,3.264162,3.030108,9.501519,4.628287,6.769307,21.741842,0.137341,0.26336,2.197225,0.203149,0.489053,0.660572,1
300262,通联技份,C27,2023,3.263082,111.2,1.774245,2.244903,1,3.272078,3.053173,7.075969,4.368361,6.838366,21.816908,0.42063,0.070235,2.302585,0.4372,0.472213,1.994663,1
300264,新联材份,C35,2015,2.611799,56.2,1.23623,-1.602739,0,,2.848574,2.421999,3.6767,6.636399,21.5258,0.382184,-0.135643,1.386294,0.433655,0.348684,0.986755,0
300264,新联材份,C35,2016,2.937194,67.2,1.49729,-0.209045,0,2.611799,2.975594,3.280827,3.369977,6.569616,21.614159,0.591275,0.170543,1.609438,0.212412,0.332619,2.760593,0
300264,新联材份,C35,2017,2.709835,53.4,1.332631,-1.241549,0,2.937194,2.905858,4.932716,3.974407,6.573228,21.651979,0.217936,-0.343406,1.791759,0.420818,0.270821,2.249053,0
300264,新联材份,C35,2018,2.870143,81.8,1.44999,-0.545878,0,2.709835,2.851138,9.118872,3.945447,6.761393,21.724682,0.255053,-0.150486,1.94591,0.398072,0.34159,1.640854,0
300264,新联材份,C35,2019,3.014242,79.8,1.576854,0.614293,1,2.870143,2.817236,5.902943,2.812563,6.966134,21.731757,0.473117,0.185466,2.079442,0.344055,0.368107,2.964552,0
300264,新联材份,C35,2020,2.752868,68.4,1.353881,-1.119526,0,3.014242,2.939931,5.610453,0.976155,6.684751,21.915572,0.362151,-0.034531,2.197225,0.461468,0.317917,1.905927,0
300264,新联材份,C35,2021,2.959532,77.6,1.505643,-0.146787,1,2.752868,2.843181,7.643528,4.208747,6.698467,21.786161,0.243015,0.056665,2.302585,0.207801,0.401992,1.492503,0
300264,新联材份,C35,2022,2.970209,76.0,1.529812,-0.306781,0,2.959532,3.035669,5.601532,3.381362,6.632173,21.881292,0.615191,0.332487,2.397895,0.477465,0.395436,0.809741,0
300264,新联材份,C35,2023,3.140876,90.2,1.664521,1.024782,1,2.970209,3.075837,11.47718,3.801012,6.884506,22.137412,0.217619,0.298054,2.484907,0.315528,0.403913,0.593039,0
300272,华联能份,C40,2015,2.949486,76.8,1.50833,-0.05388,1,,2.842167,3.665125,2.815443,6.705851,23.557828,0.710438,0.16363,2.639057,0.211307,0.449765,1.953244,0
300272,华联能份,C40,2016,2.941155,66.8,1.501389,-0.261239,0,2.949486,2.941229,3.19325,0.876757,6.746188,23.581369,0.431601,-0.22336,2.70805,0.550568,0.469815,2.956483,0
300272,华联能份,C40,2017,2.438735,53.6,1.114501,-2.584913,0,2.941155,2.89354,4.050691,2.773911,6.664091,23.623029,0.280561,0.021426,2.772589,0.441033,0.411325,1.967413,0
300272,华联能份,C40,2018,2.930523,76.2,1.494695,-0.531002,0,2.438735,2.972516,3.264447,3.985504,6.733756,23.809971,0.480193,0.118146,2.833213,0.221622,0.312942,2.24538,0
300272,华联能份,C40,2019,2.797965,80.2,1.376678,-0.689184,0,2.930523,3.025826,3.246855,1.378661,6.463115,23.811774,0.560568,-0.176623,2.890372,0.379788,0.304907,1.718042,0
300272,华联能份,C40,2020,2.509347,55.4,1.152284,-2.211493,0,2.797965,3.050002,7.899421,0.620507,6.502669,23.967651,0.491363,0.290292,2.944439,0.311545,0.400855,1.685015,0
300272,华联能份,C40,2021,3.031998,87.6,1.574249,0.375925,0,2.509347,3.086624,4.299866,2.531632,6.712717,24.130885,0.375856,0.021943,2.995732,0.499608,0.349227,2.380327,0
300272,华联能份,C40,2022,2.619728,63.8,1.231021,-1.659572,0,3.031998,3.10903,1.317938,3.533801,6.642051,24.009694,0.480151,0.069726,3.044522,0.164512,0.420695,2.474002,0
300272,华联能份,C40,2023,2.682069,67.6,1.286013,-1.621198,0,2.619728,3.139663,5.266139,1.151436,6.45964,24.160435,0.355135,0.211837,3.091042,0.411099,0.335929,1.169218,0
300277,华联科份,C26,2015,3.148861,85.2,1.659649,0.93375,1,,2.648579,3.712108,3.195803,6.478054,23.706399,0.418115,0.036852,2.944439,0.169857,0.421278,3.146748,0
300277,华联科份,C26,2016,2.99963,89.4,1.538344,0.239462,1,3.148861,2.727125,4.747285,4.385533,6.804981,24.010644,0.476596,0.230278,2.995732,0.337266,0.355801,1.685844,0
300277,华联科份,C26,2017,3.074048,75.4,1.594504,0.575133,1,2.99963,2.766502,2.744839,1.34872,6.655104,24.053939,0.312766,0.142793,3.044522,0.187958,0.357486,0.999004,0
300277,华联科份,C26,2018,2.787509,60.2,1.377893,-1.012079,1,3.074048,2.739298,1.006159,2.431766,6.829808,24.203838,0.501874,0.17857,3.091042,0.314819,0.43572,2.456017,0
300277,华联科份,C26,2019,2.555366,59.0,1.195369,-1.97917,0,2.787509,2.844663,1.031778,1.612887,6.757093,24.11147,0.428178,-0.172145,3.135494,0.134035,0.281074,1.235451,0
300277,华联科份,C26,2020,2.64876,61.4,1.255579,-1.790267,0,2.555366,2.874774,-0.765198,1.760486,6.344252,24.219342,0.372765,0.41776,3.178054,0.287607,0.403064,2.255372,0
300277,华联科份,C26,2021,2.950288,70.2,1.520356,0.249719,0,2.64876,2.989676,0.962575,3.370244,6.884789,24.22625,0.662997,0.184697,3.218876,0.398164,0.399517,0.859197,0
300277,华联科份,C26,2022,2.559028,52.2,1.202774,-1.763727,0,2.950288,2.94379,1.525476,2.171735,6.823807,24.298808,0.380771,-0.061896,3.258097,0.322504,0.376569,1.475802,0
300277,华联科份,C26,2023,3.170748,94.2,1.673352,1.189457,1,2.559028,2.933365,0.804652,0.876462,6.627077,24.373023,0.391973,-0.154263,3.295837,0.550184,0.419218,2.314848,0
300288,远联科份,C39,2015,3.200188,107.4,1.738272,1.960492,1,,2.767146,11.767576,4.127453,6.865221,20.432735,0.613426,0.466492,2.890372,0.322512,0.393489,1.617154,1
300288,远联科份,C39,2016,3.253181,126.8,1.774553,2.24562,1,3.200188,2.790018,11.619009,5.447117,6.63127,20.322947,0.368871,-0.094294,2.944439,0.448863,0.317953,0.5,1
300288,远联科份,C39,2017,3.265159,123.0,1.775462,2.239391,1,3.253181,2.876191,10.243823,3.744516,7.16558,20.506528,0.555431,-0.057042,2.995732,0.147231,0.311525,0.5,1
300288,远联科份,C39,2018,3.278001,119.4,1.811144,2.714011,1,3.265159,2.895363,12.447995,2.963377,6.807373,20.581183,0.489611,0.054495,3.044522,0.133518,0.443184,2.221583,1
300288,远联科份,C39,2019,3.253139,106.4,1.784995,2.271934,1,3.278001,2.854977,9.553129,5.216071,6.643521,20.67802,0.503501,0.192209,3.091042,0.491357,0.414769,2.256773,1
300288,远联科份,C39,2020,3.259919,132.0,1.772061,2.022803,1,3.253139,3.022054,14.815956,3.059346,6.679522,20.718578,0.378881,0.123138,3.135494,0.372173,0.408498,2.414613,1
300288,远联科份,C39,2021,3.255226,125.4,1.79061,2.124186,1,3.259919,2.940553,13.290802,5.700952,6.755427,20.630775,0.267088,0.027241,3.178054,0.513293,0.37518,0.5,1
300288,远联科份,C39,2022,3.275166,133.6,1.794541,2.320895,1,3.255226,3.00444,8.326583,4.579748,6.708593,20.723176,0.557082,0.081467,3.218876,0.259584,0.386019,1.701787,1
300288,远联科份,C39,2023,3.219065,121.8,1.753903,1.948571,1,3.275166,2.981281,14.425331,4.256972,6.823936,20.907514,0.305727,0.106563,3.258097,0.140927,0.405095,3.081486,1
300344,远联智份,C29,2015,2.299074,44.0,1.018779,-3.002434,0,,2.737493,3.402805,2.917153,6.704332,20.906332,0.360841,0.280837,2.079442,0.274387,0.342947,1.878935,1
300344,远联智份,C29,2016,2.909374,65.6,1.486295,-0.364321,1,2.299074,2.615145,1.074291,3.900749,6.764621,20.909439,0.565138,0.32621,2.197225,0.369494,0.30342,2.267444,1
300344,远联智份,C29,2017,2.913849,71.0,1.47492,-0.320899,1,2.909374,2.738065,1.205617,3.529196,6.701484,20.82509,0.577048,0.162239,2.302585,0.328001,0.426357,0.946368,1
300344,远联智份,C29,2018,2.904728,63.0,1.484461,-0.358567,1,2.913849,2.75707,6.188732,3.68008,6.664665,20.879492,0.230394,0.319405,2.397895,0.378866,0.347843,2.418514,1
300344,远联智份,C29,2019,3.024103,78.4,1.564591,0.542163,1,2.904728,2.773034,2.778254,2.6753,6.428039,20.86722,0.514845,-0.051821,2.484907,0.455925,0.476726,3.250769,1
300344,远联智份,C29,2020,2.829682,83.0,1.415079,-0.525359,1,3.024103,2.801023,2.925349,2.074353,6.705232,21.174558,0.159407,0.085342,2.564949,0.193802,0.367618,1.456293,1
300344,远联智份,C29,2021,2.724106,61.6,1.332912,-1.026456,0,2.829682,2.843652,8.15411,3.025696,6.488681,20.969445,0.30587,0.396005,2.639057,0.275901,0.341372,1.714939,1
300344,远联智份,C29,2022,2.757884,58.8,1.362416,-1.144445,0,2.724106,2.893962,3.575424,4.01856,6.740142,21.289555,0.305094,0.218729,2.70805,0.182096,0.335443,1.61837,1
300344,远联智份,C29,2023,2.48004,52.4,1.134445,-2.279993,0,2.757884,2.969888,4.624516,5.740731,6.559239,21.434879,0.49851,-0.105187,2.772589,0.599936,0.349363,2.004425,1
300504,联联子份,C38,2015,3.085851,92.4,1.620371,0.777041,1,,2.818309,5.495376,3.514945,6.705901,21.335911,0.438998,0.150968,2.197225,0.170834,0.348058,2.496238,0
300504,联联子份,C38,2016,3.040204,74.8,1.603783,0.644639,1,3.085851,2.933645,8.575426,4.847854,6.579286,21.584129,0.525662,0.378122,2.302585,0.239826,0.3436,2.13361,0
300504,联联子份,C38,2017,2.59919,52.8,1.241341,-1.862063,0,3.040204,2.945363,10.314898,2.35277,6.606175,21.55069,0.52076,0.021605,2.397895,0.288657,0.386475,1.977231,0
300504,联联子份,C38,2018,2.695526,66.0,1.324227,-1.532403,0,2.59919,2.896232,6.053917,2.973185,6.776451,21.63731,0.567023,0.36396,2.484907,0.116658,0.391586,1.685193,0
300504,联联子份,C38,2019,2.59818,51.2,1.23686,-2.158492,0,2.695526,2.914296,10.816544,2.801499,6.905832,21.744613,0.425923,0.017323,2.564949,0.32555,0.407514,1.726098,0
300504,联联子份,C38,2020,2.766619,62.6,1.348969,-1.077734,0,2.59818,2.864054,8.728955,4.324537,6.560914,21.625051,0.428771,-0.139547,2.639057,0.326547,0.408553,2.086753,0
300504,联联子份,C38,2021,2.829863,62.8,1.421069,-0.770251,0,2.766619,2.991459,10.504163,2.604454,6.388194,21.863266,0.439831,0.399196,2.70805,0.188733,0.422225,1.402565,0
300504,联联子份,C38,2022,2.647989,67.4,1.257588,-1.869417,0,2.829863,3.020614,4.810346,2.1116,6.433047,21.882577,0.576096,-0.155927,2.772589,0.068912,0.323413,0.994712,0
300504,联联子份,C38,2023,2.72043,73.8,1.319075,-1.415492,0,2.647989,2.967173,9.599374,3.253928,6.449029,21.999965,0.0521,0.130493,2.833213,0.188637,0.362291,3.523876,0
300531,智联技份,C27,2015,3.041455,74.4,1.581111,0.576789,1,,2.854066,6.264093,1.539975,6.553901,23.092016,0.664834,0.055521,1.791759,0.197832,0.331902,1.408102,1
300531,智联技份,C27,2016,2.837271,74.4,1.416635,-0.757154,0,3.041455,2.86193,5.527536,1.940211,6.784533,23.180855,0.508636,-0.267871,1.94591,0.363351,0.487787,2.00368,1
300531,智联技份,C27,2017,2.839443,75.2,1.428428,-0.303293,0,2.837271,2.885914,2.93277,4.034161,6.670385,23.273988,0.4752,0.079241,2.079442,0.215671,0.404353,1.363314,1
300531,智联技份,C27,2018,3.081645,86.4,1.634095,1.348658,1,2.839443,2.863167,4.782862,2.951588,6.75379,23.410751,0.426321,0.140615,2.197225,0.398524,0.386658,2.191805,1
300531,智联技份,C27,2019,3.121546,88.2,1.636674,1.315942,1,3.081645,2.933725,6.351805,2.826286,6.623844,23.347212,0.388704,0.426354,2.302585,0.22025,0.386696,1.724887,1
300531,智联技份,C27,2020,2.885675,70.2,1.43923,-0.109935,1,3.121546,2.938053,10.692395,3.164136,6.706946,23.553738,0.157721,0.599614,2.397895,0.189965,0.35828,1.863556,1
300531,智联技份,C27,2021,2.876202,73.2,1.455629,-0.177765,0,2.885675,3.070123,2.713355,1.547993,6.783405,23.623019,0.523348,-0.022111,2.484907,0.183953,0.316853,1.78573,1
300531,智联技份,C27,2022,2.764728,75.4,1.375035,-0.612831,0,2.876202,3.054268,0.789025,1.244807,6.621331,23.557459,0.484001,-0.008237,2.564949,0.286734,0.33252,2.238535,1
300531,智联技份,C27,2023,2.89067,72.8,1.468802,-0.331058,0,2.764728,3.070907,3.473853,1.956259,6.616794,23.561998,0.682306,0.159892,2.639057,0.218785,0.323634,1.725203,1
300654,信联智份,C27,2015,2.905559,80.4,1.463183,-0.096974,1,,2.860537,8.11251,4.288725,6.779415,21.621443,0.265734,-0.188601,1.609438,0.166025,0.3783,1.503948,0
300654,信联智份,C27,2016,2.980874,85.8,1.550147,0.469288,1,2.905559,2.855091,4.0152,3.916585,6.759977,21.849839,0.436281,-0.011505,1.791759,0.142217,0.356367,2.115508,0
300654,信联智份,C27,2017,2.961396,90.8,1.50861,0.006969,1,2.980874,2.880106,5.762321,3.827524,6.636646,21.909792,0.239106,0.114444,1.94591,0.354219,0.378609,2.28519,0
300654,信联智份,C27,2018,2.672181,54.6,1.284517,-1.589413,0,2.961396,2.882665,8.198245,3.680837,6.755975,21.906653,0.297508,0.285172,2.079442,0.293291,0.410016,2.830415,0
300654,信联智份,C27,2019,3.065908,74.8,1.605815,0.663516,1,2.672181,2.936374,1.236689,2.054748,6.548645,22.069909,0.546748,-0.057144,2.197225,0.486629,0.401799,2.432946,0
300654,信联智份,C27,2020,2.782014,55.0,1.374812,-0.571097,0,3.065908,2.94299,5.362058,1.625595,6.820731,22.069161,0.465221,0.010388,2.302585,0.286653,0.332657,1.287266,0
300654,信联智份,C27,2021,2.990013,71.2,1.522452,0.136386,0,2.782014,3.064704,6.439222,2.979733,6.392679,22.176681,0.348942,0.20503,2.397895,0.500147,0.367481,1.451184,0
300654,信联智份,C27,2022,2.717618,61.4,1.339597,-1.15074,0,2.990013,3.056511,5.560942,2.322215,6.496952,22.281733,0.502994,0.080923,2.484907,0.537372,0.439589,1.904105,0
300654,信联智份,C27,2023,2.699729,61.4,1.292588,-1.333533,0,2.717618,3.079999,5.031564,4.37701,6.441756,22.449095,0.336393,0.200356,2.564949,0.306374,0.355405,1.789373,0
300750,远联电份,C29,2015,2.501436,54.6,1.167351,-2.278688,0,,2.728295,5.92064,1.962726,6.560991,22.865051,0.601221,0.299706,2.890372,0.34494,0.436643,2.282851,0
300750,远联电份,C29,2016,3.028369,74.8,1.600947,0.939698,1,2.501436,2.609736,9.139178,3.954764,6.774418,23.007952,0.191125,0.360997,2.944439,0.445055,0.323828,2.258586,0
300750,远联电份,C29,2017,2.666702,54.4,1.301854,-1.663694,0,3.028369,2.749299,10.476725,3.490712,6.811921,23.084686,0.356337,0.151201,2.995732,0.615823,0.403463,1.71339,0
300750,远联电份,C29,2018,2.962549,72.6,1.520139,-0.077776,1,2.666702,2.754442,4.386498,3.365655,6.735587,22.980315,0.555569,0.580713,3.044522,0.310987,0.391827,2.430513,0
300750,远联电份,C29,2019,3.054826,81.8,1.607211,0.326729,1,2.962549,2.771637,0.768563,1.714938,6.746415,23.0673,0.611777,0.051126,3.091042,0.469055,0.358051,1.246168,0
300750,远联电份,C29,2020,2.974657,99.4,1.537999,-0.076916,1,3.054826,2.794433,7.005245,2.61504,6.893683,23.176966,0.401612,0.151468,3.135494,0.257577,0.338613,2.602139,0
300750,远联电份,C29,2021,3.264605,118.6,1.779017,1.913775,1,2.974657,2.819084,5.992828,4.077935,6.697236,23.291034,0.252433,0.505247,3.178054,0.270195,0.396224,2.051782,0
300750,远联电份,C29,2022,3.266096,99.6,1.776422,1.998529,1,3.264605,2.870861,7.374585,4.277355,6.697243,23.315708,0.524273,0.347286,3.218876,0.56342,0.366771,2.32736,0
300750,远联电份,C29,2023,3.20287,105.6,1.726381,1.672156,1,3.266096,2.937032,10.220447,3.852112,6.637288,23.322514,0.289167,0.27375,3.258097,0.359737,0.393098,1.751575,0
300773,新联料份,C34,2015,3.2594,129.2,1.787225,2.555687,1,,2.909624,8.121031,1.798297,6.623285,23.316844,0.400947,-0.023217,2.639057,0.329393,0.377187,1.664998,0
300773,新联料份,C34,2016,3.263385,109.4,1.771195,2.367175,1,3.2594,2.879507,14.556387,3.213033,6.947515,23.160505,0.194715,0.424676,2.70805,0.559705,0.340834,1.184396,0
300773,新联料份,C34,2017,2.991071,98.6,1.540188,0.076686,1,3.263385,2.911416,9.999471,4.363757,6.593635,23.285514,0.333975,0.116914,2.772589,0.208228,0.413174,0.851378,0
300773,新联料份,C34,2018,3.043651,87.4,1.584704,0.766283,1,2.991071,2.976669,9.133591,2.061719,6.671901,23.491103,0.345652,0.084906,2.833213,0.464695,0.399892,2.087865,0
300773,新联料份,C34,2019,3.278001,108.8,1.791111,2.231147,1,3.043651,2.996034,8.754777,2.963495,6.746592,23.444703,0.379099,-0.272603,2.890372,0.221693,0.341929,0.728336,0
300773,新联料份,C34,2020,3.263221,127.0,1.778885,2.229857,1,3.278001,2.932653,8.078628,5.05537,6.813981,23.712677,0.638611,0.078992,2.944439,0.406231,0.312934,1.825827,0
300773,新联料份,C34,2021,3.188656,103.0,1.71754,1.95406,1,3.263221,3.04114,7.817857,2.655877,6.512623,23.627281,0.445292,-0.009067,2.995732,0.251226,0.35326,2.999904,0
300773,新联料份,C34,2022,3.166767,92.4,1.696677,1.612572,0,3.188656,3.095114,11.213976,4.107595,6.939419,23.645809,0.402584,0.473093,3.044522,0.174617,0.463265,2.486556,0
300773,新联料份,C34,2023,3.141959,87.6,1.663177,1.336105,1,3.166767,3.129624,9.739487,1.529787,6.780121,23.830624,0.062125,0.004021,3.091042,0.281061,0.345404,1.676597,0
300824,华联技份,C35,2015,2.832823,77.2,1.404879,-0.856599,0,,2.828481,6.258874,4.32344,6.730954,20.035266,0.488497,0.048648,2.639057,0.31525,0.460359,1.665324,0
300824,华联技份,C35,2016,2.632225,57.4,1.268113,-1.510356,0,2.832823,3.003318,6.020025,4.172524,6.482995,20.175263,0.35441,0.249319,2.70805,0.272978,0.399606,2.212844,0
300824,华联技份,C35,2017,2.683982,71.6,1.286727,-1.352871,0,2.632225,2.908208,8.0882,3.099821,6.773351,20.214563,0.486511,0.179186,2.772589,0.05,0.44042,1.391486,0
300824,华联技份,C35,2018,3.005721,78.8,1.557295,0.642228,1,2.683982,2.838813,0.01323,3.540511,6.719147,20.247823,0.494497,-0.432728,2.833213,0.33423,0.423211,3.151733,0
300824,华联技份,C35,2019,2.529941,59.0,1.178502,-1.995315,0,3.005721,2.861263,4.612247,4.452215,6.565659,20.298579,0.430583,-0.134292,2.890372,0.474548,0.424752,1.199547,0
300824,华联技份,C35,2020,2.836258,64.4,1.436966,-0.72897,0,2.529941,2.93235,2.646394,5.014782,6.647415,20.294125,0.487696,0.015726,2.944439,0.49621,0.420778,2.38908,0
300824,华联技份,C35,2021,2.386247,37.2,1.07252,-2.677645,0,2.836258,2.895298,3.84758,2.696517,6.575473,20.39611,0.50244,-0.21726,2.995732,0.240483,0.41963,1.930312,0
300824,华联技份,C35,2022,2.895644,77.8,1.472814,-0.09623,0,2.386247,3.042448,5.854047,4.536496,6.350218,20.594729,0.282379,0.100253,3.044522,0.269121,0.3205,1.721312,0
300824,华联技份,C35,2023,3.10208,100.4,1.625043,0.680123,1,2.895644,3.079363,7.131609,3.195969,6.721506,20.573955,0.228868,0.027599,3.091042,0.098471,0.385704,0.5,0
300830,远联子份,C26,2015,2.805905,56.2,1.385771,-0.730281,1,,2.668753,5.942259,1.710638,6.571559,21.09701,0.476683,-0.071542,2.995732,0.219018,0.385398,3.350239,0
300830,远联子份,C26,2016,2.386028,50.2,1.05164,-2.751316,0,2.805905,2.763219,1.241286,2.055805,6.422652,21.162478,0.517878,0.151953,3.044522,0.285169,0.438041,2.095104,0
300830,远联子份,C26,2017,2.700831,60.0,1.306741,-1.442268,0,2.386028,2.788456,4.34971,2.177769,6.371536,21.40709,0.492218,0.413666,3.091042,0.283007,0.311895,0.5,0
300830,远联子份,C26,2018,2.810487,62.8,1.38541,-0.946416,1,2.700831,2.737947,4.794833,3.879161,6.28512,21.188343,0.300518,0.214689,3.135494,0.405594,0.384913,1.738597,0
300830,远联子份,C26,2019,2.734391,64.6,1.349717,-1.202705,0,2.810487,2.834132,2.297795,2.032345,6.433869,21.250169,0.286745,-0.191045,3.178054,0.173915,0.421558,2.604296,0
300830,远联子份,C26,2020,2.84166,82.4,1.420837,-0.791125,1,2.734391,2.863427,2.894609,2.071387,6.613913,21.287324,0.300453,-0.44066,3.218876,0.257073,0.383278,1.748492,0
300830,远联子份,C26,2021,2.934578,68.6,1.493909,-0.427052,0,2.84166,2.9906,6.394431,2.358158,6.623306,21.424936,0.513239,-0.010096,3.258097,0.582951,0.353741,1.679307,0
300830,远联子份,C26,2022,3.055067,107.2,1.584265,0.510772,1,2.934578,2.914611,6.501213,5.087987,6.813694,21.509145,0.414598,0.534314,3.295837,0.166443,0.363407,1.337319,0
300830,远联子份,C26,2023,2.849165,66.2,1.431852,-0.635539,0,3.055067,2.952281,5.025586,1.643151,6.530655,21.564615,0.46103,-0.065227,3.332205,0.121705,0.364011,1.038238,0
300850,通联子份,C36,2015,2.776551,66.4,1.367169,-0.850043,0,,2.870382,7.691327,3.27805,6.58505,22.470977,0.551671,0.582529,2.484907,0.50357,0.393428,1.768832,0
300850,通联子份,C36,2016,2.826821,62.2,1.416251,-0.747975,1,2.776551,2.880349,4.331536,3.702368,6.710072,22.608756,0.581854,0.334493,2.564949,0.05,0.373078,2.074653,0
300850,通联子份,C36,2017,2.869063,72.0,1.446251,-0.373534,0,2.826821,2.911402,9.368849,3.194062,6.625281,22.495128,0.35327,-0.317325,2.639057,0.415675,0.376083,1.593801,0
300850,通联子份,C36,2018,3.12104,99.4,1.654731,1.301951,1,2.869063,2.976338,8.484385,5.558449,6.525905,22.7044,0.532354,-0.023209,2.70805,0.279712,0.396759,2.486061,0
300850,通联子份,C36,2019,3.255601,105.8,1.778438,2.472373,1,3.12104,2.967404,0.782369,3.529756,6.769418,22.465948,0.66642,-0.233824,2.772589,0.469132,0.298287,1.459739,0
300850,通联子份,C36,2020,3.168075,117.2,1.696616,1.837735,1,3.255601,3.005808,4.559992,2.601479,6.710918,22.719411,0.308822,-0.053947,2.833213,0.364907,0.337826,3.163643,0
300850,通联子份,C36,2021,3.075056,103.4,1.613994,0.809778,1,3.168075,2.942705,10.116854,2.972262,6.523162,22.828457,0.287294,0.135944,2.890372,0.462824,0.387644,1.592303,0
300850,通联子份,C36,2022,3.259644,108.8,1.785219,2.538018,1,3.075056,3.003373,6.267968,4.210817,6.444542,22.813288,0.333747,0.247244,2.944439,0.249628,0.441251,2.20219,0
300850,通联子份,C36,2023,3.245213,126.0,1.774529,2.745679,1,3.259644,2.999678,7.042499,3.658906,6.770522,23.007318,0.357722,-0.045745,2.995732,0.245276,0.351753,1.303028,0
300883,智联技份,C26,2015,2.873029,81.6,1.43647,-0.582822,1,,2.664804,11.34008,4.061237,6.589312,21.946965,0.477113,0.085121,1.94591,0.25789,0.39912,0.689992,0
300883,智联技份,C26,2016,2.887588,70.8,1.462528,-0.325814,1,2.873029,2.733716,8.085315,3.973135,6.923257,21.987256,0.321882,0.217337,2.079442,0.391774,0.43449,1.683754,0
300883,智联技份,C26,2017,2.971698,73.6,1.529492,-0.018941,1,2.887588,2.772522,11.768753,2.916129,6.736377,22.153886,0.363127,-0.026892,2.197225,0.200884,0.357917,1.329369,0
300883,智联技份,C26,2018,2.918877,92.0,1.469801,-0.416639,1,2.971698,2.731571,7.464995,4.209756,7.051982,22.292499,0.720066,0.025304,2.302585,0.2156,0.401566,2.428664,0
300883,智联技份,C26,2019,3.202949,117.6,1.719568,1.706788,1,2.918877,2.80657,14.569873,3.969505,6.62319,22.197245,0.316021,0.192662,2.397895,0.484414,0.438976,2.257926,0
300883,智联技份,C26,2020,3.094014,103.6,1.627338,0.863348,1,3.202949,2.848582,9.45835,2.367222,6.664286,22.209836,0.235744,0.127614,2.484907,0.164404,0.333327,1.626848,0
300883,智联技份,C26,2021,3.237397,106.8,1.748434,1.949991,1,3.094014,2.972787,12.198792,3.600059,6.875414,22.384882,0.451778,0.28416,2.564949,0.21658,0.378989,1.280218,0
300883,智联技份,C26,2022,3.265123,120.2,1.771367,2.256657,1,3.237397,2.902255,10.581078,3.900869,6.723316,22.529392,0.503808,0.323975,2.639057,0.05,0.415185,2.088526,0
300883,智联技份,C26,2023,3.261879,121.0,1.780039,2.53024,1,3.265123,2.928004,10.302242,4.266904,6.708458,22.513149,0.380011,-0.16855,2.70805,0.241682,0.334129,1.335839,0
300896,创联装份,C35,2015,2.783711,70.4,1.367652,-0.980683,0,,2.832946,9.588157,2.828643,6.419823,21.865581,0.487766,0.107009,1.791759,0.272761,0.312302,2.506985,1
300896,创联装份,C35,2016,2.903469,73.0,1.490651,-0.089433,0,2.783711,2.97866,9.099938,3.608568,6.664628,21.904398,0.345962,0.231207,1.94591,0.202504,0.348305,3.077639,1
300896,创联装份,C35,2017,2.532565,55.6,1.208836,-2.009801,0,2.903469,2.921973,6.950486,2.981868,6.819573,21.917724,0.690415,-0.058955,2.079442,0.433191,0.306213,2.921907,1
300896,创联装份,C35,2018,2.729037,69.4,1.34421,-0.926471,0,2.532565,2.863966,11.799647,2.737402,6.617326,21.887307,0.105073,0.397088,2.197225,0.274626,0.316174,3.523876,1
300896,创联装份,C35,2019,2.588546,56.0,1.22369,-1.912589,0,2.729037,2.855935,8.333289,3.121158,6.750833,22.096536,0.413166,0.030543,2.302585,0.220698,0.313522,2.569279,1
300896,创联装份,C35,2020,3.131452,85.0,1.6566,1.076186,1,2.588546,2.905514,7.435354,3.677774,6.769426,22.203365,0.282407,-0.084027,2.397895,0.205951,0.358711,1.584219,1
300896,创联装份,C35,2021,3.088497,105.6,1.627155,0.658067,1,3.131452,2.831457,9.052303,2.727554,6.835467,22.319344,0.608358,0.035983,2.484907,0.377137,0.414159,1.750349,1
300896,创联装份,C35,2022,3.231822,92.0,1.757793,2.176225,1,3.088497,3.011886,8.15482,2.441107,6.592393,22.219014,0.562793,-0.030956,2.564949,0.500207,0.387904,1.059345,1
300896,创联装份,C35,2023,3.076322,76.8,1.629258,0.689037,0,3.231822,3.081705,9.077338,2.572065,6.919032,22.423904,0.276609,-0.155124,2.639057,0.257975,0.327749,2.384451,1
300924,华联技份,C38,2015,3.179405,103.6,1.719751,1.464791,1,,2.811626,9.229909,2.462706,6.474391,22.0638,0.218371,0.296769,2.890372,0.373343,0.367788,2.666093,1
300924,华联技份,C38,2016,3.26347,103.2,1.77488,2.146016,1,3.179405,2.917698,7.6999,4.612403,6.648641,22.078275,0.486394,0.262334,2.944439,0.419034,0.370026,0.581222,1
300924,华联技份,C38,2017,3.17461,115.0,1.705254,1.332804,1,3.26347,2.904261,5.017231,4.629187,6.669089,22.356405,0.310777,-0.116063,2.995732,0.374924,0.393031,1.28179,1
300924,华联技份,C38,2018,3.237473,131.4,1.759687,1.895598,1,3.17461,2.857522,8.286003,3.024232,6.646287,22.283089,0.629507,-0.156705,3.044522,0.384225,0.462693,2.617976,1
300924,华联技份,C38,2019,3.207314,114.2,1.738348,1.71899,1,3.237473,2.870786,7.253035,3.333463,6.995303,22.236875,0.33221,0.230455,3.091042,0.403063,0.426265,2.21843,1
300924,华联技份,C38,2020,3.052494,84.0,1.604539,0.476571,1,3.207314,2.843634,6.941745,4.273311,6.705531,22.343321,0.076664,-0.267279,3.135494,0.168438,0.332524,0.826475,1
300924,华联技份,C38,2021,2.935322,73.2,1.511465,-0.28246,0,3.052494,2.983926,6.822656,4.265263,6.698936,22.393013,0.659811,0.314314,3.178054,0.273781,0.39044,1.667712,1
300924,华联技份,C38,2022,3.265817,93.8,1.783222,2.068605,1,2.935322,2.976484,3.24679,4.207101,6.479274,22.560582,0.561907,-0.147904,3.218876,0.05,0.308833,2.49084,1
300924,华联技份,C38,2023,3.185873,112.0,1.717944,1.48286,1,3.265817,2.933927,11.778182,3.209269,6.682733,22.536094,0.219039,0.379591,3.258097,0.501179,0.360009,1.777535,1
300931,智联备份,C39,2015,2.556401,60.6,1.208494,-1.892531,0,,2.813131,6.717764,4.082258,6.395837,21.289354,0.38615,-0.090899,2.890372,0.269195,0.383549,2.055918,0
300931,智联备份,C39,2016,3.090708,88.4,1.63462,0.838301,1,2.556401,2.801623,9.487959,3.742745,6.632588,21.369002,0.373589,0.063444,2.944439,0.179132,0.365106,1.314491,0
300931,智联备份,C39,2017,2.840854,77.2,1.422098,-0.706446,0,3.090708,2.906499,11.001174,4.569595,6.570138,21.385255,0.262015,0.179758,2.995732,0.271141,0.520116,1.848047,0
300931,智联备份,C39,2018,2.867323,86.4,1.455618,-0.411567,0,2.840854,2.924697,10.051734,3.537013,6.803662,21.350262,0.301892,0.495957,3.044522,0.343354,0.3347,0.5,0
300931,智联备份,C39,2019,3.278001,106.8,1.790028,2.464975,1,2.867323,2.853201,13.886894,5.186745,6.759855,21.430869,0.198068,0.27473,3.091042,0.407331,0.36714,1.224604,0
300931,智联备份,C39,2020,3.267906,101.0,1.777852,2.227277,1,3.278001,3.021484,4.719746,2.868297,6.489999,21.633232,0.713222,-0.308734,3.135494,0.383656,0.298076,2.442087,0
300931,智联备份,C39,2021,3.198852,99.4,1.726911,1.95549,1,3.267906,2.94458,8.790686,3.518192,6.591337,21.630793,0.278368,0.364721,3.178054,0.380669,0.32413,2.636944,0
300931,智联备份,C39,2022,3.10608,107.2,1.657224,1.272216,1,3.198852,3.016517,7.820807,4.03211,6.463662,21.61071,0.339506,0.176965,3.218876,0.122048,0.349718,1.996883,0
300931,智联备份,C39,2023,3.13901,83.4,1.662064,1.502298,1,3.10608,2.987,10.254209,2.730994,6.654859,21.654085,0.33777,0.123755,3.258097,0.344163,0.409047,1.532758,0
300962,智联能份,C13,2015,2.897808,80.6,1.455562,-0.403219,1,,2.817083,7.465777,4.997312,6.634785,20.593407,0.561523,0.113104,2.197225,0.377735,0.353779,1.455646,0
300962,智联能份,C13,2016,2.237571,32.6,0.829615,-3.712255,0,2.897808,2.835242,10.705457,3.318926,6.645081,20.776762,0.384624,0.559712,2.302585,0.395973,0.381348,1.410966,0
300962,智联能份,C13,2017,2.870452,64.0,1.437635,-0.628748,1,2.237571,2.89593,5.598756,4.769433,6.652432,20.938942,0.678406,0.186422,2.397895,0.51092,0.371206,1.694474,0
300962,智联能份,C13,2018,2.661634,65.0,1.275723,-1.645935,0,2.870452,2.861474,8.332524,3.052722,6.329488,20.906709,0.319117,0.062486,2.484907,0.249298,0.324967,2.27344,0
300962,智联能份,C13,2019,2.413891,48.2,1.087699,-2.572687,0,2.661634,2.929553,9.966896,4.257271,6.447678,20.86072,0.302695,0.283605,2.564949,0.259574,0.35353,2.9719,0
300962,智联能份,C13,2020,2.63633,65.6,1.263106,-1.468296,0,2.413891,2.980092,5.025367,3.480675,6.996006,20.827467,0.573811,0.584685,2.639057,0.190237,0.255301,2.859628,0
300962,智联能份,C13,2021,2.789212,68.6,1.369469,-1.111338,0,2.63633,2.922226,3.182858,1.474828,6.765189,21.08364,0.771127,-0.176955,2.70805,0.415943,0.425195,2.300315,0
300962,智联能份,C13,2022,2.613185,46.6,1.245138,-1.730756,0,2.789212,3.008373,6.797661,3.933848,6.492979,21.073877,0.345365,0.15765,2.772589,0.171363,0.408827,1.33485,0
300962,智联能份,C13,2023,2.483677,51.4,1.161984,-2.267684,0,2.613185,3.063607,5.224773,1.410982,6.535608,21.088156,0.392901,0.083144,2.833213,0.300942,0.414119,3.110092,0
600114,科联能份,C34,2015,2.950615,66.8,1.507776,0.478353,0,,2.927788,1.822621,1.792008,6.662302,22.780982,0.432816,-0.146482,2.397895,0.220482,0.376573,1.818432,0
600114,科联能份,C34,2016,2.877258,82.0,1.460615,-0.086644,0,2.950615,2.90222,3.509405,4.460742,6.614623,22.84338,0.357596,-0.140769,2.484907,0.155929,0.401508,0.845619,0
600114,科联能份,C34,2017,3.126654,103.8,1.657275,1.304496,1,2.877258,2.903441,4.222092,4.369414,6.498,22.839702,0.41827,-0.095081,2.564949,0.399787,0.403672,1.699434,0
600114,科联能份,C34,2018,3.196896,102.2,1.716844,1.567603,1,3.126654,2.967654,2.801627,5.551627,6.817043,22.967935,0.48237,0.098342,2.639057,0.397857,0.459246,2.75629,0
600114,科联能份,C34,2019,3.24529,98.8,1.768101,2.38595,1,3.196896,2.997958,3.732431,2.971328,6.906362,23.116133,0.533353,-0.176007,2.70805,0.05,0.445908,1.593894,0
600114,科联能份,C34,2020,3.260815,124.0,1.76914,2.468989,1,3.24529,2.932794,3.5303,2.259899,6.736255,23.003631,0.453251,0.23028,2.772589,0.44946,0.325008,1.056149,0
600114,科联能份,C34,2021,3.272162,132.6,1.793412,2.64924,1,3.260815,3.036228,11.297359,3.395569,6.936801,23.072218,0.200013,0.106567,2.833213,0.202936,0.463804,1.262775,0
600114,科联能份,C34,2022,3.277064,130.6,1.791205,2.59477,1,3.272162,3.088626,2.04332,2.158606,6.90163,23.399585,0.267798,-0.261513,2.890372,0.296919,0.439046,1.14562,0
600114,科联能份,C34,2023,2.923769,89.8,1.486179,-0.140883,0,3.277064,3.142459,4.919418,3.634265,6.824577,23.037122,0.359666,0.357865,2.944439,0.257188,0.34084,2.869078,0
600118,信联料份,C29,2015,2.681787,51.6,1.306645,-1.486314,0,,2.720097,2.923475,2.139486,6.695469,22.096372,0.305156,-0.293039,2.944439,0.558061,0.413702,1.394966,1
600118,信联料份,C29,2016,2.374501,36.4,1.090322,-2.801355,0,2.681787,2.639457,6.204029,2.08857,6.516735,22.215559,0.367692,0.212755,2.995732,0.39502,0.342525,1.023742,1
600118,信联料份,C29,2017,2.625729,50.4,1.250291,-1.798895,0,2.374501,2.751161,4.899121,1.685928,6.830858,22.085878,0.487532,0.251991,3.044522,0.360612,0.284115,2.137633,1
600118,信联料份,C29,2018,2.245627,43.6,0.965894,-3.420961,0,2.625729,2.787029,8.842408,0.758742,6.522637,22.208829,0.41091,0.257104,3.091042,0.363097,0.357423,2.431106,1
600118,信联料份,C29,2019,2.529405,41.0,1.179164,-2.188707,0,2.245627,2.79552,3.315471,1.705042,6.948996,22.434866,0.592009,0.092803,3.135494,0.355628,0.334335,2.720178,1
600118,信联料份,C29,2020,2.872682,62.8,1.462107,-0.384862,1,2.529405,2.799069,4.031219,1.170985,6.692704,22.321535,0.300302,-0.064309,3.178054,0.559805,0.333025,1.981921,1
600118,信联料份,C29,2021,2.973665,90.2,1.517737,-0.235692,1,2.872682,2.832308,2.855616,3.047906,6.641733,22.534889,0.467354,-0.06886,3.218876,0.258816,0.409946,1.851112,1
600118,信联料份,C29,2022,3.128421,104.8,1.665307,1.153488,1,2.973665,2.877119,2.235703,2.784886,7.042288,22.526548,0.463544,0.01818,3.258097,0.295553,0.301325,1.212777,1
600118,信联料份,C29,2023,2.891737,87.2,1.475041,-0.241565,0,3.128421,2.951174,3.426918,3.124103,6.735709,22.418993,0.604817,-0.015832,3.295837,0.15828,0.349728,1.379192,1
600122,新联机份,C26,2015,2.676671,58.6,1.301559,-1.46521,1,,2.676355,10.733497,2.335297,6.719032,21.320118,0.216454,-0.066354,2.70805,0.388264,0.293628,2.17399,1
600122,新联机份,C26,2016,2.821727,76.2,1.388941,-0.97007,1,2.676671,2.73759,11.262438,3.070085,6.742352,21.514184,0.410438,0.20958,2.772589,0.211366,0.410004,1.56387,1
600122,新联机份,C26,2017,2.748486,75.2,1.357595,-1.271938,0,2.821727,2.785653,11.400117,3.087443,6.682534,21.411535,0.288103,0.030243,2.833213,0.139429,0.427029,0.503762,1
600122,新联机份,C26,2018,2.740262,73.6,1.333491,-1.234479,0,2.748486,2.742078,11.927669,3.480245,6.872398,21.523788,0.139925,0.04699,2.890372,0.433571,0.36457,1.576114,1
600122,新联机份,C26,2019,3.049238,81.0,1.583557,0.15476,1,2.740262,2.815611,9.801596,3.839643,6.582846,21.578423,0.54776,0.24222,2.944439,0.193001,0.324851,1.242194,1
600122,新联机份,C26,2020,3.076548,91.4,1.594662,0.652805,1,3.049238,2.84961,7.649323,3.517938,6.570247,21.513729,0.639255,-0.127447,2.995732,0.388571,0.371455,0.757164,1
600122,新联机份,C26,2021,3.170148,90.4,1.685783,1.319056,1,3.076548,2.976743,10.115906,2.576309,6.445209,21.670191,0.63341,-0.304198,3.044522,0.266624,0.427401,2.600281,1
600122,新联机份,C26,2022,2.782055,69.2,1.37291,-1.092084,0,3.170148,2.930671,10.707546,4.293141,6.675141,21.908161,0.401077,0.158046,3.091042,0.339968,0.316754,1.606953,1
600122,新联机份,C26,2023,3.116168,81.0,1.651153,1.458431,1,2.782055,2.936575,11.235233,1.929836,6.581696,21.798072,0.582411,-0.31398,3.135494,0.511048,0.346303,1.208632,1
600175,创联材份,C39,2015,2.571262,54.6,1.204396,-2.293215,0,,2.812069,9.683065,1.478994,6.580359,22.731117,0.190047,0.333344,2.995732,0.298345,0.425003,1.942046,0
600175,创联材份,C39,2016,2.60269,63.4,1.248877,-1.831199,0,2.571262,2.836482,10.929777,3.416379,6.588269,22.798485,0.312079,0.449221,3.044522,0.271325,0.427533,0.74322,0
600175,创联材份,C39,2017,2.853058,75.2,1.430019,-0.604501,0,2.60269,2.905627,3.627733,1.098489,6.462529,22.894939,0.683271,-0.094169,3.091042,0.282023,0.368271,1.961615,0
600175,创联材份,C39,2018,2.829925,64.0,1.42063,-0.499604,0,2.853058,2.927368,5.538088,1.147193,6.406402,22.936496,0.352765,-0.194247,3.135494,0.546016,0.371462,3.385834,0
600175,创联材份,C39,2019,2.844798,62.8,1.437545,-0.56726,0,2.829925,2.884144,4.840947,1.642999,6.5263,23.074241,0.51194,0.113827,3.178054,0.0834,0.385586,1.495471,0
600175,创联材份,C39,2020,2.475382,46.8,1.131036,-2.376949,0,2.844798,3.078093,7.016202,2.472078,6.653496,23.144003,0.24503,0.009776,3.218876,0.581793,0.351676,1.559196,0
600175,创联材份,C39,2021,2.698293,62.4,1.315753,-1.081138,0,2.475382,2.980334,9.002001,3.492111,6.698722,23.226921,0.396468,0.417138,3.258097,0.473365,0.385254,1.529891,0
600175,创联材份,C39,2022,2.695673,59.6,1.298621,-1.726148,0,2.698293,3.045832,5.61808,1.408295,6.451675,23.277438,0.415331,0.115962,3.295837,0.138593,0.374676,1.362824,0
600175,创联材份,C39,2023,2.915647,63.4,1.489997,-0.242361,0,2.695673,3.002954,4.411295,2.848973,6.558401,23.291709,0.704444,-0.217557,3.332205,0.300325,0.324327,1.798704,0
600201,智联备份,C29,2015,2.588342,52.0,1.23387,-1.979769,0,,2.724345,4.821063,1.970709,6.688423,22.763002,0.490191,0.258683,1.94591,0.085434,0.395408,1.44659,1
600201,智联备份,C29,2016,2.902737,88.6,1.471622,-0.553259,1,2.588342,2.615447,4.215182,2.093629,6.337187,22.799922,0.338282,-0.129804,2.079442,0.250661,0.355325,3.417392,1
600201,智联备份,C29,2017,2.787312,74.8,1.390975,-0.943989,0,2.902737,2.743816,6.922863,2.689121,6.778114,22.754897,0.288071,0.114037,2.197225,0.387724,0.253614,0.994802,1
600201,智联备份,C29,2018,3.123859,91.0,1.649511,0.878573,1,2.787312,2.74711,6.046806,3.84464,6.770822,23.024449,0.397521,0.044206,2.302585,0.118072,0.394519,1.91148,1
600201,智联备份,C29,2019,3.041149,95.8,1.590666,0.296935,1,3.123859,2.772259,6.785147,2.77551,6.742653,22.959416,0.252403,0.365036,2.397895,0.348704,0.395639,2.125044,1
600201,智联备份,C29,2020,3.276542,97.4,1.801445,2.633204,1,3.041149,2.780711,9.059582,3.066321,6.367255,23.129763,0.239761,0.028057,2.484907,0.212544,0.380373,2.012077,1
600201,智联备份,C29,2021,3.274673,111.2,1.796265,2.487124,1,3.276542,2.818626,13.189132,4.064197,6.752357,23.180609,0.267723,-0.049232,2.564949,0.415982,0.48413,1.217535,1
600201,智联备份,C29,2022,3.039889,106.6,1.590179,0.24786,1,3.274673,2.881143,3.53209,2.121137,6.821658,23.14001,0.569787,-0.155345,2.639057,0.186747,0.416184,2.353277,1
600201,智联备份,C29,2023,3.255108,104.4,1.774981,1.877925,1,3.039889,2.934657,5.025553,3.372781,6.521609,23.148393,0.276642,0.136775,2.70805,0.222195,0.288449,2.609928,1
600203,创联械份,C27,2015,2.951773,78.6,1.504528,0.054727,1,,2.858336,8.364112,3.162291,6.781494,21.097527,0.361165,0.513066,2.484907,0.29968,0.334688,1.638363,1
600203,创联械份,C27,2016,3.134081,92.0,1.667226,1.361664,1,2.951773,2.847796,4.936618,3.769292,6.652817,21.101843,0.502206,-0.190179,2.564949,0.127802,0.352718,1.877537,1
600203,创联械份,C27,2017,3.271574,106.0,1.77807,2.607292,1,3.134081,2.865336,6.800267,4.218323,6.559752,21.332467,0.436674,-0.13217,2.639057,0.27734,0.34868,2.475318,1
600203,创联械份,C27,2018,2.985654,80.8,1.552571,0.438608,1,3.271574,2.867738,9.348942,3.829605,6.749772,21.283524,0.484439,0.292939,2.70805,0.408209,0.40472,1.926301,1
600203,创联械份,C27,2019,3.083824,103.0,1.621759,0.829886,1,2.985654,2.935521,4.917302,4.215405,6.739661,21.331439,0.607917,0.23022,2.772589,0.224038,0.27758,2.158076,1
600203,创联械份,C27,2020,3.252659,114.6,1.76148,2.036835,1,3.083824,2.920578,9.367602,2.60512,6.902012,21.527057,0.441267,0.100776,2.833213,0.305854,0.414873,1.275489,1
600203,创联械份,C27,2021,3.258572,101.2,1.765435,2.054079,1,3.252659,3.051915,5.287931,3.935204,6.666988,21.456469,0.381615,0.018421,2.890372,0.451133,0.373612,1.814357,1
600203,创联械份,C27,2022,3.264488,117.0,1.786521,2.56665,1,3.258572,3.03047,7.406859,5.371167,6.565553,21.525835,0.613559,0.051499,2.944439,0.302184,0.29234,2.57564,1
600203,创联械份,C27,2023,3.24859,113.2,1.771741,2.341632,1,3.264488,3.053863,3.54035,2.722454,6.477366,21.470141,0.620327,0.18764,2.995732,0.404988,0.378498,2.592668,1
600213,信联装份,C26,2015,2.836446,77.0,1.418613,-0.507224,1,,2.666956,5.811216,2.677144,6.71849,22.56922,0.571123,0.060656,0.693147,0.268396,0.33623,0.961983,1
600213,信联装份,C26,2016,2.838928,60.8,1.39939,-0.949359,1,2.836446,2.736578,9.123253,1.917875,6.27151,22.752792,0.399424,0.049113,1.098612,0.441037,0.381518,1.481758,1
600213,信联装份,C26,2017,2.388854,49.0,1.066102,-2.612028,0,2.838928,2.806807,6.799824,2.729028,6.668469,22.748203,0.458578,-0.129208,1.386294,0.541787,0.365112,1.308938,1
600213,信联装份,C26,2018,2.390581,39.6,1.056764,-2.847016,0,2.388854,2.762647,7.766848,2.402062,6.843565,22.795337,0.559625,0.009091,1.609438,0.120629,0.328253,1.996935,1
600213,信联装份,C26,2019,2.431925,48.8,1.100808,-2.686509,0,2.390581,2.851924,6.538807,3.38388,6.502835,22.867343,0.386618,0.436552,1.791759,0.557911,0.335672,2.866756,1
600213,信联装份,C26,2020,2.344221,46.4,1.029447,-2.917396,0,2.431925,2.892688,7.583291,3.243228,6.651723,23.026646,0.331733,0.460685,1.94591,0.328122,0.379885,2.223072,1
600213,信联装份,C26,2021,2.822658,62.4,1.410317,-0.440002,0,2.344221,2.997183,4.896896,1.588794,6.636782,23.042993,0.739242,0.015744,2.079442,0.247209,0.445974,2.039995,1
600213,信联装份,C26,2022,2.880377,87.2,1.437445,-0.618672,1,2.822658,2.924887,8.789173,2.198755,6.581533,23.124094,0.445714,0.364476,2.197225,0.181271,0.452675,2.295661,1
600213,信联装份,C26,2023,3.019693,101.4,1.561503,0.511317,1,2.880377,2.94225,9.336878,2.124691,6.499531,23.108987,0.305083,0.031077,2.302585,0.112684,0.399812,2.662092,1
600217,通联能份,C34,2015,2.750245,69.6,1.356892,-0.668349,0,,2.939574,7.956232,3.137311,6.75821,22.05699,0.676352,0.017172,1.098612,0.369593,0.456131,0.780265,1
600217,通联能份,C34,2016,2.964173,69.6,1.521944,0.250712,1,2.750245,2.897108,8.552326,4.641911,6.678888,22.204031,0.392606,0.363167,1.386294,0.358806,0.365322,1.232135,1
600217,通联能份,C34,2017,2.952029,71.2,1.503423,-0.067364,1,2.964173,2.913713,7.148752,2.015036,6.665993,22.165391,0.711119,-0.348196,1.609438,0.260108,0.354192,1.588101,1
600217,通联能份,C34,2018,3.078784,101.4,1.625313,0.961158,1,2.952029,2.974602,4.307504,4.11409,6.636697,22.282557,0.306883,0.021665,1.791759,0.05,0.302663,3.267686,1
600217,通联能份,C34,2019,3.033848,81.6,1.576715,0.777114,1,3.078784,3.010396,5.220996,1.901573,6.773465,22.420052,0.256242,-0.096058,1.94591,0.352299,0.30767,2.334619,1
600217,通联能份,C34,2020,2.932295,88.8,1.490821,-0.030837,1,3.033848,2.952119,4.302792,3.92358,6.740596,22.49997,0.495785,-0.058885,2.079442,0.255582,0.385968,2.101706,1
600217,通联能份,C34,2021,3.249535,109.0,1.764598,1.983038,1,2.932295,3.037559,5.267267,3.331175,6.575573,22.522531,0.687447,-0.060454,2.197225,0.05,0.399289,2.256025,1
600217,通联能份,C34,2022,3.184284,92.6,1.697928,1.56193,0,3.249535,3.094084,6.749228,3.508242,7.025714,22.677505,0.40954,0.123214,2.302585,0.3245,0.293005,1.693152,1
600217,通联能份,C34,2023,3.266967,106.2,1.778266,2.543398,1,3.184284,3.122271,8.287042,3.232276,6.761191,22.738034,0.704967,0.019998,2.397895,0.426675,0.367291,1.620495,1
600224,通联装份,C13,2015,2.874447,62.6,1.45955,-0.685344,1,,2.818458,2.51963,2.451488,6.494297,21.416996,0.728621,-0.326145,2.995732,0.166967,0.348258,1.885231,0
600224,通联装份,C13,2016,2.808505,58.6,1.394443,-0.924024,1,2.874447,2.801658,6.027128,3.440079,6.596277,21.440161,0.449826,0.188549,3.044522,0.347854,0.283796,2.469598,0
600224,通联装份,C13,2017,2.833428,70.0,1.422667,-0.767471,0,2.808505,2.898108,6.047298,2.264074,6.449189,21.443751,0.195751,0.222627,3.091042,0.317573,0.381249,3.29622,0
600224,通联装份,C13,2018,2.710619,70.6,1.320885,-1.243313,0,2.833428,2.858593,7.75955,1.318672,6.562521,21.573654,0.157179,0.130298,3.135494,0.560916,0.312359,1.434226,0
600224,通联装份,C13,2019,2.888556,79.0,1.46335,-0.380191,0,2.710619,2.901632,6.417082,3.95077,6.797502,21.609236,0.63202,0.241482,3.178054,0.116444,0.31538,3.11032,0
600224,通联装份,C13,2020,2.798609,70.2,1.385813,-1.02207,0,2.888556,2.970546,8.930501,1.838456,6.7006,21.584191,0.342465,-0.019241,3.218876,0.28294,0.404677,1.450977,0
600224,通联装份,C13,2021,2.664908,69.6,1.26845,-1.434295,0,2.798609,2.929538,9.418397,3.737612,6.745435,21.727196,0.185348,-0.304644,3.258097,0.27275,0.339874,1.924255,0
600224,通联装份,C13,2022,3.083183,93.6,1.619452,0.462002,1,2.664908,2.980726,0.926256,2.870089,6.793152,21.676239,0.618684,-0.033025,3.295837,0.45329,0.395437,1.289528,0
600224,通联装份,C13,2023,3.187137,88.0,1.700511,1.963656,1,3.083183,3.022227,7.999688,3.796332,6.76631,21.746503,0.629219,0.373941,3.332205,0.18016,0.39887,2.359233,0
600231,联联备份,C35,2015,2.452504,45.4,1.121061,-2.384201,0,,2.863055,3.019774,4.438101,6.329812,23.221131,0.421088,0.408341,2.197225,0.239598,0.387562,0.750826,0
600231,联联备份,C35,2016,2.605068,53.6,1.240945,-1.770822,0,2.452504,3.005787,8.440651,3.730917,6.681043,23.311627,0.211275,0.375683,2.302585,0.05,0.342878,1.604056,0
600231,联联备份,C35,2017,2.590329,50.2,1.198607,-2.033881,0,2.605068,2.916722,10.283406,1.219377,6.811475,23.545504,0.569131,0.345501,2.397895,0.409336,0.393265,2.279577,0
600231,联联备份,C35,2018,2.448648,50.4,1.109167,-2.613647,0,2.590329,2.889456,4.350213,2.567895,6.59106,23.434777,0.398815,-0.077999,2.484907,0.330152,0.334473,3.506913,0
600231,联联备份,C35,2019,2.281133,44.8,0.999596,-2.955771,0,2.448648,2.883882,6.197089,0.620507,6.804929,23.635699,0.5257,0.121379,2.564949,0.505811,0.342727,3.330499,0
600231,联联备份,C35,2020,2.765511,68.6,1.363347,-0.92544,0,2.281133,2.938781,8.281733,2.457367,6.434785,23.705056,0.599376,0.074789,2.639057,0.302045,0.323883,0.980675,0
600231,联联备份,C35,2021,2.701681,73.0,1.313071,-1.378772,0,2.765511,2.866622,9.969582,3.371064,6.640591,23.730577,0.406745,0.169782,2.70805,0.05,0.366098,1.485463,0
600231,联联备份,C35,2022,2.758296,75.8,1.354774,-1.061941,0,2.701681,3.054934,8.734961,3.100271,6.44863,23.873737,0.101547,0.104224,2.772589,0.436993,0.384918,0.787202,0
600231,联联备份,C35,2023,3.092561,103.8,1.614489,0.777877,1,2.758296,3.080229,11.21186,3.601378,6.64499,23.844898,0.398753,0.172145,2.833213,0.230524,0.407912,2.060147,0
600253,新联料份,C27,2015,2.894402,87.6,1.46105,-0.127496,1,,2.861068,11.233942,2.776324,6.541744,21.857637,0.205607,0.178164,2.484907,0.253895,0.330984,1.395408,0
600253,新联料份,C27,2016,3.059294,104.0,1.594345,0.618856,1,2.894402,2.851357,11.794336,3.828331,6.686305,22.175063,0.346717,0.284373,2.564949,0.299752,0.347123,2.436256,0
600253,新联料份,C27,2017,3.13038,116.0,1.654546,1.118294,1,3.059294,2.87206,8.568914,3.253339,6.97997,22.280882,0.319753,0.005922,2.639057,0.270959,0.40972,1.72934,0
600253,新联料份,C27,2018,3.131155,110.4,1.662177,1.469319,1,3.13038,2.860809,8.681891,5.740731,6.821092,22.194568,0.558527,0.293289,2.70805,0.615823,0.496258,2.975276,0
600253,新联料份,C27,2019,2.824551,69.2,1.403216,-0.856183,0,3.131155,2.947867,7.375311,1.787512,6.834981,22.270536,0.300222,0.045998,2.772589,0.511597,0.33766,2.151352,0
600253,新联料份,C27,2020,2.880143,61.6,1.44342,-0.377135,0,2.824551,2.938317,10.583375,4.435174,6.519092,22.277844,0.394312,0.019936,2.833213,0.350807,0.417793,1.92706,0
600253,新联料份,C27,2021,3.15063,85.0,1.682542,1.264706,1,2.880143,3.057055,7.728804,5.270207,6.697008,22.525185,0.545186,-0.091098,2.890372,0.393822,0.479698,2.342675,0
600253,新联料份,C27,2022,2.792156,65.4,1.396332,-0.464658,0,3.15063,3.052962,9.383749,4.567158,6.75955,22.445655,0.455529,0.287257,2.944439,0.207691,0.253108,2.827415,0
600253,新联料份,C27,2023,3.156527,101.2,1.675562,1.415801,1,2.792156,3.058247,10.252822,2.531136,6.589967,22.569793,0.611371,0.15793,2.995732,0.317864,0.349786,2.570572,0
600270,中联子份,C34,2015,2.927562,71.4,1.48634,0.219232,0,,2.929144,2.742284,2.955211,6.809106,21.28342,0.58349,0.064842,2.944439,0.230809,0.478905,2.796293,0
600270,中联子份,C34,2016,2.719508,59.2,1.339787,-1.114936,0,2.927562,2.9115,4.963688,3.22876,6.541315,21.458532,0.31347,-0.380013,2.995732,0.503352,0.394065,1.687413,0
600270,中联子份,C34,2017,2.788688,71.4,1.371093,-0.668852,0,2.719508,2.923321,4.385584,0.760326,6.636763,21.471491,0.648188,-0.193424,3.044522,0.511991,0.404434,2.006934,0
600270,中联子份,C34,2018,2.877384,63.6,1.442124,-0.474528,0,2.788688,2.986449,5.089418,1.547466,6.630236,21.483323,0.287166,-0.144284,3.091042,0.505517,0.336313,0.934273,0
600270,中联子份,C34,2019,2.965217,67.8,1.519503,0.252096,0,2.877384,3.014433,6.429612,2.623641,6.458153,21.437354,0.323108,-0.042299,3.135494,0.43227,0.413658,2.512866,0
600270,中联子份,C34,2020,2.898519,89.2,1.462717,-0.204112,0,2.965217,2.954106,6.001041,5.419214,6.701778,21.517808,0.497351,0.599614,3.178054,0.383325,0.296337,2.586628,0
600270,中联子份,C34,2021,2.507934,50.6,1.161841,-2.140866,0,2.898519,3.081182,5.981229,2.946683,6.751061,21.517256,0.339491,0.365591,3.218876,0.367276,0.365242,1.07516,0
600270,中联子份,C34,2022,2.656474,56.6,1.274874,-1.647239,0,2.507934,3.125131,1.347477,3.672883,6.638251,21.420913,0.668596,-0.414652,3.258097,0.412893,0.352099,2.53084,0
600270,中联子份,C34,2023,3.011767,94.8,1.554107,0.547729,0,2.656474,3.137283,4.303703,4.592197,6.749403,21.575417,0.532598,-0.028135,3.295837,0.266217,0.357261,1.190458,0
600292,联联子份,C40,2015,2.67699,68.6,1.28713,-1.567138,0,,2.854553,4.133853,2.822174,6.68127,22.485111,0.452285,0.286799,2.944439,0.274669,0.354944,2.171724,0
600292,联联子份,C40,2016,2.924798,75.0,1.491173,-0.392534,0,2.67699,2.941973,3.246334,2.717194,6.775916,22.552826,0.622755,0.309233,2.995732,0.293046,0.434016,0.974924,0
600292,联联子份,C40,2017,2.740444,75.6,1.328549,-1.379356,0,2.924798,2.879826,4.208694,2.448069,6.688306,22.673454,0.313542,0.095595,3.044522,0.367923,0.380357,1.103359,0
600292,联联子份,C40,2018,2.715586,71.4,1.318199,-1.177327,0,2.740444,2.982286,-0.104234,0.907994,6.706731,22.797918,0.405759,-0.139695,3.091042,0.16646,0.411567,1.907538,0
600292,联联子份,C40,2019,2.5533,51.0,1.202019,-1.796089,0,2.715586,3.036947,4.434216,2.479786,6.661744,22.743947,0.336037,0.109744,3.135494,0.342438,0.378837,1.315069,0
600292,联联子份,C40,2020,2.666029,65.0,1.274803,-1.565607,0,2.5533,3.04288,2.513169,3.743414,6.769082,22.764392,0.279851,-0.099118,3.178054,0.21465,0.281842,1.802244,0
600292,联联子份,C40,2021,2.841594,66.8,1.414598,-0.912837,0,2.666029,3.095279,0.666238,4.647324,6.405896,22.831488,0.707691,0.012397,3.218876,0.240241,0.396303,2.362574,0
600292,联联子份,C40,2022,2.701423,57.8,1.316297,-1.212587,0,2.841594,3.105317,2.009279,3.179476,6.620288,22.955022,0.4986,0.37897,3.258097,0.453519,0.422243,1.076371,0
600292,联联子份,C40,2023,2.665247,65.4,1.280759,-1.569589,0,2.701423,3.140427,3.295865,3.42432,6.584336,22.973307,0.507245,0.328352,3.295837,0.340173,0.477967,1.286415,0
600353,信联子份,C26,2015,2.237571,26.0,0.829067,-3.576883,0,,2.702184,6.009773,2.294166,6.601634,22.195203,0.509608,0.084942,0.0,0.195846,0.338764,1.882789,0
600353,信联子份,C26,2016,2.377102,46.2,1.05925,-2.778831,0,2.237571,2.763744,3.823913,0.711946,6.350579,22.291378,0.751914,-0.251486,0.693147,0.305396,0.323049,2.101084,0
600353,信联子份,C26,2017,2.7892,56.4,1.379426,-0.602993,1,2.377102,2.783258,7.461977,1.807274,6.668562,22.344478,0.324095,0.181978,1.098612,0.227948,0.303996,0.919417,0
600353,信联子份,C26,2018,2.563428,58.2,1.195983,-2.106134,0,2.7892,2.75248,5.746426,2.788813,6.811374,22.496192,0.337806,-0.029103,1.386294,0.144147,0.27204,1.464965,0
600353,信联子份,C26,2019,2.703569,53.6,1.315037,-1.36684,0,2.563428,2.835945,9.057117,1.989352,6.590389,22.434139,0.423155,-0.038902,1.609438,0.403491,0.440012,2.983019,0
600353,信联子份,C26,2020,2.602137,62.8,1.246975,-2.003508,0,2.703569,2.877516,9.126236,2.409854,6.662767,22.470484,0.227324,0.01015,1.791759,0.242164,0.382019,1.569864,0
600353,信联子份,C26,2021,2.637323,50.8,1.24657,-1.733954,0,2.602137,3.008085,10.655789,1.903535,6.682715,22.399808,0.387432,0.398719,1.94591,0.470328,0.38496,0.783364,0
600353,信联子份,C26,2022,2.690337,60.4,1.295581,-1.621079,0,2.637323,2.936066,7.1574,3.565563,6.813775,22.775786,0.305358,0.426722,2.079442,0.216128,0.318695,2.472118,0
600353,信联子份,C26,2023,2.740042,73.8,1.349078,-0.963895,0,2.690337,2.9587,7.654385,3.121929,6.693744,22.665676,0.45412,-0.012318,2.197225,0.238917,0.379724,2.435899,0
600363,联联电份,C39,2015,2.678482,63.0,1.310525,-1.047991,0,,2.804411,7.23469,3.718635,6.411556,21.928578,0.531943,0.391736,1.098612,0.49505,0.418307,2.23282,0
600363,联联电份,C39,2016,2.690952,60.0,1.307415,-1.438108,0,2.678482,2.830177,4.383483,2.973695,6.690414,22.192006,0.559787,0.366634,1.386294,0.404658,0.316912,2.324135,0
600363,联联电份,C39,2017,2.471267,55.0,1.137601,-2.261421,0,2.690952,2.932898,11.581981,3.283151,6.62927,22.154776,0.404731,0.369352,1.609438,0.250591,0.415704,2.253572,0
600363,联联电份,C39,2018,2.657992,64.6,1.283891,-1.734131,0,2.471267,2.939649,4.904259,3.797545,6.606643,22.086529,0.607412,-0.006191,1.791759,0.219012,0.339978,1.616462,0
600363,联联电份,C39,2019,2.762085,73.2,1.355628,-1.306143,0,2.657992,2.890052,5.341998,2.422015,6.467472,22.239684,0.458937,0.026318,1.94591,0.147654,0.378051,1.26683,0
600363,联联电份,C39,2020,3.058162,80.2,1.617816,0.537751,0,2.762085,3.036466,5.728372,4.262885,6.649266,22.36619,0.276338,-0.199449,2.079442,0.261594,0.31196,2.427123,0
600363,联联电份,C39,2021,2.585231,63.0,1.209105,-2.063909,0,3.058162,2.98841,8.111812,1.799063,6.180847,22.290201,0.295177,0.049222,2.197225,0.473487,0.37987,1.760743,0
600363,联联电份,C39,2022,3.083063,95.4,1.629267,0.915839,0,2.585231,3.018161,5.874053,5.315271,6.610878,22.45589,0.403869,0.197706,2.302585,0.409493,0.414528,1.917437,0
600363,联联电份,C39,2023,3.275428,102.2,1.800719,2.447507,1,3.083063,2.977255,6.690782,3.383164,6.609599,22.460677,0.594996,0.240728,2.397895,0.260288,0.372198,1.671373,0
600365,联联能份,C13,2015,2.993019,76.2,1.559053,0.043316,1,,2.811483,1.387606,4.559514,6.667252,21.730644,0.531531,-0.023932,2.70805,0.525567,0.345747,1.401486,1
600365,联联能份,C13,2016,2.773134,60.2,1.372038,-0.825084,0,2.993019,2.803738,-0.60669,4.036117,6.633628,21.597849,0.696915,0.119529,2.772589,0.38513,0.44491,2.218393,1
600365,联联能份,C13,2017,3.061511,92.8,1.602345,0.800362,1,2.773134,2.884692,4.759787,3.239506,6.663196,21.948288,0.440675,0.170339,2.833213,0.285679,0.430508,2.485842,1
600365,联联能份,C13,2018,3.071983,101.4,1.605241,0.562096,1,3.061511,2.837336,0.203198,3.321656,6.91106,22.07589,0.279522,0.109224,2.890372,0.441871,0.36622,1.723409,1
600365,联联能份,C13,2019,2.971076,73.2,1.528514,-0.025959,1,3.071983,2.896778,4.768228,2.502847,7.074356,21.988466,0.263462,-0.089475,2.944439,0.316022,0.382222,2.534899,1
600365,联联能份,C13,2020,3.148736,94.0,1.666347,1.118159,1,2.971076,2.94995,6.897207,1.553473,6.660389,22.113088,0.14553,0.200587,2.995732,0.294234,0.358341,2.447106,1
600365,联联能份,C13,2021,2.858151,84.2,1.439582,-0.552639,0,3.148736,2.918171,6.713391,3.74637,6.764632,22.194048,0.069654,-0.195738,3.044522,0.601294,0.336348,2.196802,1
600365,联联能份,C13,2022,3.27715,95.6,1.778413,2.150289,1,2.858151,2.969316,3.47995,5.575051,6.481594,22.274196,0.44242,0.277096,3.091042,0.434143,0.392317,1.537055,1
600365,联联能份,C13,2023,2.851403,73.6,1.433164,-0.688647,0,3.27715,3.041976,-0.420865,3.130807,6.609421,22.18132,0.608061,-0.060413,3.135494,0.352031,0.25,1.844406,1
600369,信联械份,C36,2015,3.234512,95.6,1.756917,2.452221,1,,2.839852,6.562439,1.931265,6.740407,23.907864,0.136483,-0.009855,1.098612,0.05,0.35924,1.976589,0
600369,信联械份,C36,2016,3.24284,92.2,1.754245,2.142692,1,3.234512,2.852614,5.924584,2.998909,6.949976,24.097063,0.484638,0.233097,1.386294,0.507926,0.36125,2.055756,0
600369,信联械份,C36,2017,3.041199,85.8,1.581935,0.603925,1,3.24284,2.899926,4.008536,1.982007,6.646424,24.309407,0.36518,0.28752,1.609438,0.320235,0.333442,2.474812,0
600369,信联械份,C36,2018,3.266611,93.6,1.784608,2.564498,1,3.041199,2.966634,5.510554,0.993077,6.562889,24.34837,0.350466,0.017979,1.791759,0.089194,0.341794,2.547921,0
600369,信联械份,C36,2019,3.037416,106.8,1.590014,0.923563,0,3.266611,2.98195,3.181938,2.162367,6.802854,24.277571,0.303808,-0.090627,1.94591,0.435071,0.292601,1.815864,0
600369,信联械份,C36,2020,2.802164,72.2,1.381941,-0.634713,0,3.037416,3.030202,4.183302,1.68364,6.626398,24.312493,0.558747,0.105947,2.079442,0.506029,0.397054,1.348477,0
600369,信联械份,C36,2021,2.99083,91.6,1.556737,0.248092,0,2.802164,2.948321,2.095513,2.673658,6.769996,24.49065,0.518542,0.478137,2.197225,0.426962,0.415603,2.41787,0
600369,信联械份,C36,2022,3.12324,93.2,1.657419,1.381315,1,2.99083,3.012466,3.208119,2.236885,6.844569,24.438006,0.65522,0.393421,2.302585,0.4737,0.29795,2.297975,0
600369,信联械份,C36,2023,3.086578,96.4,1.624431,1.109969,1,3.12324,3.010254,7.094154,3.893486,6.924128,24.526147,0.237841,0.599614,2.397895,0.137827,0.287182,1.766578,0
600407,华联技份,C13,2015,2.680489,67.2,1.301327,-1.478084,0,,2.829867,4.242651,4.513488,6.583368,21.492157,0.459615,0.274825,0.693147,0.536964,0.396766,2.059799,0
600407,华联技份,C13,2016,2.937466,94.2,1.499731,-0.350368,1,2.680489,2.794072,5.17606,3.987742,6.924192,21.454368,0.528446,0.192739,1.098612,0.555713,0.377962,3.523876,0
600407,华联技份,C13,2017,2.781107,75.2,1.389721,-1.0279,0,2.937466,2.901186,5.038082,2.950346,6.869199,21.573832,0.485579,0.060389,1.386294,0.299033,0.441053,0.587984,0
600407,华联技份,C13,2018,3.101519,98.6,1.631664,0.865085,1,2.781107,2.835599,4.624122,5.459009,6.82528,21.653598,0.331387,-0.073428,1.609438,0.214826,0.258651,2.512473,0
600407,华联技份,C13,2019,3.129223,83.6,1.653324,1.08529,1,3.101519,2.887475,7.729718,2.375646,6.845856,21.788779,0.271722,0.240857,1.791759,0.392038,0.390638,2.5324,0
600407,华联技份,C13,2020,3.12823,108.6,1.654989,0.975299,1,3.129223,2.951157,6.305479,2.685706,6.687069,21.794392,0.226345,-0.120584,1.94591,0.370004,0.452946,1.509181,0
600407,华联技份,C13,2021,2.968743,96.4,1.527183,-0.119723,1,3.12823,2.911666,2.353648,2.109194,6.927834,21.958151,0.571773,-0.150359,2.079442,0.375079,0.290864,0.725703,0
600407,华联技份,C13,2022,3.197295,122.4,1.714413,1.615591,1,2.968743,2.974014,5.931706,4.942971,6.616217,21.987613,0.448073,0.215973,2.197225,0.084645,0.335353,1.87353,0
600407,华联技份,C13,2023,3.248182,125.4,1.75306,1.848521,1,3.197295,3.018636,7.322585,3.663867,6.800813,21.920255,0.282723,0.091768,2.302585,0.390052,0.482626,1.737971,0
600444,智联科份,C13,2015,3.132173,101.2,1.666634,0.836112,1,,2.803297,4.751641,3.398899,6.623546,22.514241,0.548884,0.226404,1.098612,0.312942,0.324701,2.526935,0
600444,智联科份,C13,2016,3.066441,77.4,1.589094,0.644779,1,3.132173,2.786485,6.555885,2.683294,6.563535,22.615934,0.413017,-0.039168,1.386294,0.353472,0.456493,2.709693,0
600444,智联科份,C13,2017,3.242584,121.4,1.763679,2.299134,1,3.066441,2.87404,5.17827,2.568871,6.585751,22.632964,0.449404,-0.156658,1.609438,0.41144,0.338296,1.034935,0
600444,智联科份,C13,2018,3.256139,110.4,1.776493,2.019719,1,3.242584,2.826503,7.375334,3.349744,6.594567,22.638513,0.286785,0.101468,1.791759,0.291245,0.371412,1.231656,0
600444,智联科份,C13,2019,3.270872,104.2,1.762256,1.968576,1,3.256139,2.879143,6.956506,1.979982,6.503434,22.721041,0.146471,0.054179,1.94591,0.289762,0.395401,1.982067,0
600444,智联科份,C13,2020,3.099526,109.2,1.618007,0.66198,1,3.270872,2.952845,2.960194,3.97072,7.01252,22.786168,0.45989,0.106404,2.079442,0.445199,0.327829,0.915122,0
600444,智联科份,C13,2021,3.091742,101.0,1.631585,1.259847,1,3.099526,2.90443,5.036271,4.132698,6.649999,23.025189,0.386402,-0.09484,2.197225,0.282782,0.454924,2.703725,0
600444,智联科份,C13,2022,2.958271,84.2,1.517673,-0.058813,0,3.091742,2.988074,7.373541,3.050373,6.364734,22.923015,0.263411,0.388114,2.302585,0.354232,0.38456,1.204274,0
600444,智联科份,C13,2023,3.178737,102.4,1.690613,1.368942,1,2.958271,3.022721,8.764543,2.835661,6.777386,23.095125,0.286128,0.451798,2.397895,0.150979,0.284831,1.570987,0
600480,科联科份,C26,2015,2.317051,44.0,1.021335,-2.868179,0,,2.697509,7.772335,3.885004,6.614972,22.075362,0.160801,0.087419,2.564949,0.274705,0.303823,2.306898,0
600480,科联科份,C26,2016,2.827672,59.6,1.399774,-0.398958,1,2.317051,2.73724,7.804264,2.510117,6.395776,22.055707,0.66819,0.407271,2.639057,0.615823,0.428321,2.18085,0
600480,科联科份,C26,2017,2.801058,76.8,1.392075,-1.068832,1,2.827672,2.78256,13.288843,3.50363,6.353161,22.092619,0.168027,0.290064,2.70805,0.459273,0.362022,2.469581,0
600480,科联科份,C26,2018,2.771059,70.4,1.368856,-0.7282,1,2.801058,2.740266,10.907106,2.31497,6.669474,22.046471,0.25889,0.045686,2.772589,0.285603,0.38968,2.409432,0
600480,科联科份,C26,2019,2.933001,90.2,1.48635,-0.426877,1,2.771059,2.822449,9.799857,2.123627,6.536239,22.288075,0.308729,0.254694,2.833213,0.271369,0.328706,1.453374,0
600480,科联科份,C26,2020,3.035316,84.4,1.577361,0.73911,1,2.933001,2.852035,8.663806,4.564502,6.426512,22.331412,0.313247,0.049362,2.890372,0.382612,0.36726,0.808005,0
600480,科联科份,C26,2021,2.877171,71.8,1.444693,-0.394374,0,3.035316,2.993977,4.897617,1.598173,6.63897,22.267752,0.690232,0.004915,2.944439,0.490533,0.334404,1.695783,0
600480,科联科份,C26,2022,2.631307,66.2,1.260893,-1.565482,0,2.877171,2.939538,10.694053,3.807999,6.416764,22.461366,0.400482,0.441224,2.995732,0.448084,0.384921,0.577009,0
600480,科联科份,C26,2023,2.767743,65.6,1.366839,-0.854359,0,2.631307,2.957071,8.740784,1.32505,6.481507,22.405946,0.604406,0.334541,3.044522,0.298562,0.432189,1.771203,0
600492,信联机份,C13,2015,3.088748,85.6,1.632286,0.923989,1,,2.805852,11.413899,3.734702,6.43332,21.305285,0.089239,-0.195715,2.833213,0.296329,0.363516,1.336972,0
600492,信联机份,C13,2016,2.856517,80.2,1.4297,-0.587123,1,3.088748,2.798834,7.532229,3.687213,6.860219,21.309895,0.341484,0.241584,2.890372,0.363102,0.416311,3.091827,0
600492,信联机份,C13,2017,3.122372,89.6,1.654704,1.10946,1,2.856517,2.881111,8.677797,2.608906,6.459006,21.566029,0.222564,0.131492,2.944439,0.453789,0.378671,2.314057,0
600492,信联机份,C13,2018,3.041469,93.4,1.580227,0.661511,1,3.122372,2.839131,3.071104,3.866132,6.490889,21.473733,0.724217,0.035175,2.995732,0.310395,0.430994,3.04176,0
600492,信联机份,C13,2019,3.255026,101.6,1.766197,1.939474,1,3.041469,2.880075,7.853476,3.599244,6.458852,21.427226,0.333251,0.348638,3.044522,0.22699,0.415856,1.782446,0
600492,信联机份,C13,2020,3.262534,108.6,1.775945,2.266782,1,3.255026,2.943256,4.555505,2.419169,6.516861,21.414667,0.568923,0.279449,3.091042,0.173987,0.335594,1.925355,0
600492,信联机份,C13,2021,3.259603,127.8,1.779497,2.238226,1,3.262534,2.894556,4.724624,3.75401,7.017205,21.70411,0.481595,-0.32837,3.135494,0.242654,0.314628,1.474891,0
600492,信联机份,C13,2022,3.265404,128.8,1.78042,2.618867,1,3.259603,2.970007,8.219467,5.740731,6.608655,21.746413,0.361002,0.112764,3.178054,0.224733,0.336218,1.095814,0
600492,信联机份,C13,2023,3.278001,116.4,1.802239,2.272215,1,3.265404,3.016882,9.036999,4.939618,6.891963,21.870345,0.502227,0.227225,3.218876,0.297016,0.415691,2.126159,0
600501,科联机份,C26,2015,2.639484,58.8,1.254411,-1.770153,0,,2.678542,8.279512,3.891801,6.604623,21.268996,0.520777,0.219164,0.0,0.332263,0.416566,1.943499,0
600501,科联机份,C26,2016,2.915487,66.2,1.470198,-0.206662,1,2.639484,2.732075,3.338285,1.513318,6.324742,21.399364,0.297489,-0.151069,0.693147,0.469896,0.359387,2.011913,0
600501,科联机份,C26,2017,2.5736,62.2,1.189591,-2.187154,0,2.915487,2.79594,5.005366,2.889363,6.673338,21.353129,0.513616,0.016806,1.098612,0.453108,0.371493,1.521897,0
600501,科联机份,C26,2018,2.487682,53.6,1.141427,-2.447791,0,2.5736,2.756935,7.870759,3.738892,6.394509,21.496463,0.279489,0.092226,1.386294,0.44655,0.438523,2.611344,0
600501,科联机份,C26,2019,2.644859,55.4,1.273421,-1.601892,0,2.487682,2.839398,2.598973,2.448016,6.570676,21.683161,0.327457,0.072424,1.609438,0.31608,0.354554,0.5,0
600501,科联机份,C26,2020,2.733496,65.2,1.331191,-1.297187,0,2.644859,2.869789,9.58255,3.374085,6.544949,21.552609,0.452306,0.426703,1.791759,0.585002,0.405995,1.766075,0
600501,科联机份,C26,2021,2.838717,79.6,1.412163,-0.645642,0,2.733496,2.996239,4.098819,3.957984,6.645152,21.691133,0.771127,-0.035412,1.94591,0.45478,0.361912,1.821685,0
600501,科联机份,C26,2022,2.736872,63.4,1.337382,-1.268224,0,2.838717,2.933329,3.78944,2.97922,6.641198,21.782868,0.594436,0.040475,2.079442,0.341777,0.387582,0.852042,0
600501,科联机份,C26,2023,2.70009,74.0,1.295459,-1.347975,0,2.736872,2.96105,2.311664,4.67033,6.654326,21.794494,0.695467,0.16746,2.197225,0.383776,0.353234,1.63961,0
600598,中联能份,C27,2015,2.84604,81.0,1.421887,-0.372462,0,,2.863371,1.725852,3.408602,6.812328,23.385308,0.499879,0.235101,2.197225,0.28109,0.340834,2.797358,1
600598,中联能份,C27,2016,2.939556,89.0,1.504985,0.082088,1,2.84604,2.857059,4.76071,2.755133,6.469433,23.273474,0.684391,0.007775,2.302585,0.326673,0.422505,1.692026,1
600598,中联能份,C27,2017,2.686954,70.2,1.294971,-1.424953,0,2.939556,2.893175,3.182145,2.819611,6.928923,23.443516,0.421795,-0.098558,2.397895,0.49822,0.428691,2.406256,1
600598,中联能份,C27,2018,2.991564,73.0,1.55033,0.498204,1,2.686954,2.867456,10.134507,3.465674,6.765301,23.499248,0.13141,0.003626,2.484907,0.385228,0.422989,2.188896,1
600598,中联能份,C27,2019,2.870726,82.4,1.458808,-0.267896,0,2.991564,2.945669,8.049763,3.388318,6.873535,23.52537,0.515832,0.234933,2.564949,0.500286,0.374535,2.535265,1
600598,中联能份,C27,2020,2.744306,76.0,1.332206,-0.881578,0,2.870726,2.944785,6.186801,3.777076,6.475629,23.599873,0.368887,0.293668,2.639057,0.222663,0.407774,1.818272,1
600598,中联能份,C27,2021,3.148294,120.4,1.659466,1.178756,1,2.744306,3.057166,5.973221,3.050508,6.651552,23.746539,0.290884,-0.44873,2.70805,0.215678,0.398017,2.918072,1
600598,中联能份,C27,2022,3.267762,115.0,1.7763,2.253866,1,3.148294,3.030314,8.252486,3.336213,6.855806,23.850281,0.428886,0.084089,2.772589,0.361995,0.400852,1.30728,1
600598,中联能份,C27,2023,3.26725,134.6,1.786138,2.673843,1,3.267762,3.052974,6.772384,2.901763,6.815442,23.884923,0.368727,0.137988,2.833213,0.243499,0.394784,1.037529,1
600600,远联材份,C29,2015,2.739315,56.4,1.353251,-1.120128,0,,2.717483,8.234694,1.929778,6.622411,21.508745,0.444622,0.286683,2.639057,0.422482,0.434523,0.853056,0
600600,远联材份,C29,2016,2.856425,83.8,1.441315,-0.649617,1,2.739315,2.617552,5.970935,3.422051,6.745463,21.532888,0.480793,0.310931,2.70805,0.485557,0.31883,1.626259,0
600600,远联材份,C29,2017,3.05935,79.0,1.59544,0.721148,1,2.856425,2.731451,9.964851,3.055304,6.665873,21.682326,0.344108,-0.022928,2.772589,0.437453,0.410434,2.899559,0
600600,远联材份,C29,2018,2.837451,74.8,1.420386,-0.583949,1,3.05935,2.760128,8.621284,3.816906,6.743556,21.780258,0.40396,-0.031896,2.833213,0.460392,0.338337,1.669502,0
600600,远联材份,C29,2019,2.744744,62.8,1.352017,-1.143981,0,2.837451,2.785732,6.774995,3.372111,6.550594,21.767874,0.317157,-0.071084,2.890372,0.513553,0.297113,1.677129,0
600600,远联材份,C29,2020,2.814011,76.8,1.415574,-0.862749,1,2.744744,2.801735,7.156696,2.996187,6.726319,21.751968,0.483764,0.245888,2.944439,0.428969,0.376501,2.052756,0
600600,远联材份,C29,2021,2.376949,39.0,1.054023,-2.754948,0,2.814011,2.859432,4.101979,4.390262,6.781963,21.878742,0.528883,0.118312,2.995732,0.270879,0.468078,1.942757,0
600600,远联材份,C29,2022,3.132383,106.2,1.674865,1.273433,1,2.376949,2.876939,8.929767,3.90911,6.591968,21.892644,0.554546,-0.084586,3.044522,0.394368,0.327364,2.306509,0
600600,远联材份,C29,2023,2.811841,72.4,1.410705,-0.76969,0,3.132383,2.954806,8.88345,5.36194,6.956825,21.953438,0.33741,-0.199518,3.091042,0.328789,0.348907,1.184346,0
600605,远联科份,C40,2015,2.602484,56.4,1.22782,-1.908032,0,,2.857939,11.632719,4.398836,6.900132,22.499742,0.231259,-0.032491,0.693147,0.332073,0.36942,2.034496,1
600605,远联科份,C40,2016,2.918968,65.2,1.481359,-0.412753,0,2.602484,2.942238,9.081764,2.576492,6.482904,22.704027,0.37434,0.238843,1.098612,0.201856,0.360057,2.652993,1
600605,远联科份,C40,2017,2.742864,75.2,1.337015,-1.204987,0,2.918968,2.879716,8.488803,2.699531,6.823538,22.719447,0.511876,-0.262164,1.386294,0.22975,0.40665,1.163656,1
600605,远联科份,C40,2018,2.815357,81.4,1.387981,-1.102702,0,2.742864,2.977751,14.815956,2.262368,6.390719,22.811542,0.093728,-0.303316,1.609438,0.424672,0.328257,2.959652,1
600605,远联科份,C40,2019,3.041187,102.6,1.573596,0.228321,1,2.815357,3.014771,7.668321,4.067513,7.012131,22.904943,0.549684,0.145742,1.791759,0.378205,0.35893,1.184416,1
600605,远联科份,C40,2020,3.010468,75.2,1.556521,0.35612,0,3.041187,3.027224,11.339318,3.443354,6.619702,22.95035,0.265782,0.328389,1.94591,0.227016,0.27854,1.347605,1
600605,远联科份,C40,2021,3.249991,112.2,1.758619,2.279226,1,3.010468,3.076716,10.812827,4.783912,6.636036,22.962733,0.38289,0.251836,2.079442,0.396517,0.424097,1.377137,1
600605,远联科份,C40,2022,3.267227,127.0,1.762668,1.943117,1,3.249991,3.079599,6.65587,2.484394,6.719176,23.073403,0.565408,0.229304,2.197225,0.228143,0.395758,2.696567,1
600605,远联科份,C40,2023,3.245193,111.0,1.758955,1.865485,1,3.267227,3.114066,11.029408,3.138182,6.547831,23.276154,0.444481,0.096858,2.302585,0.536863,0.349335,2.688682,1
600610,新联备份,C36,2015,2.651496,60.0,1.281609,-1.289193,0,,2.878719,10.783495,2.396462,6.634998,21.321614,0.574646,0.543685,2.639057,0.429645,0.432216,1.029357,1
600610,新联备份,C36,2016,3.035131,90.8,1.586753,0.837727,1,2.651496,2.866462,8.28334,2.469612,6.504372,21.534923,0.436439,-0.122717,2.70805,0.240743,0.366782,1.734737,1
600610,新联备份,C36,2017,2.873193,83.2,1.449029,-0.481046,0,3.035131,2.911127,9.7156,3.204796,6.37207,21.443045,0.075174,-0.172824,2.772589,0.328077,0.385708,2.034384,1
600610,新联备份,C36,2018,2.999302,91.2,1.562917,0.562688,0,2.873193,2.984454,11.245678,3.975209,6.493133,21.477336,0.634588,0.302514,2.833213,0.3459,0.35505,1.610693,1
600610,新联备份,C36,2019,2.784868,78.8,1.376527,-0.726487,0,2.999302,2.998786,11.666699,3.47844,6.881345,21.551489,0.326046,0.162878,2.890372,0.258436,0.33974,1.153428,1
600610,新联备份,C36,2020,3.210822,90.2,1.735609,1.860647,1,2.784868,3.002958,8.091633,3.840592,6.498098,21.577803,0.324886,0.150203,2.944439,0.133017,0.366595,0.5,1
600610,新联备份,C36,2021,2.854159,78.2,1.44043,-0.305772,0,3.210822,2.957432,9.286603,5.740731,6.548112,21.749507,0.479636,-0.141894,2.995732,0.573172,0.415829,2.309531,1
600610,新联备份,C36,2022,2.869377,75.0,1.445219,-0.418927,0,2.854159,3.029391,9.129422,3.076547,6.642633,21.68814,0.218037,-0.022704,3.044522,0.371101,0.320766,1.772252,1
600610,新联备份,C36,2023,2.829981,74.4,1.418918,-0.614103,0,2.869377,3.027361,8.80604,3.781315,6.693633,21.810462,0.541529,-0.334368,3.091042,0.334647,0.401337,1.124007,1
600627,科联料份,C40,2015,2.755713,60.8,1.356303,-1.171606,0,,2.850975,11.888656,1.744843,6.681399,22.175511,0.285856,-0.108937,2.833213,0.526021,0.315811,1.683094,0
600627,科联料份,C40,2016,2.942676,69.8,1.486581,-0.289982,1,2.755713,2.94116,6.194278,2.33473,6.714779,22.290938,0.616795,-0.126398,2.890372,0.335775,0.399123,2.69829,0
600627,科联料份,C40,2017,2.50843,58.2,1.158979,-2.259895,0,2.942676,2.890372,8.767264,0.704538,6.597655,22.420408,0.286496,-0.25988,2.944439,0.376632,0.29353,1.477659,0
600627,科联料份,C40,2018,2.763299,76.8,1.365806,-1.006054,0,2.50843,2.980117,8.536589,1.308072,6.719468,22.598666,0.630065,0.192487,2.995732,0.194779,0.390485,3.005446,0
600627,科联料份,C40,2019,2.911878,73.2,1.474477,-0.707061,0,2.763299,3.020648,6.215322,3.208075,6.535638,22.61437,0.723866,0.000914,3.044522,0.193381,0.366582,1.06384,0
600627,科联料份,C40,2020,2.821289,64.6,1.405881,-0.932675,0,2.911878,3.035823,10.658142,2.245609,6.588169,22.691362,0.53056,0.077058,3.091042,0.532479,0.411569,1.627546,0
600627,科联料份,C40,2021,2.81473,77.0,1.391547,-0.809496,0,2.821289,3.0965,7.776236,2.327449,6.408562,22.708043,0.564429,-0.135823,3.135494,0.05717,0.443033,2.923216,0
600627,科联料份,C40,2022,2.893521,73.6,1.471615,-0.386741,0,2.81473,3.096585,8.71605,3.003792,6.606058,22.545857,0.509988,0.272867,3.178054,0.532462,0.339501,2.704376,0
600627,科联料份,C40,2023,3.009792,76.4,1.53472,0.070989,0,2.893521,3.124766,8.534522,4.084316,6.48381,22.832841,0.578265,0.311506,3.218876,0.332877,0.314999,1.826751,0
600641,远联技份,C34,2015,2.765171,77.4,1.37378,-0.976044,0,,2.938696,-0.199068,0.98292,6.492277,23.145839,0.549498,-0.351793,0.0,0.378905,0.359993,1.893601,1
600641,远联技份,C34,2016,3.038385,86.6,1.57923,0.675603,1,2.765171,2.892742,1.949702,3.748088,6.747881,23.191372,0.285778,-0.149292,0.693147,0.163911,0.338445,1.790847,1
600641,远联技份,C34,2017,3.038617,86.8,1.600784,0.847116,1,3.038385,2.908619,3.670446,2.791135,6.440257,23.393697,0.474895,0.038822,1.098612,0.146717,0.308414,2.395148,1
600641,远联技份,C34,2018,3.167285,99.0,1.703381,2.048641,1,3.038617,2.969396,2.612765,3.606567,6.939965,23.371011,0.218272,0.210481,1.386294,0.359055,0.481782,2.561291,1
600641,远联技份,C34,2019,2.977918,90.4,1.540898,0.468144,0,3.167285,3.013686,0.908241,2.518472,6.909391,23.181693,0.319474,0.039642,1.609438,0.480939,0.384058,2.999921,1
600641,远联技份,C34,2020,3.065798,109.6,1.593734,0.979351,1,2.977918,2.944266,-0.114845,3.069121,6.596374,23.53466,0.376523,-0.131026,1.791759,0.448066,0.346119,2.360629,1
600641,远联技份,C34,2021,3.170833,100.6,1.689866,1.822479,0,3.065798,3.042188,0.82706,4.433422,6.945501,23.437091,0.489062,-0.093441,1.94591,0.400322,0.486019,1.837642,1
600641,远联技份,C34,2022,3.249618,101.6,1.767143,2.482177,1,3.170833,3.09024,3.43588,4.080729,6.778505,23.327083,0.221565,0.059046,2.079442,0.517261,0.38008,1.762001,1
600641,远联技份,C34,2023,3.183376,107.8,1.7012,1.787066,1,3.249618,3.127188,3.791099,2.791771,6.730376,23.630352,0.528544,0.210073,2.197225,0.338414,0.46267,1.230326,1
600731,智联电份,C35,2015,2.859137,72.2,1.43375,-0.641725,1,,2.826089,6.82718,2.650973,6.653793,23.96161,0.558228,0.119091,2.639057,0.481722,0.454011,2.475538,1
600731,智联电份,C35,2016,2.704598,62.6,1.32526,-1.15933,0,2.859137,2.996739,8.247042,1.655271,6.446723,24.083606,0.185981,0.205671,2.70805,0.573289,0.341984,2.450621,1
600731,智联电份,C35,2017,3.086108,98.4,1.602954,0.526444,1,2.704598,2.871651,0.521229,2.758276,6.716494,24.043121,0.582417,0.10551,2.772589,0.542008,0.295638,2.018636,1
600731,智联电份,C35,2018,2.93996,80.6,1.512227,0.039888,1,3.086108,2.844791,5.070779,1.623869,6.803348,24.177185,0.22565,-0.23288,2.833213,0.465699,0.40088,3.512942,1
600731,智联电份,C35,2019,2.836329,70.2,1.427138,-0.502873,0,2.93996,2.833409,4.523761,1.899623,6.785678,24.246451,0.521654,0.352744,2.890372,0.234064,0.40916,0.875256,1
600731,智联电份,C35,2020,2.623949,47.4,1.243553,-1.39955,0,2.836329,2.951651,7.081602,0.620507,6.945469,24.194397,0.323309,-0.042079,2.944439,0.156843,0.318028,2.441935,1
600731,智联电份,C35,2021,2.690824,50.0,1.320029,-1.351317,0,2.623949,2.867609,3.419477,0.620507,7.012904,24.27594,0.45354,-0.045588,2.995732,0.273525,0.362464,0.866153,1
600731,智联电份,C35,2022,3.253531,99.8,1.76265,2.047353,1,2.690824,3.009913,3.944026,2.134726,6.68281,24.386223,0.352263,-0.016023,3.044522,0.25342,0.363242,1.976719,1
600731,智联电份,C35,2023,2.790919,77.0,1.38157,-0.845629,0,3.253531,3.107651,2.305697,3.513197,6.559721,24.57632,0.577747,-0.070879,3.091042,0.265147,0.31481,2.586944,1
600767,远联技份,C26,2015,3.015428,78.6,1.575589,0.662791,1,,2.656428,3.891712,3.554544,6.449766,21.160937,0.771127,-0.199178,2.890372,0.397178,0.400123,1.164609,0
600767,远联技份,C26,2016,3.123167,94.8,1.64091,0.905885,1,3.015428,2.719858,7.434044,4.091832,6.839256,21.304971,0.538148,0.268548,2.944439,0.2574,0.382512,2.04451,0
600767,远联技份,C26,2017,3.068696,104.6,1.590428,0.595876,1,3.123167,2.766817,7.976198,3.590355,6.783495,21.309817,0.429297,-0.078246,2.995732,0.232317,0.392694,1.097875,0
600767,远联技份,C26,2018,3.24842,111.2,1.750497,1.77944,1,3.068696,2.712186,7.02216,2.771395,6.789507,21.214726,0.383997,0.105379,3.044522,0.322992,0.325214,2.35002,0
600767,远联技份,C26,2019,3.190966,87.0,1.701161,1.55748,1,3.24842,2.807274,5.688903,5.147883,6.465069,21.390862,0.383697,0.210798,3.091042,0.23962,0.361859,0.5,0
600767,远联技份,C26,2020,3.260638,104.2,1.760674,1.933426,1,3.190966,2.838781,6.75697,4.291309,6.552156,21.465453,0.504509,-0.15441,3.135494,0.331113,0.374995,1.735631,0
600767,远联技份,C26,2021,3.258097,93.6,1.771552,1.927835,1,3.260638,2.971569,9.520776,5.682069,6.667893,21.46103,0.415827,0.184714,3.178054,0.615823,0.358143,2.251156,0
600767,远联技份,C26,2022,3.049088,96.2,1.591057,0.660036,1,3.258097,2.914963,5.843305,4.117163,6.360251,21.608906,0.128071,-0.44873,3.218876,0.565459,0.360435,2.239411,0
600767,远联技份,C26,2023,2.991161,90.8,1.537225,0.01571,1,3.049088,2.943929,4.77157,3.488111,6.684714,21.651592,0.709923,0.169399,3.258097,0.076655,0.367182,2.460283,0
600803,新联备份,C34,2015,2.661693,55.4,1.284319,-1.307708,0,,2.944783,6.646866,3.121337,6.693019,22.28018,0.349693,0.077867,1.098612,0.397184,0.393072,2.087362,0
600803,新联备份,C34,2016,2.763688,63.4,1.360489,-0.75586,0,2.661693,2.908901,6.082637,3.182219,6.464357,22.269885,0.399572,-0.017319,1.386294,0.098047,0.420207,1.824015,0
600803,新联备份,C34,2017,2.956542,87.0,1.514884,0.038237,1,2.763688,2.913447,9.495007,4.740347,6.6745,22.510467,0.142134,-0.334236,1.609438,0.470895,0.460455,0.618262,0
600803,新联备份,C34,2018,2.943697,86.8,1.525705,0.619438,0,2.956542,2.982549,2.018617,4.242164,6.615031,22.370076,0.628339,-0.02656,1.791759,0.367736,0.25,1.918421,0
600803,新联备份,C34,2019,2.773082,76.0,1.37068,-0.815968,0,2.943697,3.025735,4.607274,4.091688,6.645326,22.41428,0.205798,0.220432,1.94591,0.208029,0.317773,2.389801,0
600803,新联备份,C34,2020,3.128088,111.4,1.650768,1.315416,1,2.773082,2.940602,3.798893,4.805521,6.834166,22.606051,0.08846,-0.44873,2.079442,0.134868,0.408989,1.857166,0
600803,新联备份,C34,2021,3.199692,124.8,1.723446,1.921695,1,3.128088,3.040491,4.04137,5.110295,6.632967,22.582694,0.52258,0.374098,2.197225,0.190743,0.37286,2.750494,0
600803,新联备份,C34,2022,3.247619,134.6,1.771559,2.182216,1,3.199692,3.090358,6.954356,2.837426,6.857454,22.609048,0.381365,0.000638,2.302585,0.514016,0.494469,1.877412,0
600803,新联备份,C34,2023,3.278001,126.4,1.781874,2.449609,1,3.247619,3.121622,3.668012,3.453591,6.651151,22.696787,0.31164,0.270147,2.397895,0.05,0.362444,2.210888,0
600809,新联备份,C40,2015,2.74688,69.0,1.339432,-1.202735,0,,2.851376,8.761912,4.110419,6.56779,21.857179,0.379815,0.142918,2.484907,0.198428,0.345508,1.540819,1
600809,新联备份,C40,2016,3.1688,88.2,1.693936,1.656389,1,2.74688,2.930882,13.342619,4.233481,6.485085,21.962271,0.205451,-0.13365,2.564949,0.41379,0.357212,1.939044,1
600809,新联备份,C40,2017,2.902395,82.8,1.462653,-0.320145,1,3.1688,2.872464,11.06938,3.306022,6.838258,22.328177,0.562479,0.39451,2.639057,0.502347,0.393142,1.072972,1
600809,新联备份,C40,2018,3.268022,97.4,1.77383,2.246411,1,2.902395,2.957175,10.599381,4.143258,6.821428,22.236451,0.157597,-0.164146,2.70805,0.514473,0.349199,1.771906,1
600809,新联备份,C40,2019,3.116327,104.0,1.640687,0.754621,1,3.268022,3.011355,12.723684,2.762025,6.737825,22.288678,0.303398,0.152086,2.772589,0.332576,0.367332,3.213661,1
600809,新联备份,C40,2020,3.267113,115.2,1.792104,2.271994,1,3.116327,3.015558,9.930243,2.891888,6.829324,22.22669,0.343204,-0.308839,2.833213,0.121508,0.459582,1.674316,1
600809,新联备份,C40,2021,3.256659,117.0,1.760852,2.142884,1,3.267113,3.076412,11.723142,4.467814,6.520564,22.384542,0.249896,0.497624,2.890372,0.186229,0.354688,1.218113,1
600809,新联备份,C40,2022,3.257485,117.8,1.759322,1.978786,1,3.256659,3.080041,14.815956,3.545026,6.316845,22.410121,0.122506,0.128502,2.944439,0.311636,0.355889,2.433615,1
600809,新联备份,C40,2023,3.255734,101.6,1.759076,1.934306,1,3.257485,3.113587,11.021795,2.477031,6.661452,22.555372,0.413198,0.093659,2.995732,0.369144,0.273565,2.197273,1
600878,通联子份,C38,2015,2.422948,51.2,1.112522,-2.320958,0,,2.865659,7.569299,3.027872,6.593624,23.797457,0.233092,0.079461,2.890372,0.508045,0.368394,1.929204,0
600878,通联子份,C38,2016,2.237571,39.0,0.91952,-3.360282,0,2.422948,2.990976,5.371866,1.899474,6.343578,23.814504,0.714956,0.098828,2.944439,0.362695,0.353239,1.920476,0
600878,通联子份,C38,2017,2.576461,57.8,1.212919,-2.006857,0,2.237571,2.946986,5.338972,2.509551,6.686601,23.720007,0.47407,0.325084,2.995732,0.446052,0.291963,1.699403,0
600878,通联子份,C38,2018,2.324804,32.6,1.03644,-2.981083,0,2.576461,2.922712,7.956199,3.474741,6.594197,23.945785,0.200075,0.128609,3.044522,0.499503,0.391905,1.794402,0
600878,通联子份,C38,2019,2.237571,39.2,0.940244,-3.337163,0,2.324804,2.940054,8.274899,0.620507,6.43332,24.026901,0.3186,0.155212,3.091042,0.349997,0.330558,2.440269,0
600878,通联子份,C38,2020,2.480217,53.8,1.14472,-2.458236,0,2.237571,2.884511,7.830308,1.35898,6.592082,23.974999,0.251729,0.474724,3.135494,0.199186,0.413358,1.652822,0
600878,通联子份,C38,2021,2.965997,69.2,1.524834,-0.084766,1,2.480217,2.981735,7.208638,1.565269,6.795165,24.040493,0.15408,0.184561,3.178054,0.201192,0.363699,2.029355,0
600878,通联子份,C38,2022,2.484108,51.6,1.142493,-2.394682,0,2.965997,3.03232,6.547511,1.327833,6.650479,24.239884,0.401008,-0.240627,3.218876,0.401951,0.431249,1.937917,0
600878,通联子份,C38,2023,2.674793,61.4,1.291214,-1.886506,0,2.484108,2.970432,6.25724,0.898691,6.487655,24.07231,0.475507,0.055193,3.258097,0.375264,0.350741,1.104443,0
600894,远联械份,C26,2015,2.632121,57.6,1.244921,-2.179847,0,,2.678975,3.720717,3.186375,6.616958,22.081475,0.541443,-0.148695,2.397895,0.313399,0.343026,2.274679,0
600894,远联械份,C26,2016,2.496631,57.0,1.144985,-2.437708,0,2.632121,2.756713,7.808868,1.229682,6.807057,22.047461,0.609409,0.228235,2.484907,0.178646,0.462022,1.263093,0
600894,远联械份,C26,2017,2.321892,45.8,1.017048,-3.116769,0,2.496631,2.810746,4.904017,2.078945,6.549785,22.104828,0.410471,-0.082233,2.564949,0.389076,0.276667,2.506236,0
600894,远联械份,C26,2018,2.237571,32.8,0.901302,-3.452364,0,2.321892,2.771648,8.659241,2.587701,6.523831,22.472367,0.310822,-0.189604,2.639057,0.438307,0.343766,1.059583,0
600894,远联械份,C26,2019,2.309303,45.6,1.009481,-2.996824,0,2.237571,2.859137,8.517861,3.702948,6.49838,22.155571,0.419403,-0.143878,2.70805,0.354253,0.477334,2.717968,0
600894,远联械份,C26,2020,2.721054,65.8,1.307825,-1.361404,0,2.309303,2.870521,9.814464,1.255249,6.557687,22.351492,0.263893,-0.193328,2.772589,0.371359,0.406365,1.755409,0
600894,远联械份,C26,2021,2.822915,75.6,1.409338,-0.748962,0,2.721054,2.997168,12.155453,4.289366,6.680773,22.484561,0.430915,0.599614,2.833213,0.321122,0.303918,1.569001,0
600894,远联械份,C26,2022,2.756608,68.6,1.359033,-1.100977,0,2.822915,2.932168,12.37679,4.099158,6.621821,22.570974,0.264183,0.394642,2.890372,0.531122,0.450301,2.535393,0
600894,远联械份,C26,2023,2.7716,61.6,1.364181,-1.094423,0,2.756608,2.956844,7.761018,3.347617,6.506629,22.485124,0.648193,0.099107,2.944439,0.352072,0.441933,1.265424,0
600917,远联电份,C38,2015,2.809052,66.4,1.390007,-1.087497,0,,2.83808,4.090382,2.180292,6.714496,22.615527,0.606451,0.001788,1.609438,0.214804,0.387183,1.167078,0
600917,远联电份,C38,2016,3.196866,112.4,1.730729,1.778589,1,2.809052,2.922455,8.803815,1.457708,6.708618,22.852705,0.339434,0.274702,1.791759,0.14414,0.360875,1.546884,0
600917,远联电份,C38,2017,2.893314,86.8,1.47268,-0.351207,0,3.196866,2.924354,7.496163,3.591362,6.492895,22.81555,0.379407,0.152582,1.94591,0.164578,0.40064,1.584546,0
600917,远联电份,C38,2018,3.015521,97.6,1.562625,0.107236,1,2.893314,2.873375,8.906423,4.867278,6.698426,22.963676,0.386806,-0.080559,2.079442,0.097975,0.268519,0.835963,0
600917,远联电份,C38,2019,3.265738,107.4,1.776523,1.918288,1,3.015521,2.866613,9.193313,3.325778,6.981215,23.041582,0.384523,0.057864,2.197225,0.503912,0.346147,2.370806,0
600917,远联电份,C38,2020,3.101613,95.0,1.645514,1.116351,1,3.265738,2.840126,6.900338,3.394862,6.757144,22.942247,0.267183,-0.275327,2.302585,0.353951,0.345438,1.454541,0
600917,远联电份,C38,2021,3.079431,99.0,1.626801,1.031113,1,3.101613,2.973632,8.51253,3.716471,6.518004,23.143409,0.271787,0.259101,2.397895,0.364814,0.331375,2.658722,0
600917,远联电份,C38,2022,3.146624,98.4,1.679426,1.268389,1,3.079431,2.984997,4.713801,2.814321,6.496157,23.175884,0.497206,0.52163,2.484907,0.388742,0.39154,2.226862,0
600917,远联电份,C38,2023,2.940816,95.0,1.521159,0.175056,1,3.146624,2.951431,5.795171,4.427655,6.736198,23.270844,0.15489,-0.221723,2.564949,0.312546,0.371501,0.5,0
600979,联联技份,C13,2015,2.716751,71.8,1.311565,-1.38468,0,,2.827734,3.368715,2.990183,6.543042,21.977364,0.499123,-0.163484,2.397895,0.615823,0.343187,1.539017,0
600979,联联技份,C13,2016,2.799709,77.4,1.382232,-0.844028,0,2.716751,2.802175,4.540032,1.897624,6.698181,22.11148,0.227304,0.417341,2.484907,0.05,0.28973,2.311346,0
600979,联联技份,C13,2017,2.584871,45.0,1.230965,-1.614085,0,2.799709,2.912729,-0.523899,2.050728,6.624155,22.345322,0.420464,0.0273,2.564949,0.473878,0.46291,2.376493,0
600979,联联技份,C13,2018,2.702259,71.0,1.314757,-1.242814,0,2.584871,2.859085,5.905737,3.37694,6.639498,22.24743,0.445297,0.234105,2.639057,0.469374,0.295692,2.210261,0
600979,联联技份,C13,2019,2.923879,67.6,1.48282,-0.407613,0,2.702259,2.899554,6.268575,0.620507,6.560063,22.269463,0.449954,0.327256,2.70805,0.199765,0.413536,2.185722,0
600979,联联技份,C13,2020,2.656046,68.0,1.272636,-1.508181,0,2.923879,2.978932,4.793404,3.787659,6.720456,22.414201,0.502865,0.581032,2.772589,0.344078,0.385521,1.439534,0
600979,联联技份,C13,2021,2.691177,71.0,1.297575,-1.386339,0,2.656046,2.927993,3.038123,3.617307,6.439191,22.483784,0.382584,0.05946,2.833213,0.332374,0.34601,1.61802,0
600979,联联技份,C13,2022,2.890135,87.8,1.468442,-0.240481,0,2.691177,2.992082,1.652564,1.824783,6.543178,22.483669,0.380346,-0.416266,2.890372,0.110374,0.345158,0.872174,0
600979,联联技份,C13,2023,2.807598,62.0,1.408659,-0.637804,0,2.890135,3.044553,1.994809,1.051256,6.550062,22.536729,0.707793,0.236181,2.944439,0.371089,0.291758,2.129691,0
601100,联联材份,C29,2015,3.024627,92.8,1.561125,0.291134,1,,2.704514,6.23792,4.361137,6.512321,22.676973,0.500801,0.134581,1.609438,0.28125,0.434929,2.081201,0
601100,联联材份,C29,2016,2.616372,64.8,1.242966,-2.031729,1,3.024627,2.628463,1.213703,2.014507,6.910263,22.824938,0.098039,-0.007318,1.791759,0.202593,0.357103,2.345503,0
601100,联联材份,C29,2017,3.191313,95.8,1.706118,1.468114,1,2.616372,2.725453,0.937014,3.724857,6.677026,22.893881,0.651549,0.076268,1.94591,0.358348,0.441762,1.136268,0
601100,联联材份,C29,2018,3.121665,99.4,1.660321,0.805043,1,3.191313,2.747209,7.056146,1.548112,6.566727,22.886066,0.486289,0.106972,2.079442,0.158293,0.547529,0.839813,0
601100,联联材份,C29,2019,3.266775,97.4,1.784979,2.30236,1,3.121665,2.762003,5.587655,3.509349,6.827236,22.989043,0.314471,0.395269,2.197225,0.137435,0.470534,1.846724,0
601100,联联材份,C29,2020,3.178441,91.6,1.72692,2.177738,1,3.266775,2.78517,6.179367,2.858174,6.850217,22.949529,0.396426,0.428933,2.302585,0.225932,0.35327,1.477299,0
601100,联联材份,C29,2021,2.887818,69.8,1.46612,-0.310771,1,3.178441,2.836211,8.186412,4.468253,6.869886,22.996064,0.168392,-0.094291,2.397895,0.365046,0.325214,2.693953,0
601100,联联材份,C29,2022,2.884042,79.4,1.466487,-0.480608,1,2.887818,2.888227,1.642421,2.054757,6.575591,23.118158,0.452318,-0.379387,2.484907,0.396367,0.414084,2.175947,0
601100,联联材份,C29,2023,3.039108,98.2,1.603432,0.743361,1,2.884042,2.944475,6.075215,2.490826,7.032971,23.335378,0.472476,0.325399,2.564949,0.439913,0.369286,1.329736,0
601106,联联智份,C40,2015,2.897851,63.4,1.470491,-0.250643,1,,2.844514,6.839913,4.426479,6.549514,22.35129,0.372113,0.172283,2.772589,0.342306,0.386807,2.797252,0
601106,联联智份,C40,2016,3.066218,92.4,1.615772,0.740715,1,2.897851,2.935544,4.107194,2.001103,6.773162,22.504026,0.463665,-0.003605,2.833213,0.536567,0.304883,2.064727,0
601106,联联智份,C40,2017,3.255722,111.2,1.765247,1.899295,1,3.066218,2.856404,4.45928,4.151516,6.70507,22.486945,0.35126,0.081142,2.890372,0.445797,0.443936,2.543991,0
601106,联联智份,C40,2018,3.011516,88.4,1.547791,-0.093468,1,3.255722,2.968834,7.268785,4.116448,6.722489,22.517025,0.371224,0.148035,2.944439,0.491594,0.377062,1.603468,0
601106,联联智份,C40,2019,2.968743,96.4,1.525176,0.249727,0,3.011516,3.018063,4.453252,3.557526,6.969987,22.763127,0.23965,0.111868,2.995732,0.172887,0.421354,2.282229,0
601106,联联智份,C40,2020,3.261717,99.8,1.752936,1.725428,1,2.968743,3.015803,3.969609,5.671178,6.665432,22.740916,0.053845,-0.202748,3.044522,0.4929,0.394059,0.959248,0
601106,联联智份,C40,2021,3.004664,77.6,1.524321,0.046858,0,3.261717,3.087867,4.720717,3.243423,6.715655,22.78811,0.126334,0.133917,3.091042,0.363671,0.351272,1.169591,0
601106,联联智份,C40,2022,2.760282,73.0,1.355444,-1.187195,0,3.004664,3.102642,6.757455,4.140919,6.528179,22.886943,0.067706,0.238273,3.135494,0.240885,0.316292,1.518934,0
601106,联联智份,C40,2023,3.179878,117.8,1.690388,1.607442,0,2.760282,3.117035,5.868104,4.297253,6.708028,22.879593,0.236677,0.108487,3.178054,0.486868,0.401685,1.602994,0
601141,新联子份,C39,2015,3.267793,124.6,1.778377,2.470321,1,,2.762317,11.123961,4.676949,6.534857,20.609417,0.768847,-0.008456,2.890372,0.392351,0.388618,2.582525,0
601141,新联子份,C39,2016,3.267906,108.4,1.776647,2.351337,1,3.267793,2.788966,13.456593,5.605662,6.63107,20.758916,0.447333,0.511447,2.944439,0.538726,0.335006,2.671219,0
601141,新联子份,C39,2017,3.269909,102.4,1.795114,2.147942,1,3.267906,2.875852,14.815956,2.313908,6.474833,20.697291,0.11243,0.556769,2.995732,0.398722,0.36697,3.018872,0
601141,新联子份,C39,2018,3.246513,92.8,1.782919,2.427012,1,3.269909,2.897612,10.146389,5.137598,6.459278,20.83129,0.28033,-0.10908,3.044522,0.421785,0.332599,0.5,0
601141,新联子份,C39,2019,3.18111,102.4,1.720409,1.611516,1,3.246513,2.860122,10.656446,3.219528,6.82249,20.79643,0.590141,-0.014458,3.091042,0.392515,0.365083,1.959801,0
601141,新联子份,C39,2020,3.265048,107.6,1.781876,2.181871,1,3.18111,3.021688,9.944073,4.279428,6.528398,21.035457,0.592061,0.141392,3.135494,0.119651,0.371694,3.201285,0
601141,新联子份,C39,2021,3.268566,101.6,1.787438,2.510705,1,3.265048,2.939601,14.386847,2.779322,6.908495,21.070553,0.364687,-0.212726,3.178054,0.05025,0.429499,1.650271,0
601141,新联子份,C39,2022,3.270484,134.8,1.790957,2.22742,1,3.268566,3.004774,12.101977,4.959606,6.899659,21.200408,0.22273,0.479497,3.218876,0.338004,0.374449,3.182954,0
601141,新联子份,C39,2023,3.257339,95.2,1.770973,2.220842,1,3.270484,2.978547,10.619577,4.604738,6.459759,21.148543,0.330595,0.141399,3.258097,0.08605,0.370131,2.216929,0
601199,新联备份,C26,2015,2.566412,55.6,1.192766,-2.141306,0,,2.682841,11.493127,2.577404,6.414233,21.710771,0.22105,-0.214814,1.609438,0.460493,0.358553,2.501835,0
601199,新联备份,C26,2016,2.773027,64.2,1.346377,-1.068291,0,2.566412,2.740455,8.630534,3.641956,6.543848,21.781877,0.369803,-0.051461,1.791759,0.083961,0.367674,1.838068,0
601199,新联备份,C26,2017,3.040858,83.0,1.594582,0.718717,1,2.773027,2.768454,5.855842,2.665747,6.659551,22.147178,0.686414,-0.44873,1.94591,0.341746,0.400201,0.877905,0
601199,新联备份,C26,2018,3.212578,111.8,1.71269,1.864862,1,3.040858,2.714294,7.635899,4.373586,6.783546,22.001759,0.49094,0.294543,2.079442,0.394648,0.403282,3.182876,0
601199,新联备份,C26,2019,3.253722,93.2,1.752782,2.193571,1,3.212578,2.803583,13.568728,3.798555,6.583656,22.193315,0.456207,0.25261,2.197225,0.249499,0.383614,1.618755,0
601199,新联备份,C26,2020,3.256068,118.4,1.752838,2.051022,1,3.253722,2.83905,6.858405,3.209236,6.621667,22.279898,0.613432,-0.351518,2.302585,0.26053,0.516041,2.391072,0
601199,新联备份,C26,2021,3.194878,101.4,1.721056,1.750017,1,3.256068,2.975288,13.295423,2.040061,6.675371,22.090768,0.377356,0.288398,2.397895,0.283627,0.376906,2.426587,0
601199,新联备份,C26,2022,3.271548,113.4,1.759957,1.894338,1,3.194878,2.901877,10.478357,2.791022,7.089241,22.499776,0.416749,0.151079,2.484907,0.168182,0.429726,2.61581,0
601199,新联备份,C26,2023,3.260095,108.4,1.787392,2.292664,1,3.271548,2.928109,12.103552,2.917986,6.664198,22.382284,0.296568,-0.076038,2.564949,0.32806,0.361679,2.221962,0
601203,信联械份,C38,2015,3.097515,111.0,1.642665,0.857381,1,,2.817476,5.205767,3.587252,6.818017,20.865925,0.415311,0.273346,2.564949,0.257091,0.378323,3.112169,1
601203,信联械份,C38,2016,3.034834,88.0,1.585492,0.534606,0,3.097515,2.934029,3.365413,2.848795,6.630069,21.081266,0.771127,0.350169,2.639057,0.356111,0.303466,1.242547,1
601203,信联械份,C38,2017,3.020077,98.4,1.561651,0.247645,1,3.034834,2.915299,6.238771,4.858649,6.747272,21.04496,0.155142,-0.007569,2.70805,0.341154,0.33788,1.604083,1
601203,信联械份,C38,2018,3.038208,96.2,1.588843,0.342772,1,3.020077,2.871755,5.185928,3.746988,6.622526,20.929374,0.390272,0.436246,2.772589,0.05,0.292085,3.523876,1
601203,信联械份,C38,2019,3.194428,105.4,1.723389,1.414758,1,3.038208,2.871707,5.018963,3.293717,6.837278,21.059895,0.427044,0.320808,2.833213,0.272343,0.317371,2.267994,1
601203,信联械份,C38,2020,3.058033,98.0,1.598282,0.429949,1,3.194428,2.843239,6.421486,3.665123,6.750489,21.13913,0.399413,0.040529,2.890372,0.24172,0.419681,1.785155,1
601203,信联械份,C38,2021,3.270289,103.2,1.781714,2.242557,1,3.058033,2.96,5.426363,2.68322,6.656712,21.294559,0.387084,-0.296237,2.944439,0.570949,0.393615,1.740876,1
601203,信联械份,C38,2022,3.255812,115.6,1.767648,2.12359,1,3.270289,2.977198,3.3847,4.548166,6.534985,21.281225,0.683117,0.052443,2.995732,0.354592,0.316636,1.12273,1
601203,信联械份,C38,2023,3.269582,107.4,1.773539,2.027037,1,3.255812,2.927947,7.3118,3.57585,6.702596,21.370743,0.352895,-0.125762,3.044522,0.326729,0.335402,1.671736,1
601210,联联科份,C40,2015,2.751569,73.6,1.359259,-0.909474,0,,2.851163,5.058852,2.345308,6.734183,23.784952,0.290426,0.116527,1.386294,0.132663,0.428694,1.609297,0
601210,联联科份,C40,2016,2.71685,64.6,1.309736,-1.398294,0,2.751569,2.951425,5.217427,1.830301,6.807951,23.764582,0.539945,0.066712,1.609438,0.403837,0.434538,3.502469,0
601210,联联科份,C40,2017,3.118856,103.0,1.647295,0.894043,1,2.71685,2.862625,10.287427,2.819238,6.844586,23.769743,0.172913,0.556276,1.791759,0.234804,0.279795,1.718674,0
601210,联联科份,C40,2018,3.246131,101.8,1.743922,1.961268,1,3.118856,2.95817,3.04685,2.267362,6.677878,24.028708,0.468065,-0.189023,1.94591,0.444516,0.375404,2.391821,0
601210,联联科份,C40,2019,3.263576,96.8,1.772372,2.149735,1,3.246131,3.004662,8.910649,4.051542,6.893475,24.011481,0.204043,-0.369315,2.079442,0.212117,0.382483,2.165659,0
601210,联联科份,C40,2020,3.240055,101.6,1.761049,1.977268,1,3.263576,3.016788,6.50223,3.354708,6.89254,23.87477,0.489243,-0.095327,2.197225,0.410953,0.475205,0.99846,0
601210,联联科份,C40,2021,3.25599,102.6,1.760016,1.864612,1,3.240055,3.076443,8.723595,1.645936,6.761853,23.97653,0.474204,-0.150172,2.302585,0.524908,0.379422,1.944823,0
601210,联联科份,C40,2022,3.272546,100.6,1.774684,2.447201,1,3.25599,3.079357,7.061409,2.744337,6.944991,24.183268,0.547519,-0.204732,2.397895,0.355565,0.423753,3.507376,0
601210,联联科份,C40,2023,3.259969,102.8,1.763141,2.310301,1,3.272546,3.113395,12.778367,4.771197,6.671608,24.249708,0.267852,0.445794,2.484907,0.500645,0.38822,1.472065,0
601211,新联机份,C35,2015,3.144363,85.4,1.67413,1.036021,1,,2.800159,8.086707,0.965439,6.675378,22.296564,0.377375,0.305227,2.833213,0.354304,0.428757,1.003062,1
601211,新联机份,C35,2016,3.227059,115.0,1.752073,2.047397,1,3.144363,2.949242,6.230695,5.133742,6.536572,22.471608,0.654692,0.401069,2.890372,0.408694,0.391451,0.748037,1
601211,新联机份,C35,2017,3.274988,103.4,1.775646,2.217454,1,3.227059,2.85448,8.222588,2.785928,6.6089,22.343859,0.354506,0.294833,2.944439,0.422922,0.442206,1.109253,1
601211,新联机份,C35,2018,2.715799,69.2,1.324491,-1.413166,0,3.274988,2.86517,8.240282,1.893814,6.752163,22.410649,0.424387,-0.053713,2.995732,0.18697,0.434104,2.402123,1
601211,新联机份,C35,2019,3.060828,88.4,1.60365,0.619851,1,2.715799,2.813,7.386629,0.620507,6.533895,22.36643,0.174196,-0.44873,3.044522,0.335635,0.335718,2.237429,1
601211,新联机份,C35,2020,3.166892,97.8,1.687569,1.601206,1,3.060828,2.902292,6.176926,3.742164,6.433091,22.518798,0.519803,-0.079785,3.091042,0.335255,0.402242,1.748156,1
601211,新联机份,C35,2021,2.967652,92.6,1.519062,0.337208,1,3.166892,2.842443,6.469778,4.313576,6.24734,22.510015,0.204626,0.297026,3.135494,0.329421,0.25,2.910019,1
601211,新联机份,C35,2022,3.136864,110.4,1.678876,1.278086,1,2.967652,3.020519,7.377872,5.325861,6.54569,22.634153,0.296942,0.330901,3.178054,0.474731,0.324109,1.258264,1
601211,新联机份,C35,2023,3.275994,99.0,1.798999,2.699483,1,3.136864,3.063553,7.882554,5.026736,6.785517,22.662085,0.637085,0.147459,3.218876,0.226612,0.378722,2.084481,1
601259,新联能份,C39,2015,2.852358,64.4,1.431673,-0.557245,1,,2.791991,4.502275,1.999893,6.293223,21.048247,0.771127,-0.031405,2.70805,0.17821,0.302765,2.713977,0
601259,新联能份,C39,2016,2.972991,77.8,1.534544,0.21502,1,2.852358,2.810032,11.190563,1.869103,6.429991,21.063392,0.327595,-0.342045,2.772589,0.479617,0.417185,1.432142,0
601259,新联能份,C39,2017,2.818301,72.6,1.418899,-0.938922,0,2.972991,2.90811,8.681861,2.401741,6.581842,21.306979,0.557763,0.254206,2.833213,0.435693,0.436482,2.325449,0
601259,新联能份,C39,2018,3.110477,96.4,1.660051,1.07678,1,2.818301,2.907329,9.092021,4.868514,6.557147,21.433547,0.567014,0.163912,2.890372,0.187279,0.310234,1.863243,0
601259,新联能份,C39,2019,3.077133,110.6,1.627571,0.886955,1,3.110477,2.867549,13.965583,2.579977,6.622559,21.327151,0.450032,0.340036,2.944439,0.395478,0.418215,0.846699,0
601259,新联能份,C39,2020,3.258465,130.4,1.778486,2.092142,1,3.077133,3.022158,11.773859,3.983387,6.860081,21.385012,0.468539,0.213496,2.995732,0.096969,0.369271,2.989052,0
601259,新联能份,C39,2021,3.152274,119.2,1.687538,1.264392,1,3.258465,2.947907,12.208008,3.2029,6.485108,21.459317,0.450781,-0.44873,3.044522,0.218778,0.440534,2.604669,0
601259,新联能份,C39,2022,3.208595,114.4,1.734487,1.980473,1,3.152274,3.009195,9.904083,3.964197,6.650894,21.432011,0.16223,-0.120834,3.091042,0.312732,0.447165,3.070489,0
601259,新联能份,C39,2023,3.278001,120.8,1.803945,2.4289,1,3.208595,2.977072,13.271558,4.018873,6.851106,21.57095,0.42023,0.153613,3.135494,0.23031,0.39279,2.189516,0
601305,通联能份,C29,2015,2.890508,69.2,1.470153,-0.39461,1,,2.71061,-0.70862,3.785223,6.412783,22.189732,0.65484,0.289975,0.0,0.05,0.422335,1.91148,0
601305,通联能份,C29,2016,2.769943,69.0,1.387212,-0.814709,1,2.890508,2.621483,6.107288,4.303385,6.738479,22.133361,0.115833,0.256578,0.693147,0.278515,0.481878,3.523876,0
601305,通联能份,C29,2017,2.902744,82.4,1.476475,-0.526298,1,2.769943,2.738569,1.991668,0.924086,6.742899,22.242455,0.457244,0.052477,1.098612,0.261593,0.41531,1.244313,0
601305,通联能份,C29,2018,2.860656,80.8,1.441492,-0.532963,1,2.902744,2.759073,2.813205,2.544505,6.897811,22.362642,0.288963,-0.016974,1.386294,0.171178,0.456559,2.176441,0
601305,通联能份,C29,2019,2.652928,66.4,1.289189,-1.467352,0,2.860656,2.789906,-0.353973,4.126113,6.577685,22.678347,0.308259,0.186869,1.609438,0.499893,0.347685,3.05936,0
601305,通联能份,C29,2020,2.966834,94.4,1.524038,-0.07773,1,2.652928,2.794789,3.575578,4.440537,6.434699,22.594653,0.267936,-0.012569,1.791759,0.303525,0.350812,1.913655,0
601305,通联能份,C29,2021,3.212647,119.2,1.733412,1.722289,1,2.966834,2.821446,4.079825,3.950218,6.638563,22.530065,0.424347,0.161948,1.94591,0.392827,0.388405,1.640241,0
601305,通联能份,C29,2022,3.221456,122.2,1.74719,1.851879,1,3.212647,2.87289,1.585325,3.764912,6.782447,22.62344,0.46828,-0.063607,2.079442,0.209809,0.382648,1.313198,0
601305,通联能份,C29,2023,3.278001,106.6,1.772633,1.941781,1,3.221456,2.933617,8.035026,4.029245,6.58071,22.638322,0.077684,0.104627,2.197225,0.377655,0.467296,1.501858,0
601307,华联备份,C39,2015,2.677657,71.4,1.284654,-1.497214,0,,2.804469,10.40652,1.970686,6.81492,22.40269,0.506135,0.129182,1.791759,0.481392,0.366712,1.661294,0
601307,华联备份,C39,2016,2.656006,58.2,1.26027,-1.758379,0,2.677657,2.832674,14.676601,3.289051,6.617365,22.60355,0.308131,-0.180998,1.94591,0.419985,0.350702,0.779183,0
601307,华联备份,C39,2017,2.68043,60.4,1.310094,-1.467756,0,2.656006,2.917958,10.40266,2.874631,6.685238,22.552372,0.771127,-0.033976,2.079442,0.528947,0.419272,2.298914,0
601307,华联备份,C39,2018,2.93148,81.0,1.498764,-0.185314,1,2.68043,2.920114,13.491828,3.557783,6.380732,22.681658,0.287954,-0.083228,2.197225,0.432593,0.385776,1.842859,0
601307,华联备份,C39,2019,2.637798,58.2,1.265026,-1.466302,0,2.93148,2.89893,12.98241,2.846488,6.302701,22.631106,0.371612,0.533862,2.302585,0.213343,0.343368,1.348145,0
601307,华联备份,C39,2020,2.725008,69.8,1.34519,-1.115231,0,2.637798,3.060262,14.815956,1.072975,6.272584,22.781886,0.26856,0.149668,2.397895,0.431384,0.393864,0.976181,0
601307,华联备份,C39,2021,2.718953,58.4,1.322031,-1.266791,0,2.725008,2.978859,10.073157,2.280938,6.604113,22.86714,0.459813,-0.092383,2.484907,0.30229,0.440162,1.827708,0
601307,华联备份,C39,2022,2.773874,73.0,1.386846,-1.00578,0,2.718953,3.040246,10.936821,2.461884,6.650099,22.918199,0.437447,0.373693,2.564949,0.228237,0.434899,1.973976,0
601307,华联备份,C39,2023,2.936247,94.4,1.505443,0.055462,0,2.773874,3.001483,13.277246,2.156636,6.507006,22.94523,0.155334,-0.168142,2.639057,0.366765,0.372489,2.000334,0
601323,新联料份,C38,2015,2.933751,86.0,1.489777,-0.453388,1,,2.829173,6.175007,3.892636,6.500776,20.870947,0.623779,-0.253133,2.70805,0.286252,0.325089,1.549216,0
601323,新联料份,C38,2016,3.129835,85.6,1.662375,0.764712,1,2.933751,2.927243,7.384029,3.479079,6.644118,20.938963,0.449459,-0.157365,2.772589,0.338964,0.352762,1.139658,0
601323,新联料份,C38,2017,2.870662,77.2,1.455622,-0.472771,0,3.129835,2.925972,8.532971,5.698001,6.673364,20.999253,0.436354,0.234799,2.833213,0.135905,0.376682,1.953143,0
601323,新联料份,C38,2018,2.913297,63.8,1.480022,-0.462882,0,2.870662,2.880677,12.520621,2.223307,6.589447,20.980311,0.306157,-0.039336,2.890372,0.271239,0.419251,2.273733,0
601323,新联料份,C38,2019,2.698823,65.0,1.322113,-1.37559,0,2.913297,2.907107,8.808305,3.866182,6.500181,21.020135,0.410604,0.334995,2.944439,0.05,0.352626,2.637095,0
601323,新联料份,C38,2020,2.945478,74.8,1.502905,-0.443512,1,2.698823,2.851278,7.431793,4.459186,6.781893,21.19996,0.575167,0.376709,2.995732,0.308033,0.305616,1.897556,0
601323,新联料份,C38,2021,2.69577,56.0,1.309022,-1.556735,0,2.945478,3.001037,8.221077,4.934178,6.670274,21.165095,0.541367,0.061407,3.044522,0.498265,0.397586,2.397517,0
601323,新联料份,C38,2022,2.736836,70.4,1.335759,-1.518761,0,2.69577,3.014268,8.250271,4.069372,6.312291,21.305212,0.448481,0.014891,3.091042,0.239258,0.445266,2.065357,0
601323,新联料份,C38,2023,2.627358,51.4,1.255887,-1.888254,0,2.736836,2.973821,7.024381,4.018811,6.3017,21.394006,0.327234,0.216166,3.135494,0.266882,0.275801,2.148773,0
601327,创联备份,C27,2015,2.782435,74.2,1.374403,-0.753954,0,,2.8664,7.275453,2.355983,6.944317,24.170768,0.381363,0.306682,2.890372,0.423982,0.307213,0.5,0
601327,创联备份,C27,2016,3.095471,88.8,1.625934,1.060781,1,2.782435,2.849634,9.488074,1.808984,6.529138,24.259105,0.480342,0.183667,2.944439,0.229451,0.365781,2.593813,0
601327,创联备份,C27,2017,2.813022,61.2,1.409991,-0.678068,0,3.095471,2.887172,9.51017,2.360442,6.978798,24.297581,0.348475,0.096021,2.995732,0.301543,0.373067,2.452467,0
601327,创联备份,C27,2018,3.000024,71.0,1.541834,0.369846,1,2.813022,2.867054,9.615482,3.320876,6.78876,24.389275,0.623074,0.08391,3.044522,0.357864,0.373163,2.291068,0
601327,创联备份,C27,2019,2.827289,68.4,1.411208,-0.389727,0,3.000024,2.947737,5.306525,1.930968,6.874756,24.504097,0.432966,0.094994,3.091042,0.227999,0.317386,2.983517,0
601327,创联备份,C27,2020,2.974238,89.4,1.52899,0.015779,1,2.827289,2.933836,6.849429,3.399764,6.471459,24.595199,0.432166,0.171902,3.135494,0.371092,0.35356,1.666079,0
601327,创联备份,C27,2021,2.960482,79.6,1.505727,0.314186,0,2.974238,3.06611,11.633456,1.442274,6.917261,24.379197,0.104693,-0.173508,3.178054,0.341914,0.262566,2.908376,0
601327,创联备份,C27,2022,3.25834,98.6,1.757826,2.639877,1,2.960482,3.030762,13.404062,2.06683,6.454777,24.520512,0.375991,-0.028844,3.218876,0.543242,0.407686,1.75143,0
601327,创联备份,C27,2023,3.257321,93.0,1.772455,1.82801,1,3.25834,3.053447,13.16329,1.393615,6.964343,24.60672,0.263958,0.599614,3.258097,0.287675,0.360711,2.317006,0
601334,通联科份,C29,2015,2.380538,36.8,1.063387,-2.772119,0,,2.733791,6.063985,1.026613,5.903533,22.862909,0.622621,0.178623,1.609438,0.337814,0.42362,1.20922,0
601334,通联科份,C29,2016,2.49596,50.0,1.153011,-2.407558,0,2.380538,2.633937,8.5549,2.565856,6.510113,22.921769,0.326299,-0.03349,1.791759,0.322903,0.415279,0.875108,0
601334,通联科份,C29,2017,3.017007,75.0,1.578235,0.048601,1,2.49596,2.733376,5.731381,1.517204,6.550117,23.095147,0.417393,-0.263204,1.94591,0.347876,0.344713,1.86882,0
601334,通联科份,C29,2018,2.781966,58.8,1.382459,-1.180124,0,3.017007,2.76265,8.659096,3.872268,6.499243,22.989519,0.201411,-0.014957,2.079442,0.218111,0.38977,1.942558,0
601334,通联科份,C29,2019,3.000106,90.8,1.550895,0.399389,1,2.781966,2.774125,7.03064,2.764305,6.708071,23.197792,0.771127,0.089842,2.197225,0.318284,0.445386,1.65247,0
601334,通联科份,C29,2020,2.58247,59.4,1.230116,-1.727735,0,3.000106,2.81226,8.879406,3.157352,6.462389,23.194478,0.377054,-0.002464,2.302585,0.285178,0.432337,1.389,0
601334,通联科份,C29,2021,2.613071,57.2,1.243466,-2.079899,0,2.58247,2.848699,6.288073,2.945889,6.470051,23.034274,0.53413,0.040414,2.397895,0.362701,0.349342,2.140557,0
601334,通联科份,C29,2022,2.725292,57.4,1.332999,-1.229316,0,2.613071,2.895443,4.842811,1.726555,6.548547,23.375612,0.452571,0.025298,2.484907,0.275878,0.398205,1.586689,0
601334,通联科份,C29,2023,2.799322,68.0,1.406042,-0.590582,0,2.725292,2.955375,4.013328,1.857772,6.574592,23.46754,0.404475,-0.44873,2.564949,0.309889,0.3967,1.193165,0
601383,科联械份,C36,2015,2.585541,56.8,1.219943,-1.923981,0,,2.883116,8.399896,3.188317,6.6703,21.675507,0.349872,0.202266,2.890372,0.323115,0.466906,1.909042,0
601383,科联械份,C36,2016,2.709143,68.4,1.3228,-1.263983,0,2.585541,2.888194,5.282215,3.594509,6.924472,21.82843,0.704748,0.275667,2.944439,0.385524,0.370717,1.712929,0
601383,科联械份,C36,2017,2.343391,46.8,1.043332,-2.612472,0,2.709143,2.946447,6.928935,1.824009,6.576511,21.776266,0.431799,0.528669,2.995732,0.211708,0.323177,2.601058,0
601383,科联械份,C36,2018,2.544902,60.8,1.206476,-1.6553,0,2.343391,3.014748,8.320349,3.528083,6.676675,21.84848,0.229984,0.516564,3.044522,0.18402,0.391698,3.229331,0
601383,科联械份,C36,2019,2.612261,60.8,1.244222,-1.400081,0,2.544902,3.010293,6.806909,2.231071,6.618964,22.059406,0.542662,0.060621,3.091042,0.576602,0.41225,1.699405,0
601383,科联械份,C36,2020,2.666354,66.0,1.293527,-1.353995,0,2.612261,3.039256,5.239075,2.860465,6.445692,22.346908,0.401474,-0.122924,3.135494,0.151267,0.38443,1.045551,0
601383,科联械份,C36,2021,3.06135,75.4,1.593891,0.547536,1,2.666354,2.943619,6.862552,4.278368,6.474173,22.01271,0.133445,-0.085501,3.178054,0.241245,0.419805,2.919718,0
601383,科联械份,C36,2022,2.673159,60.2,1.301832,-1.139941,0,3.06135,3.042472,3.997879,3.787108,6.535639,22.302318,0.449913,0.272318,3.218876,0.312575,0.368004,2.609084,0
601383,科联械份,C36,2023,2.970266,73.6,1.546959,0.358134,0,2.673159,3.018008,7.515972,1.341037,6.499027,22.134312,0.336393,0.196582,3.258097,0.478005,0.376847,2.490875,0
601390,新联备份,C40,2015,2.480993,41.6,1.126084,-2.662049,0,,2.863462,5.141906,3.94474,6.653332,22.349297,0.499587,-0.231806,1.386294,0.219985,0.416611,1.094819,0
601390,新联备份,C40,2016,2.563604,57.6,1.178942,-2.24339,0,2.480993,2.95839,2.651994,1.103461,7.002298,22.538432,0.441631,0.283892,1.609438,0.221153,0.353673,1.755815,0
601390,新联备份,C40,2017,2.344645,48.6,1.056953,-2.840849,0,2.563604,2.897816,2.007881,2.049445,6.989351,22.512545,0.544068,0.220117,1.791759,0.615823,0.433227,2.66071,0
601390,新联备份,C40,2018,2.237571,40.0,0.96238,-3.158242,0,2.344645,3.004014,0.398606,5.04848,6.539602,22.333168,0.584609,0.2329,1.94591,0.386426,0.410345,1.235558,0
601390,新联备份,C40,2019,2.774807,55.0,1.378882,-1.138359,0,2.237571,3.026879,1.948157,2.398518,6.443935,22.47854,0.44921,-0.223397,2.079442,0.453143,0.433595,1.828887,0
601390,新联备份,C40,2020,2.583315,50.8,1.211415,-1.932117,0,2.774807,3.04664,3.122665,2.256669,6.698069,22.583408,0.452682,0.147612,2.197225,0.363865,0.365081,2.327959,0
601390,新联备份,C40,2021,2.533333,55.6,1.183343,-2.159874,0,2.583315,3.109291,9.367562,2.743008,6.71433,22.741372,0.265408,0.147021,2.302585,0.190721,0.424068,1.000407,0
601390,新联备份,C40,2022,2.994855,88.8,1.553851,0.241543,0,2.533333,3.091979,8.291207,3.562233,6.666878,22.72893,0.385409,0.07804,2.397895,0.462359,0.337729,1.157197,0
601390,新联备份,C40,2023,2.999654,70.4,1.560533,0.069994,0,2.994855,3.125227,4.575028,4.071731,6.816183,22.692631,0.486983,-0.158465,2.484907,0.223414,0.389333,1.876562,0
601433,信联备份,C27,2015,3.148204,82.6,1.684429,1.575686,1,,2.848982,8.559351,2.438649,6.749189,22.309357,0.079498,0.336866,1.94591,0.288412,0.426149,2.216382,0
601433,信联备份,C27,2016,2.723347,74.6,1.324424,-1.376587,0,3.148204,2.867355,2.545431,3.27449,6.709178,22.383557,0.651183,0.164078,2.079442,0.269771,0.340186,2.136063,0
601433,信联备份,C27,2017,2.910403,78.0,1.475232,-0.231951,0,2.723347,2.882535,7.303185,2.703627,6.700533,22.549095,0.357338,0.299344,2.197225,0.347963,0.443403,0.674657,0
601433,信联备份,C27,2018,2.74041,72.8,1.338387,-1.325078,0,2.910403,2.879416,3.236864,3.938869,6.505055,22.642486,0.586818,0.278638,2.302585,0.465011,0.492849,1.797549,0
601433,信联备份,C27,2019,2.862154,70.6,1.425698,-0.150145,0,2.74041,2.946077,4.242988,3.134502,6.527563,22.566646,0.771127,0.209611,2.397895,0.217551,0.366568,1.446791,0
601433,信联备份,C27,2020,3.033107,91.2,1.584297,0.651305,1,2.862154,2.931033,8.413566,4.234887,6.682435,22.687662,0.523995,0.157521,2.484907,0.323685,0.426618,1.840331,0
601433,信联备份,C27,2021,3.221566,105.8,1.747091,2.505776,1,3.033107,3.053677,3.797797,3.29943,6.759346,22.76504,0.441766,0.274497,2.564949,0.364388,0.372293,3.146139,0
601433,信联备份,C27,2022,2.921623,80.6,1.501572,0.270182,0,3.221566,3.046796,9.367635,2.297198,6.585119,22.728056,0.251515,0.297403,2.639057,0.451323,0.360477,1.434811,0
601433,信联备份,C27,2023,2.922094,85.0,1.508722,0.200042,0,2.921623,3.06941,6.874575,2.946155,6.915723,22.835518,0.243115,0.425441,2.70805,0.417184,0.420738,2.163712,0
601435,新联科份,C38,2015,3.163773,112.8,1.71186,1.635854,1,,2.812743,7.220474,3.733001,6.912308,20.562166,0.162989,0.291088,1.791759,0.403192,0.354798,1.912625,1
601435,新联科份,C38,2016,2.943994,89.4,1.51268,-0.00392,0,3.163773,2.940517,3.19634,0.620507,6.699479,20.656783,0.530861,-0.171884,1.94591,0.39381,0.35025,0.659868,1
601435,新联科份,C38,2017,3.09397,93.4,1.631616,0.79733,1,2.943994,2.910021,8.16886,2.05632,6.45379,20.655395,0.639414,-0.197428,2.079442,0.349917,0.385436,2.757812,1
601435,新联科份,C38,2018,2.736777,57.2,1.334346,-1.425727,0,3.09397,2.893286,6.726173,1.529468,6.559504,20.735309,0.340217,0.179148,2.197225,0.446366,0.32129,0.97395,1
601435,新联科份,C38,2019,2.913297,75.4,1.483322,-0.391512,0,2.736777,2.891788,7.045864,2.672061,6.671536,20.941859,0.493031,0.011976,2.302585,0.274268,0.391887,2.802413,1
601435,新联科份,C38,2020,2.982784,80.2,1.537433,-0.089523,1,2.913297,2.848614,2.906192,2.689716,6.597256,20.92831,0.4447,-0.128119,2.397895,0.474611,0.431327,1.793411,1
601435,新联科份,C38,2021,3.272295,112.6,1.787954,2.071412,1,2.982784,2.959856,6.465683,2.870262,6.817551,21.147618,0.248869,-0.242534,2.484907,0.273042,0.329466,2.584369,1
601435,新联科份,C38,2022,3.201025,127.4,1.725344,1.483957,1,3.272295,2.981112,7.456771,4.084915,6.401979,21.064743,0.507066,0.10912,2.564949,0.373251,0.428926,1.342253,1
601435,新联科份,C38,2023,3.178138,113.4,1.698399,0.988944,1,3.201025,2.934479,7.433523,4.037628,6.776059,21.145945,0.487926,0.148384,2.639057,0.25832,0.337158,1.591924,1
601512,中联械份,C27,2015,2.640378,61.2,1.279182,-1.348189,0,,2.873165,8.459203,4.535026,6.309603,18.218413,0.463259,0.138532,2.944439,0.24033,0.392277,2.670754,1
601512,中联械份,C27,2016,2.50916,55.4,1.166213,-2.171101,0,2.640378,2.877554,7.344434,3.681867,6.683355,18.371178,0.602875,0.236746,2.995732,0.327483,0.339499,1.748628,1
601512,中联械份,C27,2017,2.858672,74.4,1.437334,-0.54902,0,2.50916,2.884998,11.263382,5.740731,6.70233,18.357432,0.271108,0.34616,3.044522,0.496264,0.312936,1.812894,1
601512,中联械份,C27,2018,3.059141,97.2,1.59543,0.499455,1,2.858672,2.864239,8.726952,5.490412,6.575873,18.463265,0.567851,0.003005,3.091042,0.462277,0.314451,1.16175,1
601512,中联械份,C27,2019,3.263623,117.8,1.780195,2.403591,1,3.059141,2.926959,10.177267,5.740731,6.583941,18.3966,0.342967,0.169456,3.135494,0.475261,0.397654,2.765642,1
601512,中联械份,C27,2020,3.25663,131.0,1.773566,2.442733,1,3.263623,2.920389,10.344754,4.41132,6.721927,18.533326,0.312982,0.281192,3.178054,0.184939,0.25,2.188098,1
601512,中联械份,C27,2021,2.996061,92.6,1.546917,0.352574,0,3.25663,3.064416,6.912143,3.433257,6.62563,18.654388,0.432513,0.139181,3.218876,0.39299,0.443146,3.309397,1
601512,中联械份,C27,2022,3.117395,85.4,1.659944,1.331571,1,2.996061,3.037474,6.519182,4.833931,6.630929,18.60484,0.637817,0.080243,3.258097,0.314189,0.391575,1.690669,1
601512,中联械份,C27,2023,2.915821,83.6,1.487835,-0.187801,0,3.117395,3.069709,11.333262,4.41787,6.665248,18.664076,0.311704,0.195614,3.295837,0.296587,0.381704,2.929208,1
601556,创联科份,C29,2015,2.81675,58.0,1.414109,-0.80898,1,,2.713963,4.814964,3.480736,6.821694,21.371892,0.529661,-0.164002,0.0,0.615823,0.439049,1.992921,0
601556,创联科份,C29,2016,2.255135,40.6,0.989981,-3.039813,0,2.81675,2.644883,8.884553,2.751789,6.398938,21.410553,0.452683,-0.195635,0.693147,0.240187,0.369141,2.360001,0
601556,创联科份,C29,2017,2.527635,54.6,1.179086,-2.148177,0,2.255135,2.75562,10.252396,3.55591,6.459297,21.348154,0.402391,0.294256,1.098612,0.44273,0.331852,2.163554,0
601556,创联科份,C29,2018,2.299606,39.2,1.014711,-2.97174,0,2.527635,2.784576,7.961633,2.207445,6.477472,21.689177,0.399156,0.318487,1.386294,0.420141,0.355868,1.185997,0
601556,创联科份,C29,2019,2.237571,29.0,0.812868,-3.96902,0,2.299606,2.808785,9.554867,2.671621,6.601691,21.57119,0.321168,0.105903,1.609438,0.438961,0.36621,1.297406,0
601556,创联科份,C29,2020,2.273405,45.2,1.007046,-3.028547,0,2.237571,2.826308,5.414546,0.620507,6.443705,21.709691,0.349814,-0.359526,1.791759,0.329787,0.304052,1.181522,0
601556,创联科份,C29,2021,2.278108,41.4,1.004533,-3.089376,0,2.273405,2.863925,10.160324,3.248178,6.540811,21.763667,0.287422,0.151587,1.94591,0.390838,0.362257,2.298475,0
601556,创联科份,C29,2022,2.47794,41.8,1.133037,-2.47897,0,2.278108,2.906686,9.609332,2.769222,6.560068,21.87512,0.434039,0.271696,2.079442,0.351856,0.41682,2.721232,0
601556,创联科份,C29,2023,2.404465,51.4,1.078902,-2.675286,0,2.47794,2.973323,5.708965,1.363634,6.444262,21.830814,0.62733,0.014998,2.197225,0.207698,0.304082,1.37646,0
601557,联联智份,C27,2015,2.962078,89.6,1.532503,0.322676,1,,2.857846,13.678519,3.502922,6.59017,21.098891,0.203864,0.154289,1.791759,0.397111,0.315904,2.079634,0
601557,联联智份,C27,2016,2.959162,96.4,1.515359,0.414584,1,2.962078,2.856125,9.503283,2.301934,6.729837,21.139632,0.287942,-0.099574,1.94591,0.05,0.424129,1.736317,0
601557,联联智份,C27,2017,3.236516,115.6,1.741918,1.973396,1,2.959162,2.867006,9.501099,3.126371,6.64165,21.245691,0.484915,0.187786,2.079442,0.345286,0.411619,1.655814,0
601557,联联智份,C27,2018,3.063152,94.0,1.613329,0.889979,1,3.236516,2.864048,7.292655,5.740731,6.781811,21.289909,0.380206,0.147806,2.197225,0.159988,0.331632,1.316113,0
601557,联联智份,C27,2019,3.176454,90.4,1.695262,1.684542,1,3.063152,2.93111,8.77002,2.976665,6.807879,21.411371,0.466624,0.109051,2.302585,0.379735,0.465231,2.402238,0
601557,联联智份,C27,2020,3.250341,92.6,1.759331,2.305847,1,3.176454,2.920688,11.87028,4.111827,6.625125,21.417365,0.170686,-0.132412,2.397895,0.10343,0.274293,2.236056,0
601557,联联智份,C27,2021,3.25867,125.8,1.788671,2.941712,1,3.250341,3.05191,5.707941,2.605018,6.739111,21.561114,0.613121,-0.107114,2.484907,0.36997,0.43671,1.878666,0
601557,联联智份,C27,2022,2.987833,92.8,1.539961,0.52228,0,3.25867,3.043644,8.315076,5.740731,6.717661,21.575054,0.431091,0.599614,2.564949,0.167391,0.391758,2.541155,0
601557,联联智份,C27,2023,3.254729,114.0,1.768305,2.145601,1,2.987833,3.05357,9.890176,3.010991,6.465635,21.685287,0.444432,-0.112877,2.639057,0.229992,0.363602,0.78554,0
601570,中联技份,C34,2015,3.029856,87.6,1.583849,0.785327,1,,2.923126,2.925811,2.339401,6.659055,23.825715,0.516613,-0.211764,2.772589,0.448594,0.38444,3.395733,1
601570,中联技份,C34,2016,3.071953,86.0,1.614386,0.933629,1,3.029856,2.890768,1.912006,1.640322,6.797172,23.956067,0.534538,0.069176,2.833213,0.284956,0.288772,1.664353,1
601570,中联技份,C34,2017,2.651094,53.6,1.276818,-1.266854,0,3.071953,2.931415,0.039326,2.529616,6.630608,23.997237,0.477518,0.138113,2.890372,0.406718,0.340314,0.5,1
601570,中联技份,C34,2018,2.716344,64.0,1.319237,-1.158044,0,2.651094,2.995922,4.656734,3.613641,6.760141,24.013616,0.484004,0.300551,2.944439,0.153066,0.317821,1.99678,1
601570,中联技份,C34,2019,3.154747,97.6,1.684914,1.476624,1,2.716344,3.003284,7.121816,0.647238,6.778428,24.28356,0.42377,0.007582,2.995732,0.455799,0.38901,1.717783,1
601570,中联技份,C34,2020,2.678044,67.2,1.277865,-1.419141,0,3.154747,2.967075,1.911131,2.198231,6.715517,24.235971,0.680369,0.022943,3.044522,0.34502,0.456695,2.698356,1
601570,中联技份,C34,2021,2.915784,65.4,1.486909,-0.045708,0,2.678044,3.057191,2.093648,3.307649,6.54791,24.249742,0.319389,0.137328,3.091042,0.199874,0.409907,2.55364,1
601570,中联技份,C34,2022,3.109963,109.8,1.648681,0.966893,0,2.915784,3.098455,5.962513,2.546115,6.598026,24.351712,0.527878,0.261203,3.135494,0.45391,0.463417,1.164351,1
601570,中联技份,C34,2023,3.123476,102.0,1.65365,1.175188,0,3.109963,3.130712,2.724291,2.85523,6.818636,24.166807,0.508175,0.100406,3.178054,0.273864,0.275689,2.716385,1
601599,信联技份,C27,2015,2.770405,68.6,1.359289,-1.143438,0,,2.866973,7.158256,1.868825,6.620841,22.554338,0.404016,-0.188388,2.397895,0.349273,0.349907,1.363922,0
601599,信联技份,C27,2016,2.871058,75.8,1.455548,-0.584625,0,2.770405,2.860321,4.99842,2.458033,6.513042,22.493738,0.596072,0.18501,2.484907,0.49326,0.261768,3.219243,0
601599,信联技份,C27,2017,2.930743,74.0,1.510409,0.425231,1,2.871058,2.881566,6.765188,2.941412,6.921912,22.43502,0.309182,-0.00659,2.564949,0.198375,0.383884,1.532852,0
601599,信联技份,C27,2018,2.680128,60.0,1.294851,-1.331175,0,2.930743,2.882287,5.70886,1.497777,6.64295,22.659922,0.278808,-0.005303,2.639057,0.287841,0.362348,2.836503,0
601599,信联技份,C27,2019,2.654147,65.8,1.256108,-1.505329,0,2.680128,2.955982,7.648446,2.383745,6.628811,22.822417,0.457352,-0.442232,2.70805,0.246811,0.41991,1.949362,0
601599,信联技份,C27,2020,2.864232,86.2,1.430413,-0.382452,0,2.654147,2.939074,9.73995,2.165719,6.700733,22.694387,0.216008,0.387873,2.772589,0.430084,0.387532,0.7906,0
601599,信联技份,C27,2021,2.886791,76.6,1.46885,-0.149081,0,2.864232,3.069619,5.571958,2.074424,6.650675,23.024085,0.445543,0.192075,2.833213,0.273041,0.366586,1.352541,0
601599,信联技份,C27,2022,2.860675,71.0,1.439836,-0.370663,0,2.886791,3.049699,7.16643,2.009673,6.652855,22.796409,0.269472,-0.349411,2.890372,0.41955,0.353576,1.681563,0
601599,信联技份,C27,2023,2.555307,59.4,1.212,-1.76382,0,2.860675,3.086876,7.814284,2.181988,6.483428,22.841126,0.383585,-0.245506,2.944439,0.433249,0.385907,1.323722,0
601612,中联备份,C40,2015,2.618586,65.4,1.243962,-2.059439,0,,2.857208,11.623605,2.677478,6.652335,23.276295,0.42926,0.054084,0.0,0.371401,0.383738,2.28328,0
601612,中联备份,C40,2016,2.521559,43.8,1.155346,-2.164347,0,2.618586,2.960302,7.253227,3.243421,6.460221,23.373312,0.38529,0.08788,0.693147,0.226293,0.344796,3.209904,0
601612,中联备份,C40,2017,2.722215,73.6,1.32842,-1.434636,0,2.521559,2.880654,10.632769,1.501232,6.833095,23.359018,0.551068,0.014965,1.098612,0.597854,0.443435,1.295086,0
601612,中联备份,C40,2018,3.020853,83.4,1.563074,0.374832,1,2.722215,2.96841,8.244918,4.803471,6.793293,23.628064,0.587854,0.309305,1.386294,0.231626,0.357897,2.611525,0
601612,中联备份,C40,2019,3.004182,94.2,1.543556,0.155674,0,3.020853,3.016453,8.889036,2.540086,6.465561,23.440141,0.541584,0.28433,1.609438,0.444071,0.290857,1.842774,0
601612,中联备份,C40,2020,3.224608,100.8,1.72942,1.906313,1,3.004182,3.01749,13.585139,3.24141,6.571458,23.682041,0.411258,-0.011702,1.791759,0.369567,0.342763,0.5,0
601612,中联备份,C40,2021,3.162775,110.6,1.676123,1.465436,0,3.224608,3.08068,11.810213,3.515328,6.645034,23.463535,0.424301,0.042846,1.94591,0.419285,0.28447,1.820756,0
601612,中联备份,C40,2022,3.218816,129.4,1.73233,1.896935,1,3.162775,3.081799,11.915966,3.163906,6.793832,23.674877,0.428122,-0.093476,2.079442,0.29097,0.307659,2.048313,0
601612,中联备份,C40,2023,3.135476,107.6,1.659553,1.270894,0,3.218816,3.119053,14.158196,3.245615,6.708308,23.874112,0.059926,-0.0807,2.197225,0.280085,0.443754,2.737384,0
601640,科联械份,C39,2015,3.26212,95.8,1.788271,2.308902,1,,2.762722,3.34641,2.355543,6.83608,22.482102,0.51659,0.069632,2.079442,0.500793,0.327819,3.155737,0
601640,科联械份,C39,2016,3.249992,100.4,1.766517,2.369877,1,3.26212,2.790246,8.111117,4.024804,6.582874,22.447459,0.270181,-0.22719,2.197225,0.272408,0.392069,1.217487,0
601640,科联械份,C39,2017,3.11153,85.8,1.644273,1.105627,1,3.249992,2.887165,7.301733,4.125248,6.456985,22.392491,0.56692,0.328967,2.302585,0.212666,0.410613,1.927131,0
601640,科联械份,C39,2018,3.273647,106.0,1.784952,2.294551,1,3.11153,2.895674,5.792018,3.021056,6.73631,22.498217,0.474849,-0.222362,2.397895,0.249633,0.366392,1.569524,0
601640,科联械份,C39,2019,3.205129,129.2,1.731334,1.805586,1,3.273647,2.858406,4.517304,4.178769,6.604735,22.626466,0.492753,0.343846,2.484907,0.435828,0.399774,1.401167,0
601640,科联械份,C39,2020,3.144919,111.4,1.684348,1.670899,0,3.205129,3.030269,8.360657,3.297759,6.928213,22.668874,0.466298,-0.197337,2.564949,0.485275,0.341851,0.762266,0
601640,科联械份,C39,2021,3.27145,110.6,1.798968,2.778483,1,3.144919,2.939394,8.334012,5.301483,6.652311,22.784345,0.352555,-0.014329,2.639057,0.352321,0.436392,2.189104,0
601640,科联械份,C39,2022,3.254583,95.6,1.770524,2.206511,1,3.27145,3.00591,7.657623,2.342998,6.629868,22.765363,0.453248,0.104316,2.70805,0.550008,0.304961,1.731632,0
601640,科联械份,C39,2023,3.172737,92.2,1.692465,1.498424,1,3.254583,2.98459,4.998238,4.472418,6.817015,22.846608,0.61863,-0.159659,2.772589,0.268824,0.364056,0.606687,0
601656,科联子份,C39,2015,2.767026,63.0,1.379675,-0.72072,1,,2.798086,8.480024,3.195348,6.484701,23.946147,0.260377,0.066126,1.386294,0.303206,0.417213,1.86296,0
601656,科联子份,C39,2016,2.700615,72.0,1.30491,-1.505454,0,2.767026,2.829487,10.806438,2.869499,6.688469,24.011613,0.261418,0.170415,1.609438,0.376549,0.360276,1.950473,0
601656,科联子份,C39,2017,3.066929,85.2,1.619249,0.672281,1,2.700615,2.890351,8.66684,2.945926,6.480808,24.182979,0.419804,0.293451,1.791759,0.441815,0.306573,3.523876,0
601656,科联子份,C39,2018,2.669757,60.8,1.29381,-1.733462,0,3.066929,2.938809,8.628041,4.124683,6.707891,23.959076,0.20849,0.298715,1.94591,0.191623,0.391215,1.912291,0
601656,科联子份,C39,2019,2.608327,61.8,1.264854,-1.541661,0,2.669757,2.901035,8.76253,1.731757,6.546695,24.24077,0.46888,0.256043,2.079442,0.252166,0.338705,2.030545,0
601656,科联子份,C39,2020,2.977709,72.8,1.53004,0.085188,0,2.608327,3.042212,10.530116,1.435207,6.587059,24.356015,0.126942,0.18232,2.197225,0.05,0.341256,1.153483,0
601656,科联子份,C39,2021,2.681286,70.4,1.295072,-1.643395,0,2.977709,2.981549,6.992364,1.260328,6.582563,24.436572,0.448278,0.172752,2.302585,0.377185,0.334901,2.208183,0
601656,科联子份,C39,2022,2.855567,82.2,1.443601,-0.542506,0,2.681286,3.034411,8.646165,2.015953,6.74418,24.389978,0.503576,0.353176,2.397895,0.154764,0.292388,1.473862,0
601656,科联子份,C39,2023,3.015552,77.0,1.556542,0.47487,0,2.855567,2.995818,13.439102,4.543255,6.665503,24.46508,0.0521,0.115428,2.484907,0.374659,0.272864,1.266341,0
601684,科联械份,C34,2015,3.062102,109.4,1.632738,1.365424,1,,2.921229,7.263123,4.215346,6.69283,22.014015,0.584067,0.599614,2.944439,0.380959,0.486766,1.453071,0
601684,科联械份,C34,2016,2.876669,79.0,1.444431,-0.083089,0,3.062102,2.902255,5.788797,3.746641,6.682059,21.933099,0.425362,0.448975,2.995732,0.356699,0.39952,1.022081,0
601684,科联械份,C34,2017,3.103977,101.6,1.633227,1.11347,1,2.876669,2.904775,4.633829,2.728459,6.833807,21.928593,0.338105,0.083221,3.044522,0.05,0.366801,2.112793,0
601684,科联械份,C34,2018,3.018392,97.0,1.559131,0.614175,0,3.103977,2.978155,6.68995,1.4673,6.637578,21.95035,0.0521,-0.145846,3.091042,0.142247,0.440382,1.558791,0
601684,科联械份,C34,2019,3.109714,87.8,1.649992,1.128038,1,3.018392,3.005933,5.08513,2.880077,6.626596,22.089649,0.0521,-0.057541,3.135494,0.208876,0.415794,1.300455,0
601684,科联械份,C34,2020,2.602083,57.2,1.251998,-1.488822,0,3.109714,2.971543,4.328902,1.77626,6.490551,22.083943,0.486962,0.157246,3.178054,0.29375,0.34763,2.629381,0
601684,科联械份,C34,2021,2.922689,70.4,1.495979,0.102235,0,2.602083,3.056785,5.660339,3.617022,6.513751,22.165977,0.290942,-0.164251,3.218876,0.44155,0.379535,2.188834,0
601684,科联械份,C34,2022,2.889014,80.6,1.456623,-0.365914,0,2.922689,3.111452,-0.07875,1.393517,6.418823,22.146449,0.571718,-0.44873,3.258097,0.485511,0.359739,2.101838,0
601684,科联械份,C34,2023,3.256231,103.0,1.763432,2.40705,1,2.889014,3.122902,4.682295,4.420603,7.033024,22.301614,0.503266,0.081024,3.295837,0.209758,0.359258,3.318529,0
601716,智联备份,C36,2015,3.146802,113.2,1.680306,1.643473,1,,2.845699,6.733918,3.610417,6.589578,21.180343,0.362119,-0.157494,1.609438,0.327749,0.382443,1.987615,1
601716,智联备份,C36,2016,3.196589,89.2,1.723113,2.018862,1,3.146802,2.855698,6.454026,2.01042,6.645725,21.360714,0.393022,0.217547,1.791759,0.252233,0.387939,1.703066,1
601716,智联备份,C36,2017,3.265267,97.6,1.785107,2.379933,1,3.196589,2.884989,6.241582,3.80443,6.582692,21.485402,0.335639,-0.030472,1.94591,0.182233,0.401403,2.88835,1
601716,智联备份,C36,2018,3.076912,86.2,1.615263,0.941715,1,3.265267,2.97928,4.78166,3.607899,6.572139,21.766447,0.771127,0.375821,2.079442,0.332668,0.433623,2.383452,1
601716,智联备份,C36,2019,3.041514,94.8,1.602363,0.886347,0,3.076912,2.981676,5.252162,2.924178,6.611612,21.710185,0.46363,-0.120055,2.197225,0.278877,0.328827,2.21722,1
601716,智联备份,C36,2020,3.160058,109.0,1.697226,1.729761,1,3.041514,3.006342,7.997279,1.39962,6.771668,21.711628,0.668793,0.459332,2.302585,0.081447,0.420581,1.409916,1
601716,智联备份,C36,2021,3.182858,96.6,1.719522,1.860506,1,3.160058,2.935519,11.139712,2.798655,6.628254,21.819208,0.23117,0.485532,2.397895,0.329767,0.398555,2.84981,1
601716,智联备份,C36,2022,3.254301,94.8,1.775601,2.526633,1,3.182858,3.003729,8.75202,1.985753,6.819644,21.847438,0.379507,0.139475,2.484907,0.40321,0.436505,2.124878,1
601716,智联备份,C36,2023,3.258333,101.8,1.776737,2.341552,1,3.254301,2.998804,5.420117,3.102258,6.990127,21.886137,0.373315,0.020008,2.564949,0.211833,0.425889,2.45879,1
601738,远联械份,C36,2015,2.643956,65.2,1.269308,-1.683885,0,,2.879222,7.345074,3.375153,6.699823,22.091656,0.496676,0.40202,1.791759,0.346629,0.290333,1.556676,1
601738,远联械份,C36,2016,2.795883,62.8,1.400153,-0.805056,0,2.643956,2.882412,7.506498,2.197099,6.835472,22.279489,0.365063,0.026483,1.94591,0.37622,0.347179,2.643767,1
601738,远联械份,C36,2017,2.952241,70.0,1.517537,0.149925,1,2.795883,2.905857,10.49609,3.306313,6.707337,22.204708,0.0521,0.304536,2.079442,0.05,0.301358,1.237064,1
601738,远联械份,C36,2018,3.267654,98.6,1.780594,2.441393,1,2.952241,2.966564,6.102855,4.041409,6.593033,22.340575,0.388811,0.307811,2.197225,0.518824,0.368637,2.311134,1
601738,远联械份,C36,2019,3.11885,92.6,1.652971,1.480386,1,3.267654,2.976521,3.3546,3.113535,6.663991,22.394916,0.602468,0.13619,2.302585,0.532833,0.431448,1.509547,1
601738,远联械份,C36,2020,2.974161,90.6,1.533445,0.5244,0,3.11885,3.018735,11.671345,3.148523,6.324594,22.3805,0.117544,0.22932,2.397895,0.05,0.407287,2.471903,1
601738,远联械份,C36,2021,3.143431,88.6,1.687555,1.537395,1,2.974161,2.938147,5.4859,2.166712,6.72994,22.515209,0.423397,0.330259,2.484907,0.254033,0.387409,1.795539,1
601738,远联械份,C36,2022,3.161429,98.6,1.68662,1.294579,1,3.143431,3.00992,5.227745,3.594768,6.902124,22.51226,0.415614,-0.051257,2.564949,0.309548,0.398639,1.422085,1
601738,远联械份,C36,2023,3.256353,96.4,1.779159,2.401904,1,3.161429,2.998936,5.131882,4.515651,6.796704,22.545028,0.230703,-0.02217,2.639057,0.159575,0.317914,2.439303,1
601789,华联装份,C13,2015,2.351667,48.0,1.046191,-2.870171,0,,2.849209,10.85984,3.113294,6.773334,22.987035,0.433078,0.001078,2.890372,0.539599,0.397414,1.09939,0
601789,华联装份,C13,2016,2.854297,63.6,1.426494,-0.678163,1,2.351667,2.798964,8.643726,2.304111,6.664938,22.995197,0.59296,0.34904,2.944439,0.441833,0.324313,1.697335,0
601789,华联装份,C13,2017,2.832445,78.4,1.420001,-0.613905,0,2.854297,2.898166,7.103146,1.215809,6.424379,23.119869,0.594226,-0.071391,2.995732,0.569775,0.386152,1.958328,0
601789,华联装份,C13,2018,2.760408,77.2,1.357114,-1.088259,0,2.832445,2.855664,6.563861,0.772759,6.570861,23.155607,0.339027,0.258257,3.044522,0.407905,0.360979,3.495213,0
601789,华联装份,C13,2019,2.559154,50.8,1.20416,-1.922433,0,2.760408,2.921008,4.365177,3.448357,6.902659,23.246949,0.49891,-0.244222,3.091042,0.426295,0.281352,1.593583,0
601789,华联装份,C13,2020,3.144109,106.2,1.664707,1.178831,1,2.559154,2.950222,1.70805,2.673475,6.523708,23.166302,0.767889,-0.273217,3.135494,0.193661,0.318396,1.160902,0
601789,华联装份,C13,2021,2.894342,79.4,1.469203,-0.16672,1,3.144109,2.916042,10.35121,4.633248,6.67209,23.450966,0.0521,0.005459,3.178054,0.101692,0.321092,1.333734,0
601789,华联装份,C13,2022,2.657604,67.0,1.277623,-1.750635,0,2.894342,3.00576,6.667566,4.602159,6.788044,23.530456,0.312475,0.599614,3.218876,0.229478,0.318607,2.010821,0
601789,华联装份,C13,2023,2.911188,83.4,1.469469,-0.18679,0,2.657604,3.03846,9.300591,3.5961,6.659766,23.386291,0.528807,0.227584,3.258097,0.322065,0.432677,2.59204,0
601803,远联机份,C38,2015,2.315864,46.6,1.021528,-3.041582,0,,2.873308,4.599397,3.940996,6.677179,22.354632,0.418652,0.280112,2.890372,0.191649,0.370189,2.571113,0
601803,远联机份,C38,2016,3.078568,79.8,1.648431,1.140209,1,2.315864,2.930905,4.543142,1.992252,6.379217,22.452687,0.28318,0.009176,2.944439,0.177328,0.402577,2.671539,0
601803,远联机份,C38,2017,2.686688,69.4,1.308821,-1.510232,0,3.078568,2.939113,-0.765198,3.787746,6.630617,22.555536,0.511926,-0.073975,2.995732,0.110106,0.371999,1.556685,0
601803,远联机份,C38,2018,2.760662,73.0,1.360354,-1.295287,0,2.686688,2.891579,3.860279,0.836199,6.506946,22.533133,0.405573,0.070994,3.044522,0.331251,0.363584,1.64012,0
601803,远联机份,C38,2019,2.474952,55.2,1.152877,-2.348505,0,2.760662,2.923098,2.640818,3.283422,6.645341,22.681694,0.42647,0.224134,3.091042,0.05,0.410971,1.995044,0
601803,远联机份,C38,2020,2.401263,51.4,1.093119,-2.717218,0,2.474952,2.890151,0.524172,3.041527,6.549263,22.717099,0.158358,-0.323724,3.135494,0.15063,0.426284,2.17712,0
601803,远联机份,C38,2021,2.782014,67.0,1.382053,-1.192719,0,2.401263,2.994876,0.409753,2.888312,6.715704,22.756118,0.641277,0.060043,3.178054,0.481798,0.391535,1.707189,0
601803,远联机份,C38,2022,2.951204,68.6,1.52473,-0.017028,0,2.782014,2.998956,6.148485,3.842913,6.659602,22.853953,0.176407,0.08607,3.218876,0.193088,0.367898,2.109949,0
601803,远联机份,C38,2023,2.612673,61.8,1.232997,-1.89107,0,2.951204,2.974869,3.261578,1.622145,6.352909,22.882323,0.224743,0.015634,3.258097,0.247081,0.397485,2.928757,0
601889,新联机份,C35,2015,3.156622,94.8,1.690487,1.643753,1,,2.799045,7.458553,3.445624,6.595908,21.37761,0.43116,0.276939,2.995732,0.136273,0.384489,1.811036,0
601889,新联机份,C35,2016,3.230572,119.6,1.746869,1.999389,1,3.156622,2.948923,7.811737,3.586512,6.670475,21.286748,0.54413,0.09711,3.044522,0.318032,0.399717,1.863002,0
601889,新联机份,C35,2017,3.195438,99.0,1.733023,1.72091,1,3.230572,2.861712,5.808601,4.3339,6.551771,21.507451,0.339988,0.339328,3.091042,0.245541,0.319151,1.835169,0
601889,新联机份,C35,2018,2.908879,87.6,1.485648,-0.213868,0,3.195438,2.847617,8.810257,2.861596,6.489229,21.759072,0.348086,-0.311388,3.135494,0.273933,0.339714,1.832231,0
601889,新联机份,C35,2019,2.905005,87.0,1.47483,-0.414343,1,2.908879,2.827166,8.509132,5.740731,6.576532,21.768797,0.273498,0.298765,3.178054,0.225151,0.324705,1.751693,0
601889,新联机份,C35,2020,3.278001,101.0,1.807537,2.50754,1,2.905005,2.892191,11.065982,3.778046,6.814187,21.653904,0.174933,0.090405,3.218876,0.408278,0.44833,2.731865,0
601889,新联机份,C35,2021,3.269505,95.4,1.77002,1.941088,1,3.278001,2.815002,10.50023,4.525786,6.597352,21.828712,0.413084,0.080233,3.258097,0.359102,0.41858,1.275269,0
601889,新联机份,C35,2022,3.259339,96.8,1.787075,2.403433,1,3.269505,3.009385,10.105368,4.127923,6.788591,21.773187,0.61301,0.410106,3.295837,0.19226,0.381175,2.538661,0
601889,新联机份,C35,2023,3.261486,135.0,1.773457,2.263608,1,3.259339,3.064872,14.815956,4.369368,6.47231,21.869956,0.150438,0.551125,3.332205,0.450596,0.344211,1.716595,0
601971,远联机份,C13,2015,2.517884,42.2,1.176717,-2.176803,0,,2.839432,8.166931,2.687932,6.689195,22.18637,0.275078,0.106566,2.197225,0.387924,0.367469,1.993901,0
601971,远联机份,C13,2016,2.689821,60.6,1.310854,-1.35897,0,2.517884,2.808639,6.656832,1.640134,6.538186,22.186742,0.435405,-0.2425,2.302585,0.140838,0.339031,2.092655,0
601971,远联机份,C13,2017,2.710387,69.6,1.325562,-1.25594,0,2.689821,2.905346,8.460044,4.167561,6.219856,22.254124,0.246013,0.164733,2.397895,0.383932,0.348944,1.659983,0
601971,远联机份,C13,2018,2.907834,71.0,1.473718,-0.645533,0,2.710387,2.846992,12.427872,3.348276,6.633369,22.384153,0.0521,-0.150455,2.484907,0.134631,0.312022,2.745251,0
601971,远联机份,C13,2019,2.775307,76.0,1.358232,-1.222648,0,2.907834,2.908294,10.478678,4.40189,6.550918,22.511441,0.094975,0.143386,2.564949,0.478432,0.292355,1.672619,0
601971,远联机份,C13,2020,3.270559,106.8,1.785512,2.15974,1,2.775307,2.942784,11.296128,2.933575,6.837852,22.50369,0.222097,-0.217369,2.639057,0.114268,0.375026,2.183866,0
601971,远联机份,C13,2021,3.266596,96.6,1.766363,2.296475,1,3.270559,2.894145,8.402674,3.442913,6.656486,22.537224,0.487874,-0.006982,2.70805,0.569958,0.351779,1.894752,0
601971,远联机份,C13,2022,3.126951,97.4,1.653809,1.290537,1,3.266596,2.978152,11.035742,2.460263,6.867235,22.678097,0.264436,0.150817,2.772589,0.259258,0.448395,1.266019,0
601971,远联机份,C13,2023,3.247845,102.6,1.755603,2.118412,1,3.126951,3.018656,8.151219,2.861498,6.727001,22.700035,0.180197,0.075477,2.833213,0.176942,0.399075,2.104394,0
603130,联联智份,C13,2015,3.054583,99.0,1.599946,0.49865,1,,2.807861,7.344494,3.103061,6.885431,21.937542,0.309169,0.520035,1.791759,0.275961,0.434486,2.31101,1
603130,联联智份,C13,2016,3.251366,121.0,1.765756,1.975617,1,3.054583,2.775607,3.155604,4.003412,6.976951,21.766298,0.658314,0.118134,1.94591,0.44955,0.352294,1.369388,1
603130,联联智份,C13,2017,3.246155,100.0,1.769096,2.450799,1,3.251366,2.87383,4.467215,4.374997,6.516196,21.865674,0.465596,0.075367,2.079442,0.398386,0.379211,2.673886,1
603130,联联智份,C13,2018,2.974142,76.0,1.511671,-0.128202,1,3.246155,2.843091,8.894077,3.549399,6.680674,21.87352,0.170308,-0.134831,2.197225,0.162095,0.414758,2.607549,1
603130,联联智份,C13,2019,3.262502,125.8,1.781555,2.475626,1,2.974142,2.879635,3.444135,3.404847,6.43391,21.986342,0.660335,0.017242,2.302585,0.318528,0.401438,2.13739,1
603130,联联智份,C13,2020,3.163813,120.6,1.68691,1.343413,1,3.262502,2.949063,4.033182,3.880594,6.623741,22.058463,0.480236,0.510225,2.397895,0.392641,0.277264,1.840441,1
603130,联联智份,C13,2021,3.095241,111.2,1.63375,0.965779,1,3.163813,2.904225,4.608737,1.881556,6.68864,22.241657,0.594991,-0.124244,2.484907,0.43431,0.35906,1.450104,1
603130,联联智份,C13,2022,3.268347,101.4,1.76154,1.93999,1,3.095241,2.969834,4.489126,3.489095,6.975652,22.252276,0.567597,0.599614,2.564949,0.401237,0.28629,2.001638,1
603130,联联智份,C13,2023,3.255898,109.2,1.768915,2.20713,1,3.268347,3.018182,8.774934,4.599825,6.669181,22.29302,0.156668,-0.251718,2.639057,0.113551,0.394751,2.150482,1
603146,联联子份,C38,2015,3.06719,103.8,1.621397,0.845441,1,,2.819642,8.059815,2.221304,6.572709,21.13487,0.345238,-0.094192,1.94591,0.364047,0.484717,1.497309,0
603146,联联子份,C38,2016,3.15558,96.0,1.681432,1.296181,1,3.06719,2.925404,7.816133,4.123507,6.559389,21.124185,0.250708,-0.091953,2.079442,0.409407,0.294791,0.845228,0
603146,联联子份,C38,2017,2.967352,80.4,1.527588,-0.02359,0,3.15558,2.919065,8.686836,3.694323,6.188388,21.176152,0.112691,0.150383,2.197225,0.355964,0.368603,1.331517,0
603146,联联子份,C38,2018,3.254285,107.0,1.774006,2.131343,1,2.967352,2.856321,10.438591,4.377377,6.547581,21.410092,0.351494,0.016999,2.302585,0.436491,0.426574,1.552049,0
603146,联联子份,C38,2019,3.0199,87.0,1.584337,0.458695,1,3.254285,2.884173,6.15273,3.909845,6.665065,21.287362,0.546855,0.046435,2.397895,0.424234,0.378745,2.663994,0
603146,联联子份,C38,2020,2.869019,82.6,1.451649,-0.72155,0,3.0199,2.85674,7.560035,4.323187,6.637418,21.176367,0.359234,-0.065531,2.484907,0.276691,0.374184,1.612332,0
603146,联联子份,C38,2021,2.74553,69.6,1.358324,-1.276068,0,2.869019,2.997482,10.697058,3.21181,6.701665,21.414959,0.580642,0.381342,2.564949,0.233965,0.382993,1.663328,0
603146,联联子份,C38,2022,2.77707,73.4,1.380135,-0.750754,0,2.74553,3.011394,5.698704,2.987521,6.692804,21.203029,0.690009,0.230997,2.639057,0.399602,0.365852,1.644684,0
603146,联联子份,C38,2023,2.853359,75.6,1.452721,-0.401411,0,2.77707,2.957678,6.445304,1.930804,6.786671,21.532195,0.670865,0.274627,2.70805,0.05,0.391551,2.628429,0
603156,信联备份,C29,2015,2.802212,64.2,1.404797,-0.786273,1,,2.714624,5.088927,2.95631,6.423018,22.42553,0.485125,0.572291,2.079442,0.349007,0.37499,1.916348,1
603156,信联备份,C29,2016,2.417454,52.2,1.094837,-2.673951,0,2.802212,2.637505,5.675206,1.921915,6.677452,22.526884,0.57336,0.157187,2.197225,0.2519,0.386945,1.723996,1
603156,信联备份,C29,2017,2.330995,45.8,1.024002,-3.164484,0,2.417454,2.764558,2.301663,2.112861,6.579286,22.667979,0.571356,0.03887,2.302585,0.524068,0.36835,1.841541,1
603156,信联备份,C29,2018,2.581987,58.0,1.236737,-1.890011,0,2.330995,2.77174,6.392817,3.507881,6.507731,22.584464,0.39133,0.267781,2.397895,0.244196,0.379803,1.773887,1
603156,信联备份,C29,2019,2.750064,60.2,1.360681,-1.100588,1,2.581987,2.78549,4.694904,1.834228,6.766214,22.887131,0.340276,0.210144,2.484907,0.510711,0.529167,2.450072,1
603156,信联备份,C29,2020,2.790475,63.8,1.379923,-0.868618,0,2.750064,2.802805,6.413294,1.420554,6.800528,22.8369,0.310869,-0.041284,2.564949,0.194909,0.375508,0.781871,1
603156,信联备份,C29,2021,2.726515,66.2,1.343085,-0.851147,0,2.790475,2.843542,7.031192,1.845657,6.558175,22.72204,0.2639,-0.050706,2.639057,0.422208,0.416639,1.81874,1
603156,信联备份,C29,2022,2.792507,71.4,1.370825,-1.253134,0,2.726515,2.892388,10.855486,2.325003,6.461961,22.938002,0.21413,0.47812,2.70805,0.517469,0.326205,1.401452,1
603156,信联备份,C29,2023,3.010428,78.4,1.564757,0.434607,1,2.792507,2.945779,5.317401,3.636573,6.71273,22.951353,0.253562,-0.121607,2.772589,0.276446,0.371217,1.414454,1
603236,新联智份,C29,2015,2.808903,55.6,1.387518,-0.96425,1,,2.714319,4.793544,3.563421,6.464877,22.121018,0.447851,0.193681,1.791759,0.446605,0.389578,2.248999,0
603236,新联智份,C29,2016,2.237571,42.8,0.965533,-3.442493,0,2.808903,2.645681,5.542792,3.687353,6.821393,22.105558,0.561443,0.328538,1.94591,0.285963,0.40841,1.42155,0
603236,新联智份,C29,2017,2.237571,35.2,0.924443,-3.521005,0,2.237571,2.768805,5.382642,3.648569,6.654021,22.053256,0.440498,0.599614,2.079442,0.455619,0.272658,2.796341,0
603236,新联智份,C29,2018,2.615405,48.6,1.253522,-1.779173,0,2.237571,2.770221,5.183547,2.067568,6.703137,22.09421,0.224008,-0.047601,2.197225,0.076207,0.361052,1.632078,0
603236,新联智份,C29,2019,2.513427,47.0,1.189051,-2.033959,0,2.615405,2.796246,2.208436,4.02653,6.490685,22.331403,0.695482,-0.42879,2.302585,0.226557,0.349404,1.934828,0
603236,新联智份,C29,2020,2.467951,41.8,1.109427,-2.481069,0,2.513427,2.817465,8.501079,1.661156,6.649421,22.41808,0.415749,0.097404,2.397895,0.417343,0.393458,1.170124,0
603236,新联智份,C29,2021,2.582544,49.4,1.240683,-1.431661,0,2.467951,2.850087,3.220963,1.325608,6.682216,22.317894,0.512088,-0.44873,2.484907,0.405773,0.372359,1.893066,0
603236,新联智份,C29,2022,2.468908,46.2,1.135308,-2.705751,0,2.582544,2.907097,8.660298,4.556968,6.56831,22.355593,0.386558,0.278179,2.564949,0.340281,0.346939,2.26998,0
603236,新联智份,C29,2023,2.77147,67.0,1.359959,-1.291056,0,2.468908,2.956641,5.445291,2.630187,6.589005,22.455742,0.494678,-0.093085,2.639057,0.578719,0.371313,1.611071,0
603272,中联械份,C39,2015,2.532587,53.4,1.197184,-1.845224,0,,2.814832,2.116779,4.235079,6.613621,23.037091,0.316179,0.107961,2.397895,0.488644,0.284198,1.493025,0
603272,中联械份,C39,2016,2.237571,38.8,0.908298,-3.390505,0,2.532587,2.862562,6.812411,3.707179,6.748275,23.171819,0.063908,-0.402091,2.484907,0.164238,0.424629,1.230574,0
603272,中联械份,C39,2017,2.793474,75.4,1.397624,-0.915109,0,2.237571,2.909883,5.339213,2.338766,6.813783,23.256394,0.334223,-0.029588,2.564949,0.266195,0.369184,2.304582,0
603272,中联械份,C39,2018,2.85255,61.8,1.435415,-0.705947,0,2.793474,2.925752,4.962985,2.00824,6.597994,23.358281,0.496635,0.079273,2.639057,0.485094,0.415249,1.2947,0
603272,中联械份,C39,2019,2.757188,70.0,1.362826,-1.255067,0,2.85255,2.890402,6.191264,2.387518,6.449766,23.345432,0.307288,0.191718,2.70805,0.328921,0.394768,1.987061,0
603272,中联械份,C39,2020,3.272498,94.2,1.793775,2.306931,1,2.757188,3.021156,7.139081,3.930767,6.675771,23.374342,0.464916,0.599614,2.772589,0.338002,0.308008,1.836119,0
603272,中联械份,C39,2021,3.166401,97.0,1.700708,1.293632,1,3.272498,2.946898,7.870093,3.60346,6.568947,23.40159,0.314267,-0.207852,2.833213,0.381597,0.408283,1.244226,0
603272,中联械份,C39,2022,2.842732,66.8,1.443101,-0.211917,0,3.166401,3.035328,6.423672,2.966984,6.443571,23.422729,0.351591,0.076505,2.890372,0.348317,0.371487,2.188246,0
603272,中联械份,C39,2023,2.454221,48.4,1.122584,-2.268569,0,2.842732,3.035913,9.192412,1.444433,6.544036,23.505376,0.0521,0.305078,2.944439,0.05,0.40739,1.92332,0
603276,联联材份,C40,2015,2.985835,84.2,1.51891,0.011048,1,,2.840514,12.536329,5.228305,6.970511,20.393755,0.180185,0.054109,1.098612,0.462634,0.278772,1.530358,1
603276,联联材份,C40,2016,3.043506,93.6,1.582931,0.642972,1,2.985835,2.936577,9.368326,4.443314,6.59577,20.329274,0.700124,-0.008882,1.386294,0.468897,0.356926,1.786678,1
603276,联联材份,C40,2017,3.259178,111.2,1.765381,1.874409,1,3.043506,2.856247,14.815956,4.924045,6.681538,20.366765,0.250251,0.253467,1.609438,0.22806,0.391616,1.553289,1
603276,联联材份,C40,2018,3.241713,117.8,1.751655,1.657396,1,3.259178,2.958371,12.512396,3.593856,6.379664,20.461442,0.467371,-0.048949,1.791759,0.337429,0.341189,1.275597,1
603276,联联材份,C40,2019,3.261866,134.2,1.765249,2.091851,1,3.241713,3.00474,9.610347,4.384267,6.500082,20.66856,0.444925,-0.118864,1.94591,0.293266,0.344066,2.399224,1
603276,联联材份,C40,2020,3.2404,118.4,1.737713,1.899688,1,3.261866,3.016772,11.537935,3.877863,6.488943,20.573717,0.328044,0.235326,2.079442,0.107925,0.398756,1.859936,1
603276,联联材份,C40,2021,3.25686,116.6,1.746404,1.990345,1,3.2404,3.076403,14.815956,5.581095,6.442504,20.612434,0.43364,-0.155476,2.197225,0.478644,0.360606,2.873081,1
603276,联联材份,C40,2022,3.270071,99.0,1.769672,2.18706,1,3.25686,3.079469,14.815956,1.988491,6.860189,20.770077,0.454588,0.388212,2.302585,0.356102,0.359054,2.709759,1
603276,联联材份,C40,2023,3.250085,95.6,1.75193,2.093011,1,3.270071,3.113844,11.136107,5.132028,6.897978,20.895426,0.62197,-0.076597,2.397895,0.296183,0.389998,0.732605,1
603312,远联科份,C40,2015,2.837224,82.8,1.418261,-0.289036,0,,2.84727,8.128713,2.272713,6.680896,20.280179,0.284304,0.016212,2.639057,0.359274,0.433384,1.871753,0
603312,远联科份,C40,2016,2.610231,63.2,1.230005,-1.991309,0,2.837224,2.956271,7.96433,4.549133,6.493411,20.257572,0.481162,0.253406,2.70805,0.560167,0.424368,2.153437,0
603312,远联科份,C40,2017,3.004163,84.0,1.555296,0.349699,1,2.610231,2.867838,14.428723,5.740731,6.635446,20.355028,0.18,0.099946,2.772589,0.336308,0.393123,2.515605,0
603312,远联科份,C40,2018,3.270632,94.6,1.769751,2.079637,1,3.004163,2.957056,7.299566,4.857756,6.698536,20.431784,0.264663,0.070333,2.833213,0.462943,0.324978,1.788496,0
603312,远联科份,C40,2019,3.268937,102.6,1.773189,2.215115,1,3.270632,3.004418,10.561617,2.814231,6.708726,20.621616,0.286295,0.166755,2.890372,0.216299,0.367033,1.456241,0
603312,远联科份,C40,2020,3.241652,124.6,1.747379,2.077422,1,3.268937,3.016715,9.147017,5.378097,6.600904,20.705422,0.771127,-0.221819,2.944439,0.320734,0.384705,3.172729,0
603312,远联科份,C40,2021,3.267027,113.6,1.776605,1.931422,1,3.241652,3.075941,10.353638,3.909541,6.96945,20.66841,0.531265,0.401364,2.995732,0.373501,0.333532,1.248477,0
603312,远联科份,C40,2022,3.210314,125.0,1.708837,1.322299,0,3.267027,3.082186,14.815956,3.447225,6.772985,20.752194,0.378287,0.302322,3.044522,0.142,0.386958,2.605692,0
603312,远联科份,C40,2023,3.244776,129.0,1.758889,1.871614,1,3.210314,3.114085,7.765638,5.060947,6.738138,20.61897,0.337298,-0.233221,3.091042,0.258678,0.326672,2.126296,0
603372,远联装份,C13,2015,2.503605,40.0,1.149641,-2.225207,0,,2.840272,7.497506,4.409786,6.533026,20.624835,0.349326,-0.075772,2.197225,0.335126,0.332789,2.014631,0
603372,远联装份,C13,2016,2.45059,50.2,1.111126,-2.508266,0,2.503605,2.822712,8.456791,4.339905,6.606289,20.487553,0.344628,0.047097,2.302585,0.416733,0.379481,2.018955,0
603372,远联装份,C13,2017,2.237571,38.8,0.878125,-3.43016,0,2.45059,2.933159,7.503247,3.447606,6.503617,20.7733,0.430196,-0.001682,2.397895,0.327505,0.340642,2.941946,0
603372,远联装份,C13,2018,2.237571,41.6,0.921684,-3.323206,0,2.237571,2.886419,2.851759,2.552278,6.560414,20.790558,0.54539,-0.034727,2.484907,0.52599,0.382943,0.925196,0
603372,远联装份,C13,2019,2.237571,31.6,0.89813,-3.648638,0,2.237571,2.939925,7.559466,1.399156,6.328133,20.752324,0.485577,0.042416,2.564949,0.219642,0.425504,1.351292,0
603372,远联装份,C13,2020,2.6823,56.0,1.295961,-1.43132,0,2.237571,2.977388,0.726006,1.183503,6.540551,21.021011,0.526634,-0.101633,2.639057,0.05,0.259579,0.870458,0
603372,远联装份,C13,2021,2.237571,28.2,0.817532,-3.66665,0,2.6823,2.954676,5.539521,3.125726,6.475661,21.145249,0.317812,-0.095526,2.70805,0.118185,0.415906,1.908632,0
603372,远联装份,C13,2022,2.586796,57.0,1.230943,-1.943984,0,2.237571,3.009925,6.366579,3.156974,6.621262,21.147438,0.393428,0.17747,2.772589,0.293289,0.413854,1.858142,0
603372,远联装份,C13,2023,2.629985,56.0,1.249108,-1.937932,0,2.586796,3.055001,4.916285,2.455452,6.542908,21.198404,0.421323,0.0276,2.833213,0.409847,0.327598,1.503484,0
603401,通联技份,C36,2015,3.201419,124.2,1.720143,1.926173,1,,2.842058,12.103171,5.267416,6.503137,20.77545,0.515876,0.133543,2.890372,0.165034,0.25,1.4384,0
603401,通联技份,C36,2016,2.928393,80.4,1.505655,0.342909,1,3.201419,2.873578,8.611198,4.85284,6.347541,20.977513,0.655515,0.010342,2.944439,0.320602,0.438455,2.24165,0
603401,通联技份,C36,2017,3.261441,93.6,1.781013,2.666666,1,2.928393,2.885244,12.93202,4.410128,6.795527,20.907086,0.446049,0.110428,2.995732,0.509852,0.413024,2.243068,0
603401,通联技份,C36,2018,3.25767,112.8,1.780541,2.311011,1,3.261441,2.96723,14.815956,4.940697,6.609946,21.052509,0.530277,0.568981,3.044522,0.524069,0.349344,1.558208,0
603401,通联技份,C36,2019,3.24201,127.4,1.767582,2.486219,1,3.25767,2.96831,9.374364,2.963025,6.464393,21.303366,0.36471,-0.093052,3.091042,0.226172,0.37342,2.009331,0
603401,通联技份,C36,2020,3.255632,97.4,1.776308,2.425069,1,3.24201,2.99997,7.71301,3.985645,6.799126,21.18516,0.771127,-0.381278,3.135494,0.342987,0.373802,1.932317,0
603401,通联技份,C36,2021,3.264863,103.4,1.784965,2.462733,1,3.255632,2.930052,10.263294,3.860084,6.507341,21.138425,0.314206,-0.034466,3.178054,0.522996,0.358918,2.02645,0
603401,通联技份,C36,2022,3.163071,107.6,1.704178,1.915692,1,3.264863,3.009811,14.769291,3.378314,6.765446,21.536474,0.121878,-0.158775,3.218876,0.353259,0.362517,1.082703,0
603401,通联技份,C36,2023,3.235544,107.4,1.746169,1.893773,1,3.163071,3.000323,10.295341,4.476118,6.780399,21.561558,0.427007,0.342146,3.258097,0.373039,0.398164,1.146582,0
603439,远联械份,C13,2015,2.720648,59.4,1.334424,-1.095418,0,,2.827505,0.00666,2.077753,6.533005,21.570264,0.340519,-0.338441,1.386294,0.198918,0.360698,1.429454,0
603439,远联械份,C13,2016,2.646456,51.8,1.266867,-1.499354,0,2.720648,2.81119,1.219336,1.994137,6.493176,21.696274,0.771127,0.049635,1.609438,0.374903,0.361864,1.603477,0
603439,远联械份,C13,2017,2.500032,55.4,1.175385,-1.931611,0,2.646456,2.91772,6.063262,3.664011,6.65175,21.644944,0.663553,0.012709,1.791759,0.245767,0.399692,0.858755,0
603439,远联械份,C13,2018,2.515177,50.0,1.181326,-2.206248,0,2.500032,2.870089,1.972185,4.333523,6.518477,21.872044,0.618344,0.152321,1.94591,0.575604,0.441866,2.47501,0
603439,远联械份,C13,2019,2.417445,49.4,1.101791,-2.403775,0,2.515177,2.929344,3.141281,4.193453,6.545501,21.682825,0.606634,0.226651,2.079442,0.453262,0.412736,1.937006,0
603439,远联械份,C13,2020,2.788819,65.0,1.386787,-0.818367,0,2.417445,2.971122,5.231476,2.299146,6.784326,21.894776,0.124129,-0.212989,2.197225,0.460774,0.468755,2.364669,0
603439,远联械份,C13,2021,2.785243,58.2,1.378788,-1.032682,0,2.788819,2.92246,6.558777,2.143564,6.762177,21.999672,0.499887,-0.316767,2.302585,0.310717,0.336463,2.067528,0
603439,远联械份,C13,2022,2.829732,62.6,1.411558,-0.892162,0,2.785243,2.995635,2.051452,2.039765,6.377788,22.088914,0.615003,-0.03694,2.397895,0.209772,0.359287,2.413674,0
603439,远联械份,C13,2023,2.866726,72.8,1.439305,-0.498998,0,2.829732,3.041075,4.614476,5.617771,6.677306,21.95752,0.446206,0.235127,2.484907,0.313936,0.382736,2.594642,0
603441,新联科份,C27,2015,2.772334,73.6,1.390606,-0.715265,0,,2.866881,5.823535,3.452538,6.515206,23.725395,0.257178,0.217669,2.302585,0.330912,0.427828,1.62962,1
603441,新联科份,C27,2016,2.632582,65.0,1.239208,-1.897872,0,2.772334,2.871677,7.485129,2.536292,7.139526,23.790917,0.225036,0.074516,2.397895,0.5413,0.413819,2.053158,1
603441,新联科份,C27,2017,2.978663,87.0,1.544049,0.531277,1,2.632582,2.879284,3.842703,4.085561,6.506417,23.858172,0.449649,-0.051952,2.484907,0.399733,0.423757,2.71988,1
603441,新联科份,C27,2018,2.488835,53.8,1.13716,-2.301388,0,2.978663,2.891396,1.616217,2.864375,6.668931,23.821732,0.349313,0.208506,2.564949,0.409007,0.347638,1.624498,1
603441,新联科份,C27,2019,2.929377,72.6,1.49282,0.001609,0,2.488835,2.942876,0.372993,1.622733,6.553085,23.93721,0.771127,0.081131,2.639057,0.456964,0.384324,2.993612,1
603441,新联科份,C27,2020,3.155925,89.0,1.694736,1.435341,1,2.929377,2.925184,5.021651,3.522734,6.664611,24.050217,0.682303,0.303534,2.70805,0.2738,0.408121,0.680715,1
603441,新联科份,C27,2021,3.245114,104.8,1.77601,2.578146,1,3.155925,3.052556,7.347023,3.039353,6.646493,24.158978,0.372767,0.270708,2.772589,0.368951,0.429082,1.00103,1
603441,新联科份,C27,2022,2.773067,68.6,1.351329,-1.134314,0,3.245114,3.053871,4.519896,1.693337,6.643149,24.103406,0.339186,-0.201015,2.833213,0.408129,0.324848,1.766894,1
603441,新联科份,C27,2023,3.155177,106.2,1.683537,1.345823,1,2.773067,3.058311,2.170304,2.843953,6.76592,24.386583,0.629672,0.096648,2.890372,0.570963,0.382583,2.313641,1
603449,中联装份,C29,2015,2.725807,72.0,1.338183,-1.110999,0,,2.718097,10.41177,2.581415,6.849138,22.353667,0.316632,0.118459,2.484907,0.107622,0.413793,1.478358,0
603449,中联装份,C29,2016,2.959588,92.2,1.524575,-0.044859,1,2.725807,2.612863,12.482619,3.653997,6.817263,22.554481,0.116643,-0.011945,2.564949,0.18365,0.388248,2.451461,0
603449,中联装份,C29,2017,3.097456,82.6,1.628597,0.586262,1,2.959588,2.729719,12.04251,5.082144,6.644208,22.455584,0.161639,0.312134,2.639057,0.127613,0.449945,1.499538,0
603449,中联装份,C29,2018,3.070318,105.6,1.618085,0.504182,1,3.097456,2.749543,13.45256,3.423991,6.972213,22.635358,0.375162,0.317389,2.70805,0.305699,0.390869,1.615873,0
603449,中联装份,C29,2019,3.247799,130.0,1.758937,1.989961,1,3.070318,2.762866,11.571576,4.033498,6.824511,22.691322,0.338108,0.19126,2.772589,0.456291,0.347512,0.674508,0
603449,中联装份,C29,2020,3.239113,94.0,1.767534,2.033321,1,3.247799,2.782413,11.565683,1.892657,6.930606,22.56305,0.196755,-0.376541,2.833213,0.397766,0.355786,1.562477,0
603449,中联装份,C29,2021,3.246015,118.6,1.754326,1.999472,1,3.239113,2.819929,10.965759,4.058737,7.020242,22.676828,0.363919,0.054472,2.890372,0.532561,0.355476,1.065218,0
603449,中联装份,C29,2022,3.260872,95.4,1.781333,2.1911,1,3.246015,2.871098,10.168153,3.095713,6.843804,22.831411,0.480798,0.089526,2.944439,0.437985,0.393178,1.882686,0
603449,中联装份,C29,2023,3.255391,124.2,1.778438,2.409938,1,3.260872,2.934644,14.664705,3.270418,6.6083,22.847352,0.269489,0.174721,2.995732,0.338927,0.358997,1.560655,0
603507,创联机份,C29,2015,2.561017,53.4,1.222967,-2.012831,0,,2.725587,5.349981,2.440507,6.543646,22.459764,0.508413,0.356626,1.386294,0.2212,0.385125,2.071217,0
603507,创联机份,C29,2016,2.237571,37.0,0.945691,-3.23223,0,2.561017,2.645681,4.437045,0.620507,6.664809,22.532608,0.44611,0.093874,1.609438,0.311499,0.438032,1.7459,0
603507,创联机份,C29,2017,2.252164,30.8,0.981822,-3.086225,0,2.237571,2.768141,8.392332,1.08847,6.533617,22.739032,0.27336,0.444176,1.791759,0.484961,0.396449,1.581719,0
603507,创联机份,C29,2018,2.461484,48.4,1.121848,-2.393026,0,2.252164,2.777218,4.732674,3.077815,6.449139,22.773694,0.288809,0.347235,1.94591,0.337,0.365573,3.523876,0
603507,创联机份,C29,2019,2.893081,63.2,1.454901,-0.570971,1,2.461484,2.778989,8.021727,4.453951,6.781541,22.716211,0.321707,0.300301,2.079442,0.234458,0.418325,1.078159,0
603507,创联机份,C29,2020,2.511027,53.6,1.16821,-2.238266,0,2.893081,2.815508,6.540597,2.27262,6.503805,22.875296,0.406974,0.311018,2.197225,0.52127,0.381366,3.196186,0
603507,创联机份,C29,2021,2.837429,73.4,1.414408,-0.858885,1,2.511027,2.838501,9.752643,1.329376,6.684214,22.921054,0.073364,-0.050335,2.302585,0.248364,0.393432,1.991833,0
603507,创联机份,C29,2022,2.772401,75.0,1.37114,-1.058405,0,2.837429,2.893302,1.125867,2.26271,6.884346,22.875626,0.681514,-0.183213,2.397895,0.094366,0.277542,1.744649,0
603507,创联机份,C29,2023,2.544705,60.2,1.191503,-2.113351,0,2.772401,2.966948,2.848567,5.382896,6.5874,23.054896,0.64186,-0.330025,2.484907,0.296694,0.353212,1.050645,0
603508,新联材份,C29,2015,2.767785,65.2,1.378908,-1.173057,1,,2.716188,5.442631,1.405398,6.488136,21.036803,0.491642,-0.44873,2.484907,0.234308,0.366773,2.253598,0
603508,新联材份,C29,2016,2.527033,54.0,1.181516,-2.005841,0,2.767785,2.632524,6.965773,3.797438,6.739133,21.064772,0.544717,0.107947,2.564949,0.354436,0.340251,1.615741,0
603508,新联材份,C29,2017,2.885216,63.2,1.427111,-0.710892,1,2.527033,2.739366,10.839517,1.352449,6.396683,21.0293,0.240821,-0.158524,2.639057,0.147614,0.38792,2.395582,0
603508,新联材份,C29,2018,2.448214,53.8,1.129634,-2.487369,0,2.885216,2.777821,9.3686,2.101378,6.825848,21.033271,0.436772,-0.246555,2.70805,0.164797,0.358308,2.382288,0
603508,新联材份,C29,2019,2.416314,51.4,1.106804,-2.472338,0,2.448214,2.800661,3.628823,2.434186,6.622654,21.188837,0.351545,-0.255032,2.772589,0.447064,0.382686,2.316873,0
603508,新联材份,C29,2020,2.66623,54.6,1.310089,-1.246312,0,2.416314,2.808453,7.953719,3.422473,6.764555,21.134208,0.567124,0.205737,2.833213,0.527902,0.364827,1.809208,0
603508,新联材份,C29,2021,2.640659,59.2,1.265847,-2.080861,0,2.66623,2.847445,6.619217,3.318751,6.468151,21.086365,0.611668,-0.118603,2.890372,0.422171,0.439305,2.303943,0
603508,新联材份,C29,2022,2.493676,45.6,1.180889,-1.787847,0,2.640659,2.905971,9.63812,3.999931,6.348373,21.148935,0.052237,0.137214,2.944439,0.35155,0.359185,2.594531,0
603508,新联材份,C29,2023,2.850016,67.4,1.419397,-0.811839,0,2.493676,2.95307,9.518535,1.736111,6.366337,21.3576,0.456651,0.010546,2.995732,0.41702,0.443859,1.717479,0
603559,联联电份,C27,2015,2.99146,85.4,1.548859,0.473773,1,,2.856447,10.195771,4.075111,6.650677,21.702502,0.066296,0.159197,2.397895,0.547346,0.407324,2.964268,0
603559,联联电份,C27,2016,3.021849,89.6,1.574547,0.672698,1,2.99146,2.85314,9.542055,4.527366,6.627942,21.795933,0.372248,-0.202854,2.484907,0.37793,0.410905,1.386802,0
603559,联联电份,C27,2017,2.978491,99.0,1.520973,0.039599,1,3.021849,2.879292,9.913787,5.00708,6.645823,21.830113,0.40659,0.547398,2.564949,0.490154,0.39738,3.046918,0
603559,联联电份,C27,2018,3.040162,82.8,1.588695,0.793289,1,2.978491,2.865142,12.209443,4.328564,6.769415,21.901257,0.457962,0.599614,2.639057,0.153403,0.386055,1.552809,0
603559,联联电份,C27,2019,2.714249,54.4,1.317097,-1.204218,0,3.040162,2.95312,10.995259,2.325004,6.842014,21.859469,0.233265,0.280145,2.70805,0.280208,0.311269,1.509193,0
603559,联联电份,C27,2020,2.604713,63.0,1.23459,-1.761109,0,2.714249,2.951432,12.632908,3.975456,6.522412,22.047417,0.214945,0.018414,2.772589,0.312384,0.389078,2.911329,0
603559,联联电份,C27,2021,3.131996,96.6,1.655051,1.393102,1,2.604713,3.057943,9.969307,1.567091,6.785998,22.276205,0.492767,0.043308,2.833213,0.275257,0.399171,0.5,0
603559,联联电份,C27,2022,3.026543,98.6,1.575343,0.582318,0,3.131996,3.0418,14.221467,3.251908,6.667141,22.227945,0.39911,0.388704,2.890372,0.285219,0.433863,2.02607,0
603559,联联电份,C27,2023,3.216002,109.4,1.745889,2.065039,1,3.026543,3.055415,7.448806,4.011527,6.816617,22.282922,0.42525,-0.426427,2.944439,0.299251,0.329286,1.891407,0
603678,华联科份,C29,2015,2.825967,71.4,1.407668,-0.857781,1,,2.713544,4.346357,2.342806,6.542784,21.788228,0.218452,-0.147736,2.944439,0.242267,0.392404,2.035,0
603678,华联科份,C29,2016,2.803423,67.6,1.390973,-0.906307,1,2.825967,2.619961,3.541884,3.852699,6.605313,21.914398,0.416151,0.412318,2.995732,0.355173,0.400208,2.831202,0
603678,华联科份,C29,2017,2.734871,62.4,1.341226,-1.474082,0,2.803423,2.7462,6.393062,3.600313,6.725701,22.04214,0.348713,0.135433,3.044522,0.487152,0.436288,1.566312,0
603678,华联科份,C29,2018,2.751728,58.4,1.352237,-0.974237,0,2.734871,2.764025,3.742852,3.64507,6.581107,22.094369,0.228532,0.416952,3.091042,0.268252,0.360415,2.891914,0
603678,华联科份,C29,2019,2.319114,41.8,1.02349,-2.913698,0,2.751728,2.805079,3.53228,3.031721,6.389918,22.066894,0.275052,0.14705,3.135494,0.15467,0.391398,0.5,0
603678,华联科份,C29,2020,2.341478,40.8,1.04559,-2.932055,0,2.319114,2.823214,1.313358,2.788931,6.565606,22.259963,0.41185,-0.074727,3.178054,0.25469,0.364211,2.372616,0
603678,华联科份,C29,2021,2.57423,48.8,1.229523,-1.970929,0,2.341478,2.850465,2.181333,2.423624,6.665726,22.282659,0.417514,0.011883,3.218876,0.387841,0.256471,3.183031,0
603678,华联科份,C29,2022,2.858777,73.8,1.431031,-0.921621,0,2.57423,2.889376,2.744582,0.625643,6.756601,22.315457,0.485519,-0.013951,3.258097,0.382238,0.357271,1.99392,0
603678,华联科份,C29,2023,2.858605,76.4,1.441136,-0.652196,0,2.858777,2.95268,3.676619,2.858882,6.574175,22.364497,0.536041,0.060358,3.295837,0.356127,0.425435,2.045784,0
603689,联联材份,C40,2015,3.179649,101.0,1.688632,1.047348,1,,2.831705,7.111991,1.11592,6.675445,21.863495,0.36593,-0.079515,1.791759,0.287807,0.410987,2.483162,0
603689,联联材份,C40,2016,3.215662,100.2,1.7338,1.431879,1,3.179649,2.928751,12.703101,2.452659,6.678571,21.785358,0.204068,-0.146458,1.94591,0.282459,0.375327,3.523876,0
603689,联联材份,C40,2017,3.266098,105.6,1.771625,2.074285,1,3.215662,2.855932,11.735311,3.047394,6.823744,21.788771,0.423405,-0.226257,2.079442,0.284133,0.410791,1.711632,0
603689,联联材份,C40,2018,3.227075,108.2,1.727246,1.750526,1,3.266098,2.959036,12.300895,2.377653,6.620919,21.810441,0.241368,-0.031179,2.197225,0.195835,0.366022,2.550579,0
603689,联联材份,C40,2019,3.270721,134.2,1.773258,2.41387,1,3.227075,3.004337,14.815956,5.740731,6.705308,22.039843,0.298412,0.410023,2.302585,0.320711,0.379041,1.687953,0
603689,联联材份,C40,2020,3.24569,117.4,1.750355,1.977614,1,3.270721,3.016532,11.675815,4.494637,6.88864,22.100522,0.623815,0.07225,2.397895,0.277348,0.387418,1.133504,0
603689,联联材份,C40,2021,3.26114,126.6,1.759264,1.972835,1,3.24569,3.076209,10.769273,2.574077,6.904128,22.297297,0.56192,-0.047066,2.484907,0.141611,0.356784,1.822749,0
603689,联联材份,C40,2022,3.278001,120.6,1.790161,2.451869,1,3.26114,3.079109,14.815956,3.82238,6.660514,22.112987,0.147174,-0.038844,2.564949,0.479262,0.465927,2.322297,0
603689,联联材份,C40,2023,3.270707,99.8,1.775012,2.329689,1,3.278001,3.112906,14.632087,4.443715,7.034271,22.344681,0.287929,0.20728,2.639057,0.446458,0.437417,1.345859,0
603710,新联子份,C34,2015,2.869619,76.2,1.453068,-0.312261,0,,2.932552,10.289532,3.692272,6.545708,21.830136,0.135684,0.127805,1.609438,0.090472,0.345405,2.109704,1
603710,新联子份,C34,2016,2.884157,73.6,1.455998,-0.440612,1,2.869619,2.901814,5.366335,4.80663,6.608041,21.908404,0.694237,0.241113,1.791759,0.094413,0.407939,2.887079,1
603710,新联子份,C34,2017,2.773596,65.2,1.364701,-0.856639,0,2.884157,2.924209,6.769605,2.536772,6.576628,21.77465,0.302477,0.040421,1.94591,0.231485,0.283042,2.592069,1
603710,新联子份,C34,2018,2.782575,76.0,1.376427,-0.806589,0,2.773596,2.992026,11.613493,2.431612,6.645625,21.960154,0.386072,0.213772,2.079442,0.222329,0.441963,1.308631,1
603710,新联子份,C34,2019,2.927929,79.6,1.498325,0.171624,0,2.782575,3.016626,7.912633,2.329839,6.580598,21.926082,0.5096,-0.135008,2.197225,0.122844,0.444429,2.627864,1
603710,新联子份,C34,2020,2.887762,87.8,1.463383,-0.219953,0,2.927929,2.954739,9.058954,3.382499,6.520085,21.991667,0.716167,0.321929,2.302585,0.260382,0.408407,3.268895,1
603710,新联子份,C34,2021,3.187881,115.0,1.724564,1.803319,1,2.887762,3.041186,9.132518,5.253731,6.663493,22.004447,0.262699,-0.028976,2.397895,0.114268,0.485762,1.767697,1
603710,新联子份,C34,2022,3.274737,96.2,1.796714,2.645821,1,3.187881,3.088763,10.081402,3.806441,6.773113,22.038793,0.490066,0.171514,2.484907,0.343309,0.432599,1.107578,1
603710,新联子份,C34,2023,3.245486,113.6,1.756263,2.334178,1,3.274737,3.123535,7.917761,3.897431,6.638074,22.237726,0.511439,-0.184708,2.564949,0.157518,0.364771,2.751064,1
603778,中联技份,C40,2015,3.000989,85.0,1.528707,-0.146761,1,,2.839826,5.812668,3.302128,6.803083,22.891506,0.60157,0.047282,2.639057,0.340169,0.405079,2.784469,0
603778,中联技份,C40,2016,3.169587,85.4,1.678004,0.966208,1,3.000989,2.930846,4.806257,3.637206,6.759485,22.908015,0.491617,0.043616,2.70805,0.317755,0.393131,1.184456,0
603778,中联技份,C40,2017,2.293987,40.4,1.001295,-3.154687,0,3.169587,2.900119,13.434013,2.84088,6.64006,22.96173,0.0521,0.016549,2.772589,0.370341,0.359858,1.814004,0
603778,中联技份,C40,2018,2.975596,77.4,1.53087,0.431451,0,2.293987,2.970467,6.566357,4.409051,6.591927,23.00124,0.375629,0.333008,2.833213,0.391436,0.378538,2.082663,0
603778,中联技份,C40,2019,3.140801,103.4,1.661622,1.04263,1,2.975596,3.010243,5.583431,1.185935,6.756076,23.316458,0.437354,-0.126629,2.890372,0.32854,0.401901,2.323938,0
603778,中联技份,C40,2020,2.867395,84.2,1.429701,-0.350669,0,3.140801,3.033727,5.901591,4.090995,6.702875,23.100415,0.305109,0.219516,2.944439,0.44423,0.359843,1.498684,0
603778,中联技份,C40,2021,3.251887,92.6,1.753286,2.309808,1,2.867395,3.076629,8.676971,2.880547,6.74854,23.262395,0.271023,-0.30936,2.995732,0.179862,0.377104,1.100698,0
603778,中联技份,C40,2022,3.236572,114.8,1.742678,1.637986,1,3.251887,3.080992,5.636482,4.469094,6.795679,23.341012,0.454759,0.176901,3.044522,0.095791,0.464303,2.133957,0
603778,中联技份,C40,2023,3.256116,97.0,1.752619,1.919483,1,3.236572,3.11357,6.531718,3.664581,7.061272,23.326158,0.510861,0.085413,3.091042,0.480522,0.308117,0.5,0
603865,中联机份,C40,2015,2.87897,62.8,1.435524,-0.42044,1,,2.845372,6.908041,2.822166,6.691205,21.095671,0.411335,-0.265394,2.564949,0.360967,0.377538,1.664875,0
603865,中联机份,C40,2016,2.84354,77.0,1.420042,-0.873086,0,2.87897,2.945666,7.799481,4.118499,6.42849,21.127653,0.526429,-0.061372,2.639057,0.403088,0.416305,2.11697,0
603865,中联机份,C40,2017,2.647597,64.8,1.272118,-1.674931,0,2.84354,2.884046,10.337303,3.573504,6.730348,21.227916,0.0725,-0.000157,2.70805,0.416613,0.379415,2.731848,0
603865,中联机份,C40,2018,2.894371,80.0,1.451724,-0.395043,0,2.647597,2.974159,4.398439,3.058389,6.734932,21.198457,0.640767,-0.029701,2.772589,0.382099,0.370981,1.702297,0
603865,中联机份,C40,2019,2.948896,81.4,1.507486,0.160867,0,2.894371,3.018966,6.670862,4.136739,6.678249,21.313314,0.455947,0.298363,2.833213,0.383764,0.390417,2.376742,0
603865,中联机份,C40,2020,2.703658,70.8,1.319644,-1.487208,0,2.948896,3.04117,5.483464,3.577763,6.627856,21.281587,0.640112,-0.017589,2.890372,0.555687,0.405797,1.50472,0
603865,中联机份,C40,2021,3.188847,93.6,1.71462,1.579496,0,2.703658,3.079495,9.590931,2.397909,6.459968,21.466338,0.504752,0.389567,2.944439,0.309775,0.400512,1.984463,0
603865,中联机份,C40,2022,3.177615,109.2,1.698885,1.747535,0,3.188847,3.083672,9.371101,4.736908,6.680353,21.50556,0.602654,-0.006642,2.995732,0.463025,0.443163,2.043947,0
603865,中联机份,C40,2023,3.251266,112.2,1.752854,1.744908,1,3.177615,3.11379,8.322834,3.486352,7.019702,21.56529,0.349439,-0.370174,3.044522,0.510925,0.401545,3.141807,0
603875,科联科份,C13,2015,3.277964,106.4,1.774985,1.828186,1,,2.794721,9.558413,3.061719,6.729669,21.457537,0.255166,-0.134961,2.197225,0.384796,0.346534,3.018422,1
603875,科联科份,C13,2016,3.034002,104.4,1.589628,0.577411,1,3.277964,2.788393,7.690835,3.672823,6.59228,21.672685,0.454027,0.099714,2.302585,0.1848,0.340473,2.165237,1
603875,科联科份,C13,2017,3.26058,106.6,1.770325,2.322904,1,3.034002,2.872982,13.761487,2.874998,6.623799,21.755771,0.244111,-0.096284,2.397895,0.264182,0.382878,2.007033,1
603875,科联科份,C13,2018,3.142811,92.4,1.670237,1.169797,1,3.26058,2.83317,10.104691,3.200566,6.770586,21.991962,0.431991,0.295611,2.484907,0.348583,0.399495,2.545688,1
603875,科联科份,C13,2019,3.260046,135.8,1.776847,2.46272,1,3.142811,2.87978,13.563761,2.792296,6.742101,21.900812,0.0521,0.373597,2.564949,0.440668,0.379023,1.162983,1
603875,科联科份,C13,2020,3.244625,111.6,1.761498,2.349932,1,3.260046,2.94431,9.464854,3.925415,6.782907,21.874181,0.309375,0.184895,2.639057,0.386548,0.498838,1.886636,1
603875,科联科份,C13,2021,3.253961,116.0,1.769454,2.244145,1,3.244625,2.894888,3.476269,2.418341,6.54452,21.891997,0.536943,-0.062313,2.70805,0.430405,0.265539,1.193414,1
603875,科联科份,C13,2022,3.272707,119.4,1.782768,2.367755,1,3.253961,2.969578,12.001145,4.196431,6.814133,21.980966,0.149619,0.096094,2.772589,0.376944,0.364321,2.20842,1
603875,科联科份,C13,2023,3.254934,121.4,1.770351,2.002882,1,3.272707,3.018239,9.244265,4.85847,6.438877,22.104333,0.396472,0.24143,2.833213,0.425068,0.335142,1.283917,1
603934,智联电份,C29,2015,2.898786,63.6,1.469294,-0.172376,1,,2.710234,9.550395,4.094373,6.495562,21.21389,0.415221,0.30752,2.639057,0.36647,0.381247,2.126048,0
603934,智联电份,C29,2016,2.800896,66.8,1.400925,-1.156419,1,2.898786,2.620076,9.563165,2.414235,6.804776,21.302198,0.278341,0.087873,2.70805,0.363281,0.321056,1.860365,0
603934,智联电份,C29,2017,2.969229,74.0,1.530185,0.005436,1,2.800896,2.735547,11.02498,2.538804,6.666249,21.378064,0.291263,0.130535,2.772589,0.499813,0.408577,1.817517,0
603934,智联电份,C29,2018,2.810709,74.0,1.407693,-1.02659,1,2.969229,2.761344,8.269721,2.080754,6.472911,21.466191,0.47309,-0.053291,2.833213,0.411211,0.283728,1.979851,0
603934,智联电份,C29,2019,2.688299,65.6,1.295555,-1.364273,0,2.810709,2.788298,9.656052,2.461315,6.664706,21.740226,0.499554,-0.036414,2.890372,0.288943,0.343769,0.882975,0
603934,智联电份,C29,2020,2.592393,51.4,1.233443,-1.720703,0,2.688299,2.811809,7.446359,2.176117,6.778448,21.715768,0.38628,-0.066821,2.944439,0.22976,0.361817,3.37239,0
603934,智联电份,C29,2021,2.74288,57.4,1.35031,-1.294976,0,2.592393,2.842799,6.691793,4.621617,6.376395,21.712734,0.642825,0.025781,2.995732,0.319324,0.390491,1.223314,0
603934,智联电份,C29,2022,3.141143,85.6,1.660199,0.943283,1,2.74288,2.876541,6.51727,2.65253,6.733837,21.676407,0.516468,0.13023,3.044522,0.210531,0.412735,1.551553,0
603934,智联电份,C29,2023,3.278001,96.6,1.810171,2.642188,1,3.141143,2.933617,11.420732,2.555484,6.423793,21.794749,0.302616,-0.180156,3.091042,0.377639,0.382956,2.794402,0
603936,信联技份,C38,2015,2.629707,64.4,1.261753,-1.789887,0,,2.850891,8.651896,4.914459,6.708472,20.442369,0.40257,0.181519,2.833213,0.219115,0.413183,0.564809,0
603936,信联技份,C38,2016,2.796933,73.4,1.376787,-0.888031,0,2.629707,2.951022,9.79363,2.998711,6.37043,20.614129,0.275004,-0.04088,2.890372,0.328314,0.30184,2.649686,0
603936,信联技份,C38,2017,2.762122,65.0,1.372978,-1.012958,0,2.796933,2.933725,8.367919,3.735501,6.641827,20.805552,0.339656,0.276292,2.944439,0.127246,0.321701,1.73809,0
603936,信联技份,C38,2018,2.503478,50.4,1.1751,-2.263163,0,2.762122,2.90995,11.14038,3.082618,6.824512,20.734247,0.40737,0.056692,2.995732,0.229644,0.328704,0.681355,0
603936,信联技份,C38,2019,3.003346,83.2,1.558134,-0.005006,1,2.503478,2.885355,9.004516,3.288758,6.745929,20.855839,0.367994,0.244625,3.044522,0.172418,0.326419,2.058868,0
603936,信联技份,C38,2020,2.825957,74.4,1.40746,-1.046105,0,3.003346,2.859815,9.142485,4.951845,6.627094,20.7688,0.534971,-0.12028,3.091042,0.262361,0.433517,1.264511,0
603936,信联技份,C38,2021,2.91724,84.6,1.494557,-0.171755,0,2.825957,2.985217,12.00359,5.376724,6.510825,20.9155,0.5287,-0.054758,3.135494,0.373439,0.521861,0.833257,0
603936,信联技份,C38,2022,3.253978,99.0,1.771098,1.943035,1,2.91724,2.977329,8.847276,4.805464,6.815543,21.048117,0.515613,0.302413,3.178054,0.215884,0.411379,1.471422,0
603936,信联技份,C38,2023,2.915481,84.6,1.491142,-0.408858,0,3.253978,2.95324,13.380628,5.740731,6.719602,20.999677,0.454278,0.509539,3.218876,0.353967,0.347227,1.134233,0
603952,智联技份,C34,2015,3.268903,107.4,1.786967,2.475406,1,,2.909065,6.301493,1.939164,6.845069,24.923387,0.290026,0.53561,1.791759,0.228362,0.36703,1.285856,1
603952,智联技份,C34,2016,3.257331,125.6,1.766137,2.372919,1,3.268903,2.879863,-0.183465,1.694606,6.914414,25.010661,0.446918,0.015299,1.94591,0.217942,0.330401,2.174897,1
603952,智联技份,C34,2017,3.272138,138.0,1.782255,2.683238,1,3.257331,2.894883,3.715759,2.487385,6.917662,24.95799,0.304288,-0.130372,2.079442,0.292315,0.439575,1.277929,1
603952,智联技份,C34,2018,3.254016,135.2,1.767018,2.395009,1,3.272138,2.964294,6.58798,2.524627,6.761168,25.138138,0.477197,0.128325,2.197225,0.510568,0.357763,0.978061,1
603952,智联技份,C34,2019,3.260819,123.8,1.776508,2.450192,1,3.254016,2.997044,0.783532,4.305222,6.874746,25.107927,0.554323,0.118009,2.302585,0.244061,0.360852,1.99003,1
603952,智联技份,C34,2020,3.256467,103.2,1.768027,2.398176,1,3.260819,2.93305,1.999626,2.352522,6.623618,25.150193,0.425266,0.025755,2.397895,0.389499,0.409381,2.387732,1
603952,智联技份,C34,2021,3.262392,129.0,1.778297,2.494177,1,3.256467,3.036803,4.308348,2.705812,6.922202,25.19342,0.517928,-0.117494,2.484907,0.259211,0.375362,1.167829,1
603952,智联技份,C34,2022,3.247072,93.2,1.765095,2.39379,1,3.262392,3.09039,3.356426,4.374168,6.978976,25.329465,0.530932,-0.44873,2.564949,0.399248,0.405793,1.78692,1
603952,智联技份,C34,2023,3.249315,100.8,1.76814,2.428656,1,3.247072,3.123309,-0.145159,3.554198,6.864425,25.299065,0.519226,-0.109682,2.639057,0.137668,0.35435,1.858838,1
603991,信联机份,C27,2015,2.894016,67.0,1.46628,-0.363349,1,,2.861087,7.357577,2.540799,6.571425,22.564331,0.453369,0.128859,2.772589,0.498381,0.518846,1.162829,0
603991,信联机份,C27,2016,2.35323,42.0,1.035845,-2.551004,0,2.894016,2.884979,3.358434,3.549559,6.5051,22.611352,0.493376,0.097682,2.833213,0.407763,0.302703,1.481776,0
603991,信联机份,C27,2017,2.389241,41.8,1.08266,-2.393,0,2.35323,2.907352,8.603461,1.257622,6.634609,22.511032,0.334601,0.358431,2.890372,0.35646,0.373933,1.063568,0
603991,信联机份,C27,2018,2.52208,55.6,1.173912,-1.953325,0,2.389241,2.889813,2.976726,1.919444,6.786008,22.675925,0.742817,0.545827,2.944439,0.246661,0.345388,1.151543,0
603991,信联机份,C27,2019,2.961316,70.6,1.529075,0.409638,1,2.52208,2.941355,5.70001,2.929246,6.544008,22.713174,0.41631,-0.07449,2.995732,0.479104,0.342485,3.048416,0
603991,信联机份,C27,2020,3.003056,84.4,1.561769,0.128446,1,2.961316,2.932464,7.939476,3.269681,6.737472,22.795468,0.399482,-0.205803,3.044522,0.219438,0.379504,1.774997,0
603991,信联机份,C27,2021,3.018146,103.2,1.558169,0.396969,0,3.003056,3.063364,6.364033,2.06047,6.845104,23.042841,0.326464,0.145453,3.091042,0.276631,0.445786,2.333059,0
603991,信联机份,C27,2022,2.980545,95.4,1.549794,0.605323,0,3.018146,3.043991,2.687253,2.981371,6.623951,22.843702,0.402294,-0.05291,3.135494,0.335786,0.381458,3.074754,0
603991,信联机份,C27,2023,2.916964,90.8,1.500963,0.063184,0,2.980545,3.069654,9.091225,3.562109,6.7283,23.00415,0.233448,0.195818,3.178054,0.450288,0.402629,1.352581,0
